IMIĘ DRUGIE,PŁEĆ,LICZBA WYSTĄPIEŃ
JAN,MĘŻCZYZNA,4962
PIOTR,MĘŻCZYZNA,2953
JÓZEF,MĘŻCZYZNA,2289
STANISŁAW,MĘŻCZYZNA,2209
KRZYSZTOF,MĘŻCZYZNA,1831
MICHAŁ,MĘŻCZYZNA,1784
PAWEŁ,MĘŻCZYZNA,1605
ADAM,MĘŻCZYZNA,1499
ANDRZEJ,MĘŻCZYZNA,1459
JAKUB,MĘŻCZYZNA,1452
ALEKSANDER,MĘŻCZYZNA,1406
TOMASZ,MĘŻCZYZNA,1391
FRANCISZEK,MĘŻCZYZNA,1359
ANTONI,MĘŻCZYZNA,1330
MATEUSZ,MĘŻCZYZNA,1129
MAREK,MĘŻCZYZNA,1119
ŁUKASZ,MĘŻCZYZNA,1109
WOJCIECH,MĘŻCZYZNA,1105
JERZY,MĘŻCZYZNA,1006
TADEUSZ,MĘŻCZYZNA,1001
MARCIN,MĘŻCZYZNA,979
HENRYK,MĘŻCZYZNA,816
MIKOŁAJ,MĘŻCZYZNA,816
KAZIMIERZ,MĘŻCZYZNA,815
DAWID,MĘŻCZYZNA,769
GRZEGORZ,MĘŻCZYZNA,759
KAROL,MĘŻCZYZNA,713
SZYMON,MĘŻCZYZNA,693
MACIEJ,MĘŻCZYZNA,636
KAMIL,MĘŻCZYZNA,630
FILIP,MĘŻCZYZNA,602
RYSZARD,MĘŻCZYZNA,575
LEON,MĘŻCZYZNA,569
RAFAŁ,MĘŻCZYZNA,562
WIKTOR,MĘŻCZYZNA,541
ROBERT,MĘŻCZYZNA,531
IGNACY,MĘŻCZYZNA,519
MAKSYMILIAN,MĘŻCZYZNA,510
PATRYK,MĘŻCZYZNA,498
DOMINIK,MĘŻCZYZNA,491
ZBIGNIEW,MĘŻCZYZNA,491
KACPER,MĘŻCZYZNA,481
DARIUSZ,MĘŻCZYZNA,464
ARTUR,MĘŻCZYZNA,462
GABRIEL,MĘŻCZYZNA,457
MARIUSZ,MĘŻCZYZNA,451
JACEK,MĘŻCZYZNA,441
NIKODEM,MĘŻCZYZNA,423
DAMIAN,MĘŻCZYZNA,421
SEBASTIAN,MĘŻCZYZNA,420
DANIEL,MĘŻCZYZNA,384
EDWARD,MĘŻCZYZNA,373
ADRIAN,MĘŻCZYZNA,347
BARTOSZ,MĘŻCZYZNA,339
WŁADYSŁAW,MĘŻCZYZNA,338
STEFAN,MĘŻCZYZNA,327
MARIAN,MĘŻCZYZNA,317
ROMAN,MĘŻCZYZNA,308
JULIAN,MĘŻCZYZNA,287
BARTŁOMIEJ,MĘŻCZYZNA,286
KRYSTIAN,MĘŻCZYZNA,280
PRZEMYSŁAW,MĘŻCZYZNA,277
MIROSŁAW,MĘŻCZYZNA,262
SŁAWOMIR,MĘŻCZYZNA,261
OLIWIER,MĘŻCZYZNA,257
MARCEL,MĘŻCZYZNA,243
JANUSZ,MĘŻCZYZNA,240
ARKADIUSZ,MĘŻCZYZNA,239
JAROSŁAW,MĘŻCZYZNA,239
MIŁOSZ,MĘŻCZYZNA,232
HUBERT,MĘŻCZYZNA,225
KONRAD,MĘŻCZYZNA,220
LESZEK,MĘŻCZYZNA,209
CZESŁAW,MĘŻCZYZNA,205
IGOR,MĘŻCZYZNA,201
WIESŁAW,MĘŻCZYZNA,197
MIECZYSŁAW,MĘŻCZYZNA,197
OSKAR,MĘŻCZYZNA,193
BOGDAN,MĘŻCZYZNA,191
ZYGMUNT,MĘŻCZYZNA,180
RADOSŁAW,MĘŻCZYZNA,173
WALDEMAR,MĘŻCZYZNA,162
CEZARY,MĘŻCZYZNA,150
SYLWESTER,MĘŻCZYZNA,142
WITOLD,MĘŻCZYZNA,140
FELIKS,MĘŻCZYZNA,137
KSAWERY,MĘŻCZYZNA,134
BOGUSŁAW,MĘŻCZYZNA,131
ZDZISŁAW,MĘŻCZYZNA,128
TYMOTEUSZ,MĘŻCZYZNA,126
EMIL,MĘŻCZYZNA,124
TYMON,MĘŻCZYZNA,124
ALAN,MĘŻCZYZNA,124
NATAN,MĘŻCZYZNA,112
FABIAN,MĘŻCZYZNA,112
FLORIAN,MĘŻCZYZNA,110
IRENEUSZ,MĘŻCZYZNA,105
EUGENIUSZ,MĘŻCZYZNA,102
BRUNO,MĘŻCZYZNA,95
TEODOR,MĘŻCZYZNA,91
ALBERT,MĘŻCZYZNA,91
LUDWIK,MĘŻCZYZNA,90
BŁAŻEJ,MĘŻCZYZNA,90
ERYK,MĘŻCZYZNA,89
GUSTAW,MĘŻCZYZNA,86
KAJETAN,MĘŻCZYZNA,82
BRONISŁAW,MĘŻCZYZNA,82
BOLESŁAW,MĘŻCZYZNA,82
NORBERT,MĘŻCZYZNA,81
KONSTANTY,MĘŻCZYZNA,80
EDMUND,MĘŻCZYZNA,78
OLAF,MĘŻCZYZNA,74
LEONARD,MĘŻCZYZNA,73
SZCZEPAN,MĘŻCZYZNA,68
LUCJAN,MĘŻCZYZNA,68
MIESZKO,MĘŻCZYZNA,66
FRYDERYK,MĘŻCZYZNA,64
SEWERYN,MĘŻCZYZNA,63
BERNARD,MĘŻCZYZNA,63
LECH,MĘŻCZYZNA,59
ZENON,MĘŻCZYZNA,59
LEO,MĘŻCZYZNA,57
WINCENTY,MĘŻCZYZNA,57
BORYS,MĘŻCZYZNA,56
KORNEL,MĘŻCZYZNA,56
WŁODZIMIERZ,MĘŻCZYZNA,54
TOBIASZ,MĘŻCZYZNA,53
MILAN,MĘŻCZYZNA,51
ALEXANDER,MĘŻCZYZNA,50
ERNEST,MĘŻCZYZNA,46
WACŁAW,MĘŻCZYZNA,45
JOACHIM,MĘŻCZYZNA,45
KUBA,MĘŻCZYZNA,43
REMIGIUSZ,MĘŻCZYZNA,43
JEREMI,MĘŻCZYZNA,42
NATANIEL,MĘŻCZYZNA,41
LEW,MĘŻCZYZNA,41
MARIA,MĘŻCZYZNA,40
KORDIAN,MĘŻCZYZNA,39
SAMUEL,MĘŻCZYZNA,39
IWO,MĘŻCZYZNA,38
BENEDYKT,MĘŻCZYZNA,38
CYPRIAN,MĘŻCZYZNA,36
AMADEUSZ,MĘŻCZYZNA,36
OLGIERD,MĘŻCZYZNA,36
VINCENT,MĘŻCZYZNA,36
ROCH,MĘŻCZYZNA,36
GRACJAN,MĘŻCZYZNA,35
WALENTY,MĘŻCZYZNA,34
DAVID,MĘŻCZYZNA,33
ALEKSY,MĘŻCZYZNA,32
GERARD,MĘŻCZYZNA,32
AUGUSTYN,MĘŻCZYZNA,32
OLIVIER,MĘŻCZYZNA,31
ALEX,MĘŻCZYZNA,30
JULIUSZ,MĘŻCZYZNA,30
MARTIN,MĘŻCZYZNA,28
KOSMA,MĘŻCZYZNA,28
BOGUMIŁ,MĘŻCZYZNA,28
MAURYCY,MĘŻCZYZNA,28
BRUNON,MĘŻCZYZNA,28
ALFRED,MĘŻCZYZNA,27
LESŁAW,MĘŻCZYZNA,26
ALOJZY,MĘŻCZYZNA,26
EMANUEL,MĘŻCZYZNA,25
ALEKS,MĘŻCZYZNA,25
BENIAMIN,MĘŻCZYZNA,24
HIERONIM,MĘŻCZYZNA,23
OKTAWIAN,MĘŻCZYZNA,23
MAKSYM,MĘŻCZYZNA,22
BRAJAN,MĘŻCZYZNA,21
AUGUST,MĘŻCZYZNA,21
GNIEWOMIR,MĘŻCZYZNA,20
LEOPOLD,MĘŻCZYZNA,20
WIT,MĘŻCZYZNA,19
GNIEWKO,MĘŻCZYZNA,19
BOŻYDAR,MĘŻCZYZNA,19
MARCELI,MĘŻCZYZNA,19
KLAUDIUSZ,MĘŻCZYZNA,19
TYTUS,MĘŻCZYZNA,18
OLIVER,MĘŻCZYZNA,18
DENIS,MĘŻCZYZNA,18
MICHAEL,MĘŻCZYZNA,18
WILHELM,MĘŻCZYZNA,18
DORIAN,MĘŻCZYZNA,18
MAX,MĘŻCZYZNA,17
WAWRZYNIEC,MĘŻCZYZNA,17
RUDOLF,MĘŻCZYZNA,17
AURELIUSZ,MĘŻCZYZNA,16
JĘDRZEJ,MĘŻCZYZNA,16
JEREMIASZ,MĘŻCZYZNA,16
JOSEPH,MĘŻCZYZNA,16
ARON,MĘŻCZYZNA,15
TEOFIL,MĘŻCZYZNA,15
HUGO,MĘŻCZYZNA,15
BENJAMIN,MĘŻCZYZNA,14
JAMES,MĘŻCZYZNA,14
ROMUALD,MĘŻCZYZNA,14
MAKS,MĘŻCZYZNA,14
WINCENT,MĘŻCZYZNA,13
ALBIN,MĘŻCZYZNA,13
WILLIAM,MĘŻCZYZNA,13
RAGNAR,MĘŻCZYZNA,13
ERWIN,MĘŻCZYZNA,12
HEKTOR,MĘŻCZYZNA,12
ARIEL,MĘŻCZYZNA,12
ZIEMOWIT,MĘŻCZYZNA,12
NIKOLAS,MĘŻCZYZNA,12
KASPIAN,MĘŻCZYZNA,12
MARK,MĘŻCZYZNA,11
IZYDOR,MĘŻCZYZNA,11
PETER,MĘŻCZYZNA,11
WENANTY,MĘŻCZYZNA,11
ALI,MĘŻCZYZNA,11
SERGIUSZ,MĘŻCZYZNA,11
KEWIN,MĘŻCZYZNA,10
RAFAEL,MĘŻCZYZNA,10
EMMANUEL,MĘŻCZYZNA,10
VIKTOR,MĘŻCZYZNA,10
IVO,MĘŻCZYZNA,10
JONASZ,MĘŻCZYZNA,10
DIONIZY,MĘŻCZYZNA,10
FERDYNAND,MĘŻCZYZNA,10
AARON,MĘŻCZYZNA,10
JONATAN,MĘŻCZYZNA,10
JOZEF,MĘŻCZYZNA,10
KEVIN,MĘŻCZYZNA,9
KAI,MĘŻCZYZNA,9
SERAFIN,MĘŻCZYZNA,9
JOHN,MĘŻCZYZNA,9
SZARBEL,MĘŻCZYZNA,9
ZACHARY,MĘŻCZYZNA,9
AMBROŻY,MĘŻCZYZNA,9
OLIWER,MĘŻCZYZNA,9
LIAM,MĘŻCZYZNA,9
BALTAZAR,MĘŻCZYZNA,9
LUCJUSZ,MĘŻCZYZNA,9
EMILIAN,MĘŻCZYZNA,9
RAJMUND,MĘŻCZYZNA,9
NOEL,MĘŻCZYZNA,9
PATRICK,MĘŻCZYZNA,9
SYRIUSZ,MĘŻCZYZNA,9
MIRON,MĘŻCZYZNA,9
MAXIMILIAN,MĘŻCZYZNA,9
HERBERT,MĘŻCZYZNA,8
FELIX,MĘŻCZYZNA,8
ANTONIO,MĘŻCZYZNA,8
THOMAS,MĘŻCZYZNA,8
IWAN,MĘŻCZYZNA,8
TYBERIUSZ,MĘŻCZYZNA,8
BOHDAN,MĘŻCZYZNA,8
TEO,MĘŻCZYZNA,8
NOAH,MĘŻCZYZNA,8
NATHAN,MĘŻCZYZNA,8
KORNELIUSZ,MĘŻCZYZNA,8
BASTIAN,MĘŻCZYZNA,7
BAZYLI,MĘŻCZYZNA,7
-,MĘŻCZYZNA,7
ELIASZ,MĘŻCZYZNA,7
PAUL,MĘŻCZYZNA,7
KLEMENS,MĘŻCZYZNA,7
DOBROMIR,MĘŻCZYZNA,7
PIO,MĘŻCZYZNA,7
JORDAN,MĘŻCZYZNA,7
LEONARDO,MĘŻCZYZNA,7
GNIEWOSZ,MĘŻCZYZNA,7
JOSEF,MĘŻCZYZNA,7
VITO,MĘŻCZYZNA,7
WERNER,MĘŻCZYZNA,7
ANTHONY,MĘŻCZYZNA,7
ARNOLD,MĘŻCZYZNA,7
FELICJAN,MĘŻCZYZNA,6
AHMED,MĘŻCZYZNA,6
LUIS,MĘŻCZYZNA,6
KRZESIMIR,MĘŻCZYZNA,6
LUKAS,MĘŻCZYZNA,6
KASJAN,MĘŻCZYZNA,6
JAROMIR,MĘŻCZYZNA,6
BONIFACY,MĘŻCZYZNA,5
DMYTRO,MĘŻCZYZNA,5
KSAWIER,MĘŻCZYZNA,5
BARTEK,MĘŻCZYZNA,5
GERALT,MĘŻCZYZNA,5
JUNIOR,MĘŻCZYZNA,5
ONUFRY,MĘŻCZYZNA,5
STANISLAW,MĘŻCZYZNA,5
NICOLAS,MĘŻCZYZNA,5
LUKASZ,MĘŻCZYZNA,5
LUCAS,MĘŻCZYZNA,5
ROLAND,MĘŻCZYZNA,5
RICARDO,MĘŻCZYZNA,5
ELIAS,MĘŻCZYZNA,5
LOUIS,MĘŻCZYZNA,5
ANASTAZY,MĘŻCZYZNA,5
ZYGFRYD,MĘŻCZYZNA,5
HARRY,MĘŻCZYZNA,5
SANTIAGO,MĘŻCZYZNA,5
EFE,MĘŻCZYZNA,5
HENRY,MĘŻCZYZNA,5
MATEO,MĘŻCZYZNA,5
ANATOL,MĘŻCZYZNA,5
BJÖRN,MĘŻCZYZNA,5
ATANAZY,MĘŻCZYZNA,5
CARLOS,MĘŻCZYZNA,4
PHILIP,MĘŻCZYZNA,4
SALVADOR,MĘŻCZYZNA,4
SINGH,MĘŻCZYZNA,4
PATRYCJUSZ,MĘŻCZYZNA,4
KASPER,MĘŻCZYZNA,4
CYRYL,MĘŻCZYZNA,4
IDZI,MĘŻCZYZNA,4
JONAS,MĘŻCZYZNA,4
VICTOR,MĘŻCZYZNA,4
ZAWISZA,MĘŻCZYZNA,4
PASCAL,MĘŻCZYZNA,4
NICHOLAS,MĘŻCZYZNA,4
GERALD,MĘŻCZYZNA,4
BONAWENTURA,MĘŻCZYZNA,4
LINUS,MĘŻCZYZNA,4
ANTON,MĘŻCZYZNA,4
CHARLES,MĘŻCZYZNA,4
RICHARD,MĘŻCZYZNA,4
JUSTYN,MĘŻCZYZNA,4
RADOMIR,MĘŻCZYZNA,4
BJORN,MĘŻCZYZNA,4
MIKOLAJ,MĘŻCZYZNA,4
THEO,MĘŻCZYZNA,4
ENZO,MĘŻCZYZNA,4
JONATHAN,MĘŻCZYZNA,4
KONSTANTYN,MĘŻCZYZNA,4
JOEL,MĘŻCZYZNA,4
OLEK,MĘŻCZYZNA,4
OSCAR,MĘŻCZYZNA,4
MUHAMMAD,MĘŻCZYZNA,4
MATTHEW,MĘŻCZYZNA,4
TYCJAN,MĘŻCZYZNA,4
PAWEL,MĘŻCZYZNA,4
DRAGOMIR,MĘŻCZYZNA,4
THEODOR,MĘŻCZYZNA,4
SIMON,MĘŻCZYZNA,4
IAN,MĘŻCZYZNA,4
MASSIMO,MĘŻCZYZNA,4
IZAAK,MĘŻCZYZNA,4
ZACHARIASZ,MĘŻCZYZNA,4
LONGIN,MĘŻCZYZNA,4
JAREMA,MĘŻCZYZNA,4
WALERY,MĘŻCZYZNA,4
CEZAR,MĘŻCZYZNA,4
LUCA,MĘŻCZYZNA,4
FREDERIK,MĘŻCZYZNA,3
RAYEN,MĘŻCZYZNA,3
HIPOLIT,MĘŻCZYZNA,3
GILBERT,MĘŻCZYZNA,3
ALEXANDRE,MĘŻCZYZNA,3
MODEST,MĘŻCZYZNA,3
MIGUEL,MĘŻCZYZNA,3
MAGNUS,MĘŻCZYZNA,3
REGINALD,MĘŻCZYZNA,3
MELCHIOR,MĘŻCZYZNA,3
KRYSPIN,MĘŻCZYZNA,3
LUKA,MĘŻCZYZNA,3
APOLONIUSZ,MĘŻCZYZNA,3
RALPH,MĘŻCZYZNA,3
ARTHUR,MĘŻCZYZNA,3
CONSTANTIN,MĘŻCZYZNA,3
OLEKSANDR,MĘŻCZYZNA,3
YURII,MĘŻCZYZNA,3
BARNABA,MĘŻCZYZNA,3
SASZA,MĘŻCZYZNA,3
BENON,MĘŻCZYZNA,3
NOE,MĘŻCZYZNA,3
VALENTIN,MĘŻCZYZNA,3
NATANAEL,MĘŻCZYZNA,3
RONALD,MĘŻCZYZNA,3
VINCENZO,MĘŻCZYZNA,3
ANTOINE,MĘŻCZYZNA,3
MARKO,MĘŻCZYZNA,3
PAVLO,MĘŻCZYZNA,3
BARTLOMIEJ,MĘŻCZYZNA,3
JANUARY,MĘŻCZYZNA,3
MANUEL,MĘŻCZYZNA,3
ANDREW,MĘŻCZYZNA,3
JAVIER,MĘŻCZYZNA,3
HORACY,MĘŻCZYZNA,3
JACK,MĘŻCZYZNA,3
KEMAL,MĘŻCZYZNA,3
GINTER,MĘŻCZYZNA,3
DYLAN,MĘŻCZYZNA,3
GWIDON,MĘŻCZYZNA,3
NIKITA,MĘŻCZYZNA,3
IVAN,MĘŻCZYZNA,3
LENNART,MĘŻCZYZNA,3
EMIR,MĘŻCZYZNA,3
ELIGIUSZ,MĘŻCZYZNA,3
EDWIN,MĘŻCZYZNA,3
OREST,MĘŻCZYZNA,3
AHMAD,MĘŻCZYZNA,3
OTTO,MĘŻCZYZNA,3
GEORGE,MĘŻCZYZNA,3
YUSUF,MĘŻCZYZNA,3
LUDWIG,MĘŻCZYZNA,3
OKTAWIUSZ,MĘŻCZYZNA,3
ZION,MĘŻCZYZNA,3
WALTER,MĘŻCZYZNA,3
XAWERY,MĘŻCZYZNA,3
ARIAN,MĘŻCZYZNA,3
ERIC,MĘŻCZYZNA,3
SERHII,MĘŻCZYZNA,3
AXEL,MĘŻCZYZNA,3
ŁUCJAN,MĘŻCZYZNA,3
EDGAR,MĘŻCZYZNA,3
SAMBOR,MĘŻCZYZNA,3
EGE,MĘŻCZYZNA,3
LEONID,MĘŻCZYZNA,3
URIEL,MĘŻCZYZNA,3
CHRISTOPHER,MĘŻCZYZNA,3
MARKUS,MĘŻCZYZNA,3
SAMSON,MĘŻCZYZNA,2
GORDON,MĘŻCZYZNA,2
ANDRÉS,MĘŻCZYZNA,2
JOZUE,MĘŻCZYZNA,2
DENYS,MĘŻCZYZNA,2
ETHAN,MĘŻCZYZNA,2
PAOLO,MĘŻCZYZNA,2
CHRIS,MĘŻCZYZNA,2
JOHAN,MĘŻCZYZNA,2
FRANK,MĘŻCZYZNA,2
JURAND,MĘŻCZYZNA,2
JUN,MĘŻCZYZNA,2
JACOB,MĘŻCZYZNA,2
LORD,MĘŻCZYZNA,2
NARCYZ,MĘŻCZYZNA,2
ANDRÉ,MĘŻCZYZNA,2
MANFRED,MĘŻCZYZNA,2
ALEN,MĘŻCZYZNA,2
YASIN,MĘŻCZYZNA,2
STEPHEN,MĘŻCZYZNA,2
ANDREA,MĘŻCZYZNA,2
BRAYAN,MĘŻCZYZNA,2
KARIM,MĘŻCZYZNA,2
BEN,MĘŻCZYZNA,2
JORGE,MĘŻCZYZNA,2
ABRAHAM,MĘŻCZYZNA,2
RAFAL,MĘŻCZYZNA,2
NORMAN,MĘŻCZYZNA,2
HASAN,MĘŻCZYZNA,2
MERT,MĘŻCZYZNA,2
JASON,MĘŻCZYZNA,2
ROGER,MĘŻCZYZNA,2
NIKI,MĘŻCZYZNA,2
JUDA,MĘŻCZYZNA,2
ANDREAS,MĘŻCZYZNA,2
ADEM,MĘŻCZYZNA,2
ANZELM,MĘŻCZYZNA,2
ALESSIO,MĘŻCZYZNA,2
REN,MĘŻCZYZNA,2
JUDE,MĘŻCZYZNA,2
HENRIK,MĘŻCZYZNA,2
COLIN,MĘŻCZYZNA,2
BEAR,MĘŻCZYZNA,2
ALEXANDROS,MĘŻCZYZNA,2
STANISLAS,MĘŻCZYZNA,2
ORFEUSZ,MĘŻCZYZNA,2
SAAD,MĘŻCZYZNA,2
ANDRII,MĘŻCZYZNA,2
ELVIS,MĘŻCZYZNA,2
DOMINIC,MĘŻCZYZNA,2
AUGUSTIN,MĘŻCZYZNA,2
LAMBERT,MĘŻCZYZNA,2
MILO,MĘŻCZYZNA,2
JOHANN,MĘŻCZYZNA,2
FERNANDO,MĘŻCZYZNA,2
HARVEY,MĘŻCZYZNA,2
DONAT,MĘŻCZYZNA,2
ZDZISLAW,MĘŻCZYZNA,2
ZAYN,MĘŻCZYZNA,2
GREGOR,MĘŻCZYZNA,2
CALEB,MĘŻCZYZNA,2
ELIJAH,MĘŻCZYZNA,2
KHALED,MĘŻCZYZNA,2
IZAJASZ,MĘŻCZYZNA,2
MAURICE,MĘŻCZYZNA,2
SERGIO,MĘŻCZYZNA,2
ODYSEUSZ,MĘŻCZYZNA,2
CHRYSTIAN,MĘŻCZYZNA,2
ALEK,MĘŻCZYZNA,2
NATHANAEL,MĘŻCZYZNA,2
ARDA,MĘŻCZYZNA,2
RAPHAEL,MĘŻCZYZNA,2
TONY,MĘŻCZYZNA,2
EWARYST,MĘŻCZYZNA,2
CHRISTOPH,MĘŻCZYZNA,2
MARIO,MĘŻCZYZNA,2
ANDŻELO,MĘŻCZYZNA,2
MAXIME,MĘŻCZYZNA,2
NIKO,MĘŻCZYZNA,2
BRIAN,MĘŻCZYZNA,2
SAUL,MĘŻCZYZNA,2
FELIPE,MĘŻCZYZNA,2
WITALIS,MĘŻCZYZNA,2
TYLER,MĘŻCZYZNA,2
DAMAZY,MĘŻCZYZNA,2
ALEXY,MĘŻCZYZNA,2
ZBYSZKO,MĘŻCZYZNA,2
RENE,MĘŻCZYZNA,2
WOJTEK,MĘŻCZYZNA,2
DENNIS,MĘŻCZYZNA,2
MARCO,MĘŻCZYZNA,2
JURIJ,MĘŻCZYZNA,2
KAJ,MĘŻCZYZNA,2
STANLEY,MĘŻCZYZNA,2
CONAN,MĘŻCZYZNA,2
DIEGO,MĘŻCZYZNA,2
ANATOLI,MĘŻCZYZNA,2
WALERIAN,MĘŻCZYZNA,2
MICHAL,MĘŻCZYZNA,2
ALEKSANDR,MĘŻCZYZNA,2
ALEJANDRO,MĘŻCZYZNA,2
WOLFGANG,MĘŻCZYZNA,2
ORLANDO,MĘŻCZYZNA,2
ILYA,MĘŻCZYZNA,2
MIŁOSŁAW,MĘŻCZYZNA,2
FLORIN,MĘŻCZYZNA,2
WIEŃCZYSŁAW,MĘŻCZYZNA,2
LOKI,MĘŻCZYZNA,2
ZDOBYSŁAW,MĘŻCZYZNA,2
RADEK,MĘŻCZYZNA,2
MAXYMILIAN,MĘŻCZYZNA,2
AIDAN,MĘŻCZYZNA,2
DITER,MĘŻCZYZNA,2
VITALII,MĘŻCZYZNA,2
OLEH,MĘŻCZYZNA,2
MAXIMUS,MĘŻCZYZNA,2
SAM,MĘŻCZYZNA,2
AYAZ,MĘŻCZYZNA,2
MICHEL,MĘŻCZYZNA,2
WINICJUSZ,MĘŻCZYZNA,2
OMAR,MĘŻCZYZNA,2
SASHA,MĘŻCZYZNA,2
FÉLIX,MĘŻCZYZNA,2
MUNACHIMSO,MĘŻCZYZNA,2
KYLIAN,MĘŻCZYZNA,2
JOSE,MĘŻCZYZNA,2
GUSTAV,MĘŻCZYZNA,2
PRAKASH,MĘŻCZYZNA,2
ILLIA,MĘŻCZYZNA,2
FEDERICO,MĘŻCZYZNA,2
NATHANIEL,MĘŻCZYZNA,2
VOLODYMYR,MĘŻCZYZNA,2
SANTOS,MĘŻCZYZNA,2
NICO,MĘŻCZYZNA,2
THOR,MĘŻCZYZNA,2
JOSHUA,MĘŻCZYZNA,2
MOHAMED,MĘŻCZYZNA,2
DENIZ,MĘŻCZYZNA,2
ARMIN,MĘŻCZYZNA,2
JAKOB,MĘŻCZYZNA,2
ORION,MĘŻCZYZNA,2
ANGELO,MĘŻCZYZNA,2
GIUSEPPE,MĘŻCZYZNA,2
TERENCE,MĘŻCZYZNA,2
CELESTYN,MĘŻCZYZNA,2
LECHOSŁAW,MĘŻCZYZNA,2
APOLINARY,MĘŻCZYZNA,2
RADZIMIR,MĘŻCZYZNA,2
MATHIAS,MĘŻCZYZNA,2
ANTONIUSZ,MĘŻCZYZNA,2
DOBROSŁAW,MĘŻCZYZNA,2
PIERRE,MĘŻCZYZNA,2
BOGUSZ,MĘŻCZYZNA,2
YODA,MĘŻCZYZNA,2
CHRISTIAN,MĘŻCZYZNA,2
ZBYSŁAW,MĘŻCZYZNA,2
LIONEL,MĘŻCZYZNA,2
