IMIĘ_PIERWSZE,PŁEĆ,LICZBA_WYSTĄPIEŃ
ZUZANNA,KOBIETA,8456
JULIA,KOBIETA,8189
ZOFIA,KOBIETA,7737
MAJA,KOBIETA,7435
HANNA,KOBIETA,7382
LENA,KOBIETA,6815
ALICJA,KOBIETA,5229
MARIA,KOBIETA,5139
OLIWIA,KOBIETA,4858
AMELIA,KOBIETA,4732
WIKTORIA,KOBIETA,4125
ALEKSANDRA,KOBIETA,4025
ANTONINA,KOBIETA,4013
LAURA,KOBIETA,3938
EMILIA,KOBIETA,3871
POLA,KOBIETA,3657
MARCELINA,KOBIETA,3341
NATALIA,KOBIETA,3277
LILIANA,KOBIETA,3154
IGA,KOBIETA,3042
HELENA,KOBIETA,2994
MICHALINA,KOBIETA,2847
GABRIELA,KOBIETA,2717
ANNA,KOBIETA,2516
NADIA,KOBIETA,2506
KLARA,KOBIETA,2433
KORNELIA,KOBIETA,2357
MILENA,KOBIETA,2157
JAGODA,KOBIETA,1945
ŁUCJA,KOBIETA,1873
MARTYNA,KOBIETA,1838
NIKOLA,KOBIETA,1814
NELA,KOBIETA,1748
KAJA,KOBIETA,1743
BLANKA,KOBIETA,1687
BARBARA,KOBIETA,1535
WERONIKA,KOBIETA,1492
ANASTAZJA,KOBIETA,1445
NINA,KOBIETA,1423
KAROLINA,KOBIETA,1409
AGATA,KOBIETA,1391
LILIANNA,KOBIETA,1291
MAGDALENA,KOBIETA,1255
MATYLDA,KOBIETA,1089
KINGA,KOBIETA,1050
ANIELA,KOBIETA,1028
SARA,KOBIETA,989
MIA,KOBIETA,980
RÓŻA,KOBIETA,888
KALINA,KOBIETA,857
IZABELA,KOBIETA,840
MAŁGORZATA,KOBIETA,804
JOANNA,KOBIETA,788
PAULINA,KOBIETA,764
ELIZA,KOBIETA,760
ADRIANNA,KOBIETA,751
ROZALIA,KOBIETA,725
KATARZYNA,KOBIETA,702
MARIANNA,KOBIETA,664
EWA,KOBIETA,653
MARTA,KOBIETA,630
MELANIA,KOBIETA,624
URSZULA,KOBIETA,604
LIDIA,KOBIETA,588
DOMINIKA,KOBIETA,583
AURELIA,KOBIETA,579
LIWIA,KOBIETA,557
PATRYCJA,KOBIETA,545
KLAUDIA,KOBIETA,527
MALWINA,KOBIETA,521
BIANKA,KOBIETA,483
OLGA,KOBIETA,450
GAJA,KOBIETA,421
ZOJA,KOBIETA,419
DARIA,KOBIETA,418
DOROTA,KOBIETA,396
KAMILA,KOBIETA,362
JAGNA,KOBIETA,341
APOLONIA,KOBIETA,340
WANDA,KOBIETA,340
IDA,KOBIETA,337
MARIKA,KOBIETA,336
DIANA,KOBIETA,330
ELENA,KOBIETA,327
ADA,KOBIETA,327
DAGMARA,KOBIETA,295
OLIVIA,KOBIETA,275
RITA,KOBIETA,266
ROKSANA,KOBIETA,262
STEFANIA,KOBIETA,249
AGNIESZKA,KOBIETA,249
INGA,KOBIETA,246
SANDRA,KOBIETA,239
LILIA,KOBIETA,227
JADWIGA,KOBIETA,223
LEA,KOBIETA,221
EMMA,KOBIETA,217
LUIZA,KOBIETA,208
SOFIA,KOBIETA,202
JOWITA,KOBIETA,193
JULITA,KOBIETA,191
MONIKA,KOBIETA,183
NEL,KOBIETA,178
JUSTYNA,KOBIETA,176
MARLENA,KOBIETA,176
JANINA,KOBIETA,175
NATASZA,KOBIETA,175
ELŻBIETA,KOBIETA,174
KARINA,KOBIETA,174
ADELA,KOBIETA,173
LARA,KOBIETA,170
CELINA,KOBIETA,161
LILA,KOBIETA,159
TOLA,KOBIETA,155
JAŚMINA,KOBIETA,152
SONIA,KOBIETA,148
VICTORIA,KOBIETA,147
ALINA,KOBIETA,144
EWELINA,KOBIETA,135
FELICJA,KOBIETA,133
ANITA,KOBIETA,132
IZABELLA,KOBIETA,130
KRYSTYNA,KOBIETA,127
JULIANNA,KOBIETA,124
JUDYTA,KOBIETA,117
ESTERA,KOBIETA,117
VANESSA,KOBIETA,114
NOEMI,KOBIETA,113
KONSTANCJA,KOBIETA,111
MAYA,KOBIETA,108
FAUSTYNA,KOBIETA,104
NICOLA,KOBIETA,103
SABINA,KOBIETA,100
OTYLIA,KOBIETA,100
PAULA,KOBIETA,99
MILA,KOBIETA,94
ANTONIA,KOBIETA,91
IRENA,KOBIETA,88
LIVIA,KOBIETA,86
FLORENTYNA,KOBIETA,81
ADRIANA,KOBIETA,79
INKA,KOBIETA,76
OKTAWIA,KOBIETA,75
GLORIA,KOBIETA,74
INES,KOBIETA,74
TERESA,KOBIETA,73
FRANCISZKA,KOBIETA,72
AMANDA,KOBIETA,72
MALINA,KOBIETA,70
TAMARA,KOBIETA,70
SYLWIA,KOBIETA,69
OLA,KOBIETA,68
LUCYNA,KOBIETA,64
KLEMENTYNA,KOBIETA,64
EDYTA,KOBIETA,63
EMILY,KOBIETA,59
VIKTORIA,KOBIETA,59
NICOLE,KOBIETA,58
ARIANA,KOBIETA,58
MAGDA,KOBIETA,56
SOPHIA,KOBIETA,56
MILANA,KOBIETA,54
HONORATA,KOBIETA,52
DANUTA,KOBIETA,51
TATIANA,KOBIETA,49
JESSICA,KOBIETA,49
JANA,KOBIETA,49
MIRA,KOBIETA,49
KIRA,KOBIETA,47
SAMANTA,KOBIETA,47
ROMA,KOBIETA,47
ANETA,KOBIETA,47
LETYCJA,KOBIETA,45
AURORA,KOBIETA,45
JÓZEFINA,KOBIETA,43
MIRIAM,KOBIETA,43
BEATA,KOBIETA,43
HALINA,KOBIETA,43
NAOMI,KOBIETA,42
ANGELIKA,KOBIETA,42
IRMINA,KOBIETA,41
POLINA,KOBIETA,41
STELLA,KOBIETA,41
MARCJANNA,KOBIETA,40
DOBRAWA,KOBIETA,40
SOPHIE,KOBIETA,40
CARMEN,KOBIETA,39
ALISA,KOBIETA,38
MELISA,KOBIETA,36
OLIMPIA,KOBIETA,36
NELIA,KOBIETA,36
ZOE,KOBIETA,36
CECYLIA,KOBIETA,36
ILONA,KOBIETA,35
NELLA,KOBIETA,35
LARYSA,KOBIETA,34
HANA,KOBIETA,33
DALIA,KOBIETA,32
WANESSA,KOBIETA,31
ANDŻELIKA,KOBIETA,31
ANASTASIA,KOBIETA,31
MARINA,KOBIETA,31
BOGNA,KOBIETA,31
MELISSA,KOBIETA,30
WIOLETTA,KOBIETA,30
MARCELA,KOBIETA,29
IWONA,KOBIETA,29
IDALIA,KOBIETA,29
LIA,KOBIETA,29
SOFIJA,KOBIETA,29
ABIGAIL,KOBIETA,28
LILY,KOBIETA,28
EVA,KOBIETA,28
LILLY,KOBIETA,27
JOLANTA,KOBIETA,27
LUNA,KOBIETA,26
KSENIA,KOBIETA,26
MARIETTA,KOBIETA,25
ZLATA,KOBIETA,25
LEILA,KOBIETA,25
LILLA,KOBIETA,25
SOFIIA,KOBIETA,25
HIACYNTA,KOBIETA,25
BIANCA,KOBIETA,24
BOGUMIŁA,KOBIETA,24
LAILA,KOBIETA,24
INEZ,KOBIETA,24
GRETA,KOBIETA,23
NASTIA,KOBIETA,23
JASMINA,KOBIETA,23
NIKOL,KOBIETA,23
MARYLA,KOBIETA,22
ANIKA,KOBIETA,22
SELENA,KOBIETA,22
LILI,KOBIETA,22
WALERIA,KOBIETA,22
ELEONORA,KOBIETA,21
GABRIELLA,KOBIETA,21
BERENIKA,KOBIETA,21
ALEXANDRA,KOBIETA,21
VERONIKA,KOBIETA,21
HALSZKA,KOBIETA,20
SARAH,KOBIETA,20
CLARA,KOBIETA,20
ALICE,KOBIETA,19
MARZENA,KOBIETA,19
DANIELA,KOBIETA,19
INA,KOBIETA,19
MIRELLA,KOBIETA,19
ARINA,KOBIETA,19
NIKA,KOBIETA,19
HANNAH,KOBIETA,19
LAYLA,KOBIETA,18
ZOYA,KOBIETA,18
ADELINA,KOBIETA,18
LEYLA,KOBIETA,18
IZA,KOBIETA,18
KAYA,KOBIETA,17
ZUZA,KOBIETA,17
GAIA,KOBIETA,17
ISABELLA,KOBIETA,16
MICHELLE,KOBIETA,16
STANISŁAWA,KOBIETA,16
DOBROSŁAWA,KOBIETA,16
ELLA,KOBIETA,16
FLORA,KOBIETA,15
OFELIA,KOBIETA,15
VIVIEN,KOBIETA,15
MIJA,KOBIETA,14
NOELIA,KOBIETA,14
WANESA,KOBIETA,14
ELISA,KOBIETA,14
MIŁOSŁAWA,KOBIETA,14
NELLY,KOBIETA,14
CHLOE,KOBIETA,13
LINDA,KOBIETA,13
LEOKADIA,KOBIETA,13
DOBROMIŁA,KOBIETA,13
LUKRECJA,KOBIETA,13
NELL,KOBIETA,13
CHARLOTTE,KOBIETA,13
ZOSIA,KOBIETA,13
DAGNA,KOBIETA,13
BOŻENA,KOBIETA,13
ASTRID,KOBIETA,12
NATALIE,KOBIETA,12
NADZIEJA,KOBIETA,12
BALBINA,KOBIETA,12
AMINA,KOBIETA,12
AMIRA,KOBIETA,12
LUDWIKA,KOBIETA,12
ARIANNA,KOBIETA,12
SABRINA,KOBIETA,12
LUDMIŁA,KOBIETA,12
JASMINE,KOBIETA,12
EMILIIA,KOBIETA,12
ARLETA,KOBIETA,12
LUCY,KOBIETA,11
PAMELA,KOBIETA,11
MIROSŁAWA,KOBIETA,11
KARMEN,KOBIETA,11
DOBROCHNA,KOBIETA,11
ELIANA,KOBIETA,11
BERNADETA,KOBIETA,11
MARIIA,KOBIETA,11
KATIA,KOBIETA,11
MAJKA,KOBIETA,11
ARIADNA,KOBIETA,11
ARIA,KOBIETA,10
ORIANA,KOBIETA,10
ANGELINA,KOBIETA,10
MARIOLA,KOBIETA,10
KAYLA,KOBIETA,10
DEBORA,KOBIETA,10
LARISA,KOBIETA,10
DAJANA,KOBIETA,10
ELWIRA,KOBIETA,10
ANATOLA,KOBIETA,10
MARITA,KOBIETA,10
MATILDA,KOBIETA,10
OLENA,KOBIETA,10
ALICIA,KOBIETA,10
LILLI,KOBIETA,10
AYLA,KOBIETA,10
OKSANA,KOBIETA,10
HANIA,KOBIETA,10
ISMENA,KOBIETA,10
NAWOJKA,KOBIETA,10
JASMIN,KOBIETA,10
LISA,KOBIETA,10
EVELINA,KOBIETA,9
LINA,KOBIETA,9
JULIANA,KOBIETA,9
DARYNA,KOBIETA,9
MELANIE,KOBIETA,9
ADELAJDA,KOBIETA,9
BELLA,KOBIETA,9
GRACJA,KOBIETA,9
CATALEYA,KOBIETA,9
VERONICA,KOBIETA,9
CORNELIA,KOBIETA,9
SOLOMIIA,KOBIETA,9
MARTINA,KOBIETA,9
MIKA,KOBIETA,9
KATERYNA,KOBIETA,9
MELA,KOBIETA,9
ŻANETA,KOBIETA,9
LEONIA,KOBIETA,9
ANABELLA,KOBIETA,9
KORA,KOBIETA,9
MANUELA,KOBIETA,9
ROSE,KOBIETA,8
ALENA,KOBIETA,8
MARYAM,KOBIETA,8
SOLOMIJA,KOBIETA,8
YASMIN,KOBIETA,8
AMY,KOBIETA,8
ILIANA,KOBIETA,8
ELIZABETH,KOBIETA,8
DŻESIKA,KOBIETA,8
CLAUDIA,KOBIETA,8
ANA,KOBIETA,8
VALENTINA,KOBIETA,8
KATALEJA,KOBIETA,8
KAMELIA,KOBIETA,8
MARGARITA,KOBIETA,8
JENNIFER,KOBIETA,8
JANKA,KOBIETA,8
RENATA,KOBIETA,7
ELINA,KOBIETA,7
MIRELA,KOBIETA,7
CYNTIA,KOBIETA,7
ANASTASIIA,KOBIETA,7
KIARA,KOBIETA,7
FREYA,KOBIETA,7
BRYGIDA,KOBIETA,7
OLEKSANDRA,KOBIETA,7
SALMA,KOBIETA,7
LARISSA,KOBIETA,7
FILOMENA,KOBIETA,7
FLORENCJA,KOBIETA,7
WALENTYNA,KOBIETA,7
SUSANNA,KOBIETA,7
ERIKA,KOBIETA,7
LUISA,KOBIETA,7
SAMIRA,KOBIETA,7
LIJA,KOBIETA,7
VIVIENNE,KOBIETA,7
LEAH,KOBIETA,6
YEVA,KOBIETA,6
KAREN,KOBIETA,6
ANDREA,KOBIETA,6
ERYKA,KOBIETA,6
FRANCESCA,KOBIETA,6
RACHELA,KOBIETA,6
NELI,KOBIETA,6
KASANDRA,KOBIETA,6
FRIDA,KOBIETA,6
ŻAKLINA,KOBIETA,6
ANATOLIA,KOBIETA,6
ALIA,KOBIETA,6
MIIA,KOBIETA,6
VALERIA,KOBIETA,6
MALIKA,KOBIETA,6
LORENA,KOBIETA,6
LEJLA,KOBIETA,6
MAIA,KOBIETA,6
ELIZAVETA,KOBIETA,6
CIRILLA,KOBIETA,6
SIMONA,KOBIETA,6
CAROLINA,KOBIETA,6
MARIE,KOBIETA,6
FLAWIA,KOBIETA,6
CELESTYNA,KOBIETA,6
ANGELA,KOBIETA,6
LUCIA,KOBIETA,6
MELODY,KOBIETA,6
YANA,KOBIETA,6
MARYNA,KOBIETA,5
KRISTINA,KOBIETA,5
WIWIANA,KOBIETA,5
CHIARA,KOBIETA,5
KAIA,KOBIETA,5
AYA,KOBIETA,5
KARLA,KOBIETA,5
SUZANNA,KOBIETA,5
HOLLY,KOBIETA,5
LIGIA,KOBIETA,5
AIDA,KOBIETA,5
MOLLY,KOBIETA,5
AMELIE,KOBIETA,5
MIRANDA,KOBIETA,5
MARY,KOBIETA,5
CARMELA,KOBIETA,5
BLANCA,KOBIETA,5
VERA,KOBIETA,5
ZOË,KOBIETA,5
MEGAN,KOBIETA,5
DARINA,KOBIETA,5
POLIANNA,KOBIETA,5
GRAŻYNA,KOBIETA,5
ALESSIA,KOBIETA,5
LIZA,KOBIETA,5
VIVIAN,KOBIETA,5
GRACJANA,KOBIETA,5
PIA,KOBIETA,5
ŻYWIA,KOBIETA,5
LEIA,KOBIETA,5
MALENA,KOBIETA,5
EUNIKA,KOBIETA,5
WIOLETA,KOBIETA,5
ALMA,KOBIETA,5
ELLIE,KOBIETA,5
TINA,KOBIETA,4
FELICYTA,KOBIETA,4
MARGARYTA,KOBIETA,4
PATRICIA,KOBIETA,4
ROSIE,KOBIETA,4
EMILA,KOBIETA,4
AMARA,KOBIETA,4
NOA,KOBIETA,4
ANASTASIYA,KOBIETA,4
BOGUSŁAWA,KOBIETA,4
ZARINA,KOBIETA,4
WERA,KOBIETA,4
OCTAVIA,KOBIETA,4
IVANKA,KOBIETA,4
VARVARA,KOBIETA,4
LUCJA,KOBIETA,4
FELICIA,KOBIETA,4
ARYA,KOBIETA,4
WARWARA,KOBIETA,4
ULYANA,KOBIETA,4
MARYSIA,KOBIETA,4
ARLETTA,KOBIETA,4
RUTA,KOBIETA,4
REGINA,KOBIETA,4
ANASTASIJA,KOBIETA,4
NADINE,KOBIETA,4
FLORIANNA,KOBIETA,4
DONATA,KOBIETA,4
CHANEL,KOBIETA,4
ULIANA,KOBIETA,4
NELLI,KOBIETA,4
NICOL,KOBIETA,4
ZYTA,KOBIETA,4
YELYZAVETA,KOBIETA,4
AMAYA,KOBIETA,4
NATASHA,KOBIETA,4
ZLATOSLAVA,KOBIETA,4
JESSIKA,KOBIETA,4
NAIRA,KOBIETA,4
RADOCHNA,KOBIETA,4
RUT,KOBIETA,4
FLORIANA,KOBIETA,4
SOFIE,KOBIETA,4
GIULIA,KOBIETA,4
BRONISŁAWA,KOBIETA,4
SALOMEA,KOBIETA,4
EMANUELA,KOBIETA,4
REBEKA,KOBIETA,4
KATJA,KOBIETA,4
CARLA,KOBIETA,4
MILLA,KOBIETA,4
ARIELA,KOBIETA,4
KASJANA,KOBIETA,4
DARIIA,KOBIETA,3
KAMILLA,KOBIETA,3
YASMINE,KOBIETA,3
CAMILLA,KOBIETA,3
IRINA,KOBIETA,3
ROSALIA,KOBIETA,3
CLEO,KOBIETA,3
FLORENCE,KOBIETA,3
ELENI,KOBIETA,3
ZULA,KOBIETA,3
INESSA,KOBIETA,3
SASKIA,KOBIETA,3
ISABELA,KOBIETA,3
AYLIN,KOBIETA,3
SYNTIA,KOBIETA,3
ZARA,KOBIETA,3
JAGIENKA,KOBIETA,3
LEONIE,KOBIETA,3
VIRA,KOBIETA,3
BRUNA,KOBIETA,3
LILIT,KOBIETA,3
SOFI,KOBIETA,3
AN NHIEN,KOBIETA,3
MIŁA,KOBIETA,3
DĄBRÓWKA,KOBIETA,3
ELISABETH,KOBIETA,3
MIŁOCHNA,KOBIETA,3
MIŁKA,KOBIETA,3
IRIS,KOBIETA,3
ARMINA,KOBIETA,3
EMILI,KOBIETA,3
MALAK,KOBIETA,3
MERCEDES,KOBIETA,3
MARIJA,KOBIETA,3
DINA,KOBIETA,3
SIENA,KOBIETA,3
SUMAJA,KOBIETA,3
ALISHA,KOBIETA,3
MARIETA,KOBIETA,3
NASTAZJA,KOBIETA,3
WIERA,KOBIETA,3
THEA,KOBIETA,3
FREJA,KOBIETA,3
VIKTÓRIA,KOBIETA,3
SUZANA,KOBIETA,3
ISABEL,KOBIETA,3
MARIAM,KOBIETA,3
CONSTANCE,KOBIETA,3
LILIANE,KOBIETA,3
LATOYA,KOBIETA,3
SORAJA,KOBIETA,3
YASMINA,KOBIETA,3
JÓZEFA,KOBIETA,3
SCARLETT,KOBIETA,3
TIFFANY,KOBIETA,3
ZOÉ,KOBIETA,3
ORINA,KOBIETA,3
BOGDANA,KOBIETA,3
ALONA,KOBIETA,3
HELEN,KOBIETA,3
KHRYSTYNA,KOBIETA,3
SEMILIANA,KOBIETA,3
CLAIRE,KOBIETA,3
ANNABELLA,KOBIETA,3
LUANA,KOBIETA,3
SAMANTHA,KOBIETA,3
OLIVIIA,KOBIETA,3
LATIKA,KOBIETA,3
GALA,KOBIETA,3
MIYA,KOBIETA,3
TEODOZJA,KOBIETA,3
ROKSOLANA,KOBIETA,3
ANABEL,KOBIETA,3
EULALIA,KOBIETA,3
XENIA,KOBIETA,3
ROSALIE,KOBIETA,3
KATERINA,KOBIETA,3
AALIYAH,KOBIETA,3
ERIN,KOBIETA,3
TULIA,KOBIETA,3
ELIF,KOBIETA,3
ALANA,KOBIETA,3
AISHA,KOBIETA,3
VIVIANNA,KOBIETA,3
RAISA,KOBIETA,3
ULA,KOBIETA,3
BASIA,KOBIETA,3
ULJANA,KOBIETA,3
DELIA,KOBIETA,3
CHLOÉ,KOBIETA,3
NADIJA,KOBIETA,3
ELEANOR,KOBIETA,3
MONICA,KOBIETA,3
MEGHAN,KOBIETA,3
GIA HAN,KOBIETA,3
BAO ANH,KOBIETA,3
LEONTYNA,KOBIETA,2
NIA,KOBIETA,2
GRACE,KOBIETA,2
KATHRYN,KOBIETA,2
ELLEN,KOBIETA,2
PAOLA,KOBIETA,2
MASHA,KOBIETA,2
TALIA,KOBIETA,2
KLEOPATRA,KOBIETA,2
GUO,KOBIETA,2
MARHARYTA,KOBIETA,2
SHANAYA,KOBIETA,2
OTOLIA,KOBIETA,2
KAROLA,KOBIETA,2
ROSA,KOBIETA,2
TEREZA,KOBIETA,2
CLEMENTINE,KOBIETA,2
HAYA,KOBIETA,2
LETICIA,KOBIETA,2
AVRORA,KOBIETA,2
APOLLONIA,KOBIETA,2
LANA,KOBIETA,2
ANAYA,KOBIETA,2
ANASTAZIA,KOBIETA,2
ODETA,KOBIETA,2
JEWA,KOBIETA,2
IVY,KOBIETA,2
KHANIFA,KOBIETA,2
JOHANNA,KOBIETA,2
TAJA,KOBIETA,2
TILDA,KOBIETA,2
LIDIANA,KOBIETA,2
CELIA,KOBIETA,2
SOFÍA,KOBIETA,2
DILARA,KOBIETA,2
MARCJA,KOBIETA,2
AMBER,KOBIETA,2
LEXI,KOBIETA,2
ALA,KOBIETA,2
CECILIA,KOBIETA,2
TOSIA,KOBIETA,2
ZEYNEP,KOBIETA,2
KATRINA,KOBIETA,2
MALIA,KOBIETA,2
AMALIA,KOBIETA,2
KAZIMIERA,KOBIETA,2
THUC ANH,KOBIETA,2
INGRID,KOBIETA,2
LUSI,KOBIETA,2
ANUNGOO,KOBIETA,2
MIROSLAWA,KOBIETA,2
MINE,KOBIETA,2
DOROTHY,KOBIETA,2
ZUZIA,KOBIETA,2
ANNABELLE,KOBIETA,2
ELEN,KOBIETA,2
ZORIANA,KOBIETA,2
BEATRICE,KOBIETA,2
MYROSLAVA,KOBIETA,2
GAYA,KOBIETA,2
MILLIE,KOBIETA,2
EUGENIA,KOBIETA,2
MARIYA,KOBIETA,2
DANIELLA,KOBIETA,2
CELINE,KOBIETA,2
LUCÍA,KOBIETA,2
YOANNA,KOBIETA,2
GENEVA,KOBIETA,2
HARPER,KOBIETA,2
BERNADETTA,KOBIETA,2
LOLA,KOBIETA,2
NALA,KOBIETA,2
JAGA,KOBIETA,2
SELINA,KOBIETA,2
ANH THU,KOBIETA,2
ELIZAWETA,KOBIETA,2
AISZA,KOBIETA,2
KENZA,KOBIETA,2
MINH ANH,KOBIETA,2
NIKITA,KOBIETA,2
MATHILDE,KOBIETA,2
POPPY,KOBIETA,2
TEKLA,KOBIETA,2
ALEXA,KOBIETA,2
MARIELLA,KOBIETA,2
CZESŁAWA,KOBIETA,2
VALERIIA,KOBIETA,2
MEDINA,KOBIETA,2
BOZENA,KOBIETA,2
ALMIRA,KOBIETA,2
VIVIANA,KOBIETA,2
FIONA,KOBIETA,2
TULA,KOBIETA,2
ELOISE,KOBIETA,2
NEFES,KOBIETA,2
AVA,KOBIETA,2
CHARLOTTA,KOBIETA,2
GLAFIRA,KOBIETA,2
LENKA,KOBIETA,2
HANYU,KOBIETA,2
JOSEPHINE,KOBIETA,2
MADINA,KOBIETA,2
MARISA,KOBIETA,2
ANABELL,KOBIETA,2
ZUZANA,KOBIETA,2
SELMA,KOBIETA,2
ALICYA,KOBIETA,2
SAFIYA,KOBIETA,2
ALBINA,KOBIETA,2
WIESŁAWA,KOBIETA,2
AILIN,KOBIETA,2
EMA,KOBIETA,2
ALBA,KOBIETA,2
CASSANDRA,KOBIETA,2
RAMONA,KOBIETA,2
PAVLINA,KOBIETA,2
ADÉLA,KOBIETA,2
ALITA,KOBIETA,2
LUBA,KOBIETA,2
LUCIE,KOBIETA,2
BOHDANA,KOBIETA,2
EMMY,KOBIETA,2
ARSENIA,KOBIETA,2
QUYNH CHI,KOBIETA,2
YAROSLAVA,KOBIETA,2
AUGUSTYNA,KOBIETA,2
MATILDE,KOBIETA,2
ANHELINA,KOBIETA,2
ALDONA,KOBIETA,2
TEONA,KOBIETA,2
DAIANA,KOBIETA,2
NILA,KOBIETA,2
ANISJA,KOBIETA,2
MARGARET,KOBIETA,2
NARINA,KOBIETA,2
LILIAN,KOBIETA,2
SENA,KOBIETA,2
CRISTINA,KOBIETA,2
MILIANA,KOBIETA,2
ALYA,KOBIETA,2
ISABELLE,KOBIETA,2
AYLİN,KOBIETA,2
THANH TRÚC,KOBIETA,2
MIROSLAVA,KOBIETA,2
SALOME,KOBIETA,2
LEONI,KOBIETA,2
MATHILDA,KOBIETA,2
LETYSJA,KOBIETA,2
SANTANA,KOBIETA,2
VALENTYNA,KOBIETA,2
INDIA,KOBIETA,2
ALEXIS,KOBIETA,2
NIKOLINA,KOBIETA,2
TELIMENA,KOBIETA,2
TEODORA,KOBIETA,2
NAWOJA,KOBIETA,2
MILAGROS,KOBIETA,2
IWANKA,KOBIETA,2
IRENE,KOBIETA,2
AICHA,KOBIETA,2
OLYMPIA,KOBIETA,2
HARRIET,KOBIETA,2
MARIA-MAGDALENA,KOBIETA,2
BIBIANNA,KOBIETA,2
DASZA,KOBIETA,2
DALILA,KOBIETA,2
RAYA,KOBIETA,2
RENESMEE,KOBIETA,2
SUZANNE,KOBIETA,2
VANESA,KOBIETA,2
EILEEN,KOBIETA,2
ZOI,KOBIETA,2
LILJA,KOBIETA,2
EKATERINA,KOBIETA,2
LILE,KOBIETA,2
MICHAELA,KOBIETA,2
ALISSIA,KOBIETA,2
ZOLA,KOBIETA,2
POLIANA,KOBIETA,2
AMÉLIA,KOBIETA,2
VIKTORIIA,KOBIETA,2
LETICJA,KOBIETA,2
EVERLY,KOBIETA,2
ESME,KOBIETA,2
LEYA,KOBIETA,2
NADIN,KOBIETA,2
DAMARIS,KOBIETA,2
TIA,KOBIETA,2
TALA,KOBIETA,2
KIMBERLY,KOBIETA,2
SAFIJA,KOBIETA,2
EMILIE,KOBIETA,2
FATIMA,KOBIETA,2
ROXANA,KOBIETA,2
LAWINIA,KOBIETA,2
ROXANNE,KOBIETA,2
NARINE,KOBIETA,2
LINH CHI,KOBIETA,2
VALERIE,KOBIETA,2
ANDŻELA,KOBIETA,2
KARMINA,KOBIETA,2
ALYSSIA,KOBIETA,2
ELZA,KOBIETA,2
SAMUELA,KOBIETA,2
MASZA,KOBIETA,2
ELIZABET,KOBIETA,2
SOLOMIA,KOBIETA,2
GALENA,KOBIETA,2
KALA,KOBIETA,2
MADLEN,KOBIETA,2
WIOLA,KOBIETA,2
INAYA,KOBIETA,2
ALEXIA,KOBIETA,2
LÉA,KOBIETA,2
SOLOMIYA,KOBIETA,2
NAILA,KOBIETA,2
LENE,KOBIETA,2
KAJRA,KOBIETA,2
EMI,KOBIETA,2
ASIYA,KOBIETA,2
MIKAELA,KOBIETA,2
