KOD WOJ.,WOJEWÓDZTWO,IMIĘ DRUGIE,PŁEĆ,LICZBA WYSTĄPIEŃ
2,DOLNOŚLĄSKIE,MARIA,KOBIETA,447
2,DOLNOŚLĄSKIE,ANNA,KOBIETA,322
2,DOLNOŚLĄSKIE,ZOFIA,KOBIETA,186
2,DOLNOŚLĄSKIE,ALEKSANDRA,KOBIETA,118
2,DOLNOŚLĄSKIE,ALICJA,KOBIETA,98
2,DOLNOŚLĄSKIE,HELENA,KOBIETA,97
2,DOLNOŚLĄSKIE,MAGDALENA,KOBIETA,97
2,DOLNOŚLĄSKIE,EWA,KOBIETA,93
2,DOLNOŚLĄSKIE,KATARZYNA,KOBIETA,92
2,DOLNOŚLĄSKIE,JULIA,KOBIETA,89
2,DOLNOŚLĄSKIE,BARBARA,KOBIETA,86
2,DOLNOŚLĄSKIE,WIKTORIA,KOBIETA,83
2,DOLNOŚLĄSKIE,ELŻBIETA,KOBIETA,76
2,DOLNOŚLĄSKIE,NATALIA,KOBIETA,75
2,DOLNOŚLĄSKIE,MAŁGORZATA,KOBIETA,70
2,DOLNOŚLĄSKIE,LAURA,KOBIETA,69
2,DOLNOŚLĄSKIE,ZUZANNA,KOBIETA,69
2,DOLNOŚLĄSKIE,JOANNA,KOBIETA,67
2,DOLNOŚLĄSKIE,ŁUCJA,KOBIETA,64
2,DOLNOŚLĄSKIE,KRYSTYNA,KOBIETA,61
2,DOLNOŚLĄSKIE,HANNA,KOBIETA,57
2,DOLNOŚLĄSKIE,AGNIESZKA,KOBIETA,56
2,DOLNOŚLĄSKIE,TERESA,KOBIETA,55
2,DOLNOŚLĄSKIE,JADWIGA,KOBIETA,54
2,DOLNOŚLĄSKIE,ANTONINA,KOBIETA,52
2,DOLNOŚLĄSKIE,MAJA,KOBIETA,51
2,DOLNOŚLĄSKIE,OLIWIA,KOBIETA,50
2,DOLNOŚLĄSKIE,EMILIA,KOBIETA,49
2,DOLNOŚLĄSKIE,JANINA,KOBIETA,48
2,DOLNOŚLĄSKIE,WERONIKA,KOBIETA,48
2,DOLNOŚLĄSKIE,KAROLINA,KOBIETA,47
2,DOLNOŚLĄSKIE,DANUTA,KOBIETA,46
2,DOLNOŚLĄSKIE,ANASTAZJA,KOBIETA,45
2,DOLNOŚLĄSKIE,MARIANNA,KOBIETA,42
2,DOLNOŚLĄSKIE,MARTA,KOBIETA,42
2,DOLNOŚLĄSKIE,ANIELA,KOBIETA,39
2,DOLNOŚLĄSKIE,RÓŻA,KOBIETA,38
2,DOLNOŚLĄSKIE,AMELIA,KOBIETA,36
2,DOLNOŚLĄSKIE,DOROTA,KOBIETA,36
2,DOLNOŚLĄSKIE,MONIKA,KOBIETA,36
2,DOLNOŚLĄSKIE,IRENA,KOBIETA,34
2,DOLNOŚLĄSKIE,LENA,KOBIETA,34
2,DOLNOŚLĄSKIE,AGATA,KOBIETA,33
2,DOLNOŚLĄSKIE,IZABELA,KOBIETA,33
2,DOLNOŚLĄSKIE,PAULINA,KOBIETA,33
2,DOLNOŚLĄSKIE,POLA,KOBIETA,32
2,DOLNOŚLĄSKIE,GABRIELA,KOBIETA,31
2,DOLNOŚLĄSKIE,JAGODA,KOBIETA,31
2,DOLNOŚLĄSKIE,RITA,KOBIETA,31
2,DOLNOŚLĄSKIE,HALINA,KOBIETA,30
2,DOLNOŚLĄSKIE,KLARA,KOBIETA,30
2,DOLNOŚLĄSKIE,MICHALINA,KOBIETA,29
2,DOLNOŚLĄSKIE,IGA,KOBIETA,27
2,DOLNOŚLĄSKIE,ROZALIA,KOBIETA,27
2,DOLNOŚLĄSKIE,PATRYCJA,KOBIETA,26
2,DOLNOŚLĄSKIE,URSZULA,KOBIETA,26
2,DOLNOŚLĄSKIE,BEATA,KOBIETA,24
2,DOLNOŚLĄSKIE,KINGA,KOBIETA,24
2,DOLNOŚLĄSKIE,MARTYNA,KOBIETA,24
2,DOLNOŚLĄSKIE,STEFANIA,KOBIETA,24
2,DOLNOŚLĄSKIE,GRAŻYNA,KOBIETA,23
2,DOLNOŚLĄSKIE,KAMILA,KOBIETA,23
2,DOLNOŚLĄSKIE,STANISŁAWA,KOBIETA,23
2,DOLNOŚLĄSKIE,WANDA,KOBIETA,23
2,DOLNOŚLĄSKIE,MIA,KOBIETA,22
2,DOLNOŚLĄSKIE,JOLANTA,KOBIETA,21
2,DOLNOŚLĄSKIE,KLAUDIA,KOBIETA,21
2,DOLNOŚLĄSKIE,KORNELIA,KOBIETA,21
2,DOLNOŚLĄSKIE,DOMINIKA,KOBIETA,20
2,DOLNOŚLĄSKIE,LIDIA,KOBIETA,19
2,DOLNOŚLĄSKIE,JÓZEFA,KOBIETA,18
2,DOLNOŚLĄSKIE,JUSTYNA,KOBIETA,18
2,DOLNOŚLĄSKIE,IWONA,KOBIETA,17
2,DOLNOŚLĄSKIE,SARA,KOBIETA,16
2,DOLNOŚLĄSKIE,NADIA,KOBIETA,15
2,DOLNOŚLĄSKIE,AURELIA,KOBIETA,14
2,DOLNOŚLĄSKIE,ELIZA,KOBIETA,14
2,DOLNOŚLĄSKIE,NELA,KOBIETA,14
2,DOLNOŚLĄSKIE,ANETA,KOBIETA,13
2,DOLNOŚLĄSKIE,LILIANA,KOBIETA,13
2,DOLNOŚLĄSKIE,MARCELINA,KOBIETA,13
2,DOLNOŚLĄSKIE,OLGA,KOBIETA,13
2,DOLNOŚLĄSKIE,SYLWIA,KOBIETA,13
2,DOLNOŚLĄSKIE,ALINA,KOBIETA,12
2,DOLNOŚLĄSKIE,APOLONIA,KOBIETA,12
2,DOLNOŚLĄSKIE,KAJA,KOBIETA,12
2,DOLNOŚLĄSKIE,LILIANNA,KOBIETA,12
2,DOLNOŚLĄSKIE,LUCYNA,KOBIETA,12
2,DOLNOŚLĄSKIE,EDYTA,KOBIETA,11
2,DOLNOŚLĄSKIE,FAUSTYNA,KOBIETA,11
2,DOLNOŚLĄSKIE,GAJA,KOBIETA,11
2,DOLNOŚLĄSKIE,NIKOLA,KOBIETA,11
2,DOLNOŚLĄSKIE,RENATA,KOBIETA,11
2,DOLNOŚLĄSKIE,SANDRA,KOBIETA,11
2,DOLNOŚLĄSKIE,DARIA,KOBIETA,10
2,DOLNOŚLĄSKIE,MARZENA,KOBIETA,10
2,DOLNOŚLĄSKIE,MILENA,KOBIETA,10
2,DOLNOŚLĄSKIE,ADELA,KOBIETA,9
2,DOLNOŚLĄSKIE,BOGUMIŁA,KOBIETA,9
2,DOLNOŚLĄSKIE,FRANCISZKA,KOBIETA,9
2,DOLNOŚLĄSKIE,KALINA,KOBIETA,9
2,DOLNOŚLĄSKIE,KAZIMIERA,KOBIETA,9
2,DOLNOŚLĄSKIE,NINA,KOBIETA,9
2,DOLNOŚLĄSKIE,SOFIA,KOBIETA,9
2,DOLNOŚLĄSKIE,WIOLETTA,KOBIETA,9
2,DOLNOŚLĄSKIE,BIANKA,KOBIETA,8
2,DOLNOŚLĄSKIE,BLANKA,KOBIETA,8
2,DOLNOŚLĄSKIE,BOŻENA,KOBIETA,8
2,DOLNOŚLĄSKIE,CECYLIA,KOBIETA,8
2,DOLNOŚLĄSKIE,DIANA,KOBIETA,8
2,DOLNOŚLĄSKIE,FELICJA,KOBIETA,8
2,DOLNOŚLĄSKIE,LEOKADIA,KOBIETA,8
2,DOLNOŚLĄSKIE,MARIKA,KOBIETA,8
2,DOLNOŚLĄSKIE,NADZIEJA,KOBIETA,8
2,DOLNOŚLĄSKIE,REGINA,KOBIETA,8
2,DOLNOŚLĄSKIE,SABINA,KOBIETA,8
2,DOLNOŚLĄSKIE,WIESŁAWA,KOBIETA,8
2,DOLNOŚLĄSKIE,ADRIANNA,KOBIETA,7
2,DOLNOŚLĄSKIE,ANGELIKA,KOBIETA,7
2,DOLNOŚLĄSKIE,EWELINA,KOBIETA,7
2,DOLNOŚLĄSKIE,JÓZEFINA,KOBIETA,7
2,DOLNOŚLĄSKIE,LEA,KOBIETA,7
2,DOLNOŚLĄSKIE,LUNA,KOBIETA,7
2,DOLNOŚLĄSKIE,MALWINA,KOBIETA,7
2,DOLNOŚLĄSKIE,ELENA,KOBIETA,6
2,DOLNOŚLĄSKIE,MARIOLA,KOBIETA,6
2,DOLNOŚLĄSKIE,MATYLDA,KOBIETA,6
2,DOLNOŚLĄSKIE,MIROSŁAWA,KOBIETA,6
2,DOLNOŚLĄSKIE,OTYLIA,KOBIETA,6
2,DOLNOŚLĄSKIE,ADA,KOBIETA,5
2,DOLNOŚLĄSKIE,AURORA,KOBIETA,5
2,DOLNOŚLĄSKIE,BRONISŁAWA,KOBIETA,5
2,DOLNOŚLĄSKIE,CELINA,KOBIETA,5
2,DOLNOŚLĄSKIE,LIWIA,KOBIETA,5
2,DOLNOŚLĄSKIE,MALINA,KOBIETA,5
2,DOLNOŚLĄSKIE,MARLENA,KOBIETA,5
2,DOLNOŚLĄSKIE,OKTAWIA,KOBIETA,5
2,DOLNOŚLĄSKIE,WALENTYNA,KOBIETA,5
2,DOLNOŚLĄSKIE,ANTONIA,KOBIETA,4
2,DOLNOŚLĄSKIE,DALIA,KOBIETA,4
2,DOLNOŚLĄSKIE,ELIZABETH,KOBIETA,4
2,DOLNOŚLĄSKIE,EUGENIA,KOBIETA,4
2,DOLNOŚLĄSKIE,FILOMENA,KOBIETA,4
2,DOLNOŚLĄSKIE,GENOWEFA,KOBIETA,4
2,DOLNOŚLĄSKIE,IDA,KOBIETA,4
2,DOLNOŚLĄSKIE,JULIANNA,KOBIETA,4
2,DOLNOŚLĄSKIE,LILA,KOBIETA,4
2,DOLNOŚLĄSKIE,LUIZA,KOBIETA,4
2,DOLNOŚLĄSKIE,MAGDA,KOBIETA,4
2,DOLNOŚLĄSKIE,TAMARA,KOBIETA,4
2,DOLNOŚLĄSKIE,VICTORIA,KOBIETA,4
2,DOLNOŚLĄSKIE,WALERIA,KOBIETA,4
2,DOLNOŚLĄSKIE,WŁADYSŁAWA,KOBIETA,4
2,DOLNOŚLĄSKIE,ADRIANA,KOBIETA,3
2,DOLNOŚLĄSKIE,BERNADETA,KOBIETA,3
2,DOLNOŚLĄSKIE,CZESŁAWA,KOBIETA,3
2,DOLNOŚLĄSKIE,GLORIA,KOBIETA,3
2,DOLNOŚLĄSKIE,INES,KOBIETA,3
2,DOLNOŚLĄSKIE,JAŚMINA,KOBIETA,3
2,DOLNOŚLĄSKIE,JULITA,KOBIETA,3
2,DOLNOŚLĄSKIE,KLEMENTYNA,KOBIETA,3
2,DOLNOŚLĄSKIE,KONSTANCJA,KOBIETA,3
2,DOLNOŚLĄSKIE,LILIA,KOBIETA,3
2,DOLNOŚLĄSKIE,MARCELA,KOBIETA,3
2,DOLNOŚLĄSKIE,MELANIA,KOBIETA,3
2,DOLNOŚLĄSKIE,MIRA,KOBIETA,3
2,DOLNOŚLĄSKIE,MIRIAM,KOBIETA,3
2,DOLNOŚLĄSKIE,NEL,KOBIETA,3
2,DOLNOŚLĄSKIE,PAULA,KOBIETA,3
2,DOLNOŚLĄSKIE,ROSE,KOBIETA,3
2,DOLNOŚLĄSKIE,SONIA,KOBIETA,3
2,DOLNOŚLĄSKIE,VANESSA,KOBIETA,3
2,DOLNOŚLĄSKIE,ZOE,KOBIETA,3
2,DOLNOŚLĄSKIE,AMBER,KOBIETA,2
2,DOLNOŚLĄSKIE,ANDŻELIKA,KOBIETA,2
2,DOLNOŚLĄSKIE,ANETTA,KOBIETA,2
2,DOLNOŚLĄSKIE,ANITA,KOBIETA,2
2,DOLNOŚLĄSKIE,BOGUSŁAWA,KOBIETA,2
2,DOLNOŚLĄSKIE,CARMEN,KOBIETA,2
2,DOLNOŚLĄSKIE,DAGMARA,KOBIETA,2
2,DOLNOŚLĄSKIE,DANIELA,KOBIETA,2
2,DOLNOŚLĄSKIE,ELEONORA,KOBIETA,2
2,DOLNOŚLĄSKIE,EMILY,KOBIETA,2
2,DOLNOŚLĄSKIE,ESTERA,KOBIETA,2
2,DOLNOŚLĄSKIE,HENRYKA,KOBIETA,2
2,DOLNOŚLĄSKIE,HONORATA,KOBIETA,2
2,DOLNOŚLĄSKIE,ILONA,KOBIETA,2
2,DOLNOŚLĄSKIE,INGA,KOBIETA,2
2,DOLNOŚLĄSKIE,IZABELLA,KOBIETA,2
2,DOLNOŚLĄSKIE,JAGNA,KOBIETA,2
2,DOLNOŚLĄSKIE,JUDYTA,KOBIETA,2
2,DOLNOŚLĄSKIE,KARINA,KOBIETA,2
2,DOLNOŚLĄSKIE,KSENIA,KOBIETA,2
2,DOLNOŚLĄSKIE,LEONARDA,KOBIETA,2
2,DOLNOŚLĄSKIE,MARIIA,KOBIETA,2
2,DOLNOŚLĄSKIE,MARYJA,KOBIETA,2
2,DOLNOŚLĄSKIE,MAYA,KOBIETA,2
2,DOLNOŚLĄSKIE,MICHELLE,KOBIETA,2
2,DOLNOŚLĄSKIE,MIECZYSŁAWA,KOBIETA,2
2,DOLNOŚLĄSKIE,NARCYZA,KOBIETA,2
2,DOLNOŚLĄSKIE,OLIVIA,KOBIETA,2
2,DOLNOŚLĄSKIE,RADOCHNA,KOBIETA,2
2,DOLNOŚLĄSKIE,ROKSANA,KOBIETA,2
2,DOLNOŚLĄSKIE,ROMA,KOBIETA,2
2,DOLNOŚLĄSKIE,TATIANA,KOBIETA,2
2,DOLNOŚLĄSKIE,VALENTINA,KOBIETA,2
4,KUJAWSKO-POMORSKIE,,KOBIETA,5614
4,KUJAWSKO-POMORSKIE,MARIA,KOBIETA,188
4,KUJAWSKO-POMORSKIE,ANNA,KOBIETA,135
4,KUJAWSKO-POMORSKIE,ZOFIA,KOBIETA,70
4,KUJAWSKO-POMORSKIE,MAGDALENA,KOBIETA,50
4,KUJAWSKO-POMORSKIE,BARBARA,KOBIETA,43
4,KUJAWSKO-POMORSKIE,KATARZYNA,KOBIETA,41
4,KUJAWSKO-POMORSKIE,EWA,KOBIETA,40
4,KUJAWSKO-POMORSKIE,WIKTORIA,KOBIETA,38
4,KUJAWSKO-POMORSKIE,MAŁGORZATA,KOBIETA,37
4,KUJAWSKO-POMORSKIE,HELENA,KOBIETA,35
4,KUJAWSKO-POMORSKIE,ANASTAZJA,KOBIETA,33
4,KUJAWSKO-POMORSKIE,ELŻBIETA,KOBIETA,32
4,KUJAWSKO-POMORSKIE,ALICJA,KOBIETA,31
4,KUJAWSKO-POMORSKIE,JULIA,KOBIETA,31
4,KUJAWSKO-POMORSKIE,LAURA,KOBIETA,29
4,KUJAWSKO-POMORSKIE,ŁUCJA,KOBIETA,29
4,KUJAWSKO-POMORSKIE,NATALIA,KOBIETA,28
4,KUJAWSKO-POMORSKIE,WERONIKA,KOBIETA,27
4,KUJAWSKO-POMORSKIE,ZUZANNA,KOBIETA,27
4,KUJAWSKO-POMORSKIE,ALEKSANDRA,KOBIETA,26
4,KUJAWSKO-POMORSKIE,ANTONINA,KOBIETA,26
4,KUJAWSKO-POMORSKIE,KRYSTYNA,KOBIETA,26
4,KUJAWSKO-POMORSKIE,KLARA,KOBIETA,25
4,KUJAWSKO-POMORSKIE,MONIKA,KOBIETA,24
4,KUJAWSKO-POMORSKIE,TERESA,KOBIETA,24
4,KUJAWSKO-POMORSKIE,JADWIGA,KOBIETA,23
4,KUJAWSKO-POMORSKIE,MARTA,KOBIETA,23
4,KUJAWSKO-POMORSKIE,JOANNA,KOBIETA,22
4,KUJAWSKO-POMORSKIE,EMILIA,KOBIETA,21
4,KUJAWSKO-POMORSKIE,KAROLINA,KOBIETA,21
4,KUJAWSKO-POMORSKIE,RÓŻA,KOBIETA,21
4,KUJAWSKO-POMORSKIE,HANNA,KOBIETA,20
4,KUJAWSKO-POMORSKIE,DANUTA,KOBIETA,19
4,KUJAWSKO-POMORSKIE,OLIWIA,KOBIETA,19
4,KUJAWSKO-POMORSKIE,IRENA,KOBIETA,18
4,KUJAWSKO-POMORSKIE,WANDA,KOBIETA,18
4,KUJAWSKO-POMORSKIE,AGNIESZKA,KOBIETA,17
4,KUJAWSKO-POMORSKIE,MARIANNA,KOBIETA,17
4,KUJAWSKO-POMORSKIE,MICHALINA,KOBIETA,17
4,KUJAWSKO-POMORSKIE,LENA,KOBIETA,16
4,KUJAWSKO-POMORSKIE,URSZULA,KOBIETA,16
4,KUJAWSKO-POMORSKIE,ANIELA,KOBIETA,15
4,KUJAWSKO-POMORSKIE,KORNELIA,KOBIETA,14
4,KUJAWSKO-POMORSKIE,MAJA,KOBIETA,13
4,KUJAWSKO-POMORSKIE,BEATA,KOBIETA,12
4,KUJAWSKO-POMORSKIE,BOŻENA,KOBIETA,12
4,KUJAWSKO-POMORSKIE,GABRIELA,KOBIETA,12
4,KUJAWSKO-POMORSKIE,MARCELINA,KOBIETA,12
4,KUJAWSKO-POMORSKIE,AMELIA,KOBIETA,11
4,KUJAWSKO-POMORSKIE,DOROTA,KOBIETA,11
4,KUJAWSKO-POMORSKIE,HALINA,KOBIETA,11
4,KUJAWSKO-POMORSKIE,JANINA,KOBIETA,11
4,KUJAWSKO-POMORSKIE,KLAUDIA,KOBIETA,11
4,KUJAWSKO-POMORSKIE,PAULINA,KOBIETA,11
4,KUJAWSKO-POMORSKIE,RITA,KOBIETA,11
4,KUJAWSKO-POMORSKIE,DARIA,KOBIETA,10
4,KUJAWSKO-POMORSKIE,NADIA,KOBIETA,10
4,KUJAWSKO-POMORSKIE,ROZALIA,KOBIETA,10
4,KUJAWSKO-POMORSKIE,STANISŁAWA,KOBIETA,10
4,KUJAWSKO-POMORSKIE,DOMINIKA,KOBIETA,9
4,KUJAWSKO-POMORSKIE,IWONA,KOBIETA,9
4,KUJAWSKO-POMORSKIE,JAGODA,KOBIETA,9
4,KUJAWSKO-POMORSKIE,KINGA,KOBIETA,9
4,KUJAWSKO-POMORSKIE,PATRYCJA,KOBIETA,9
4,KUJAWSKO-POMORSKIE,LIDIA,KOBIETA,8
4,KUJAWSKO-POMORSKIE,SARA,KOBIETA,8
4,KUJAWSKO-POMORSKIE,STEFANIA,KOBIETA,8
4,KUJAWSKO-POMORSKIE,CECYLIA,KOBIETA,7
4,KUJAWSKO-POMORSKIE,IGA,KOBIETA,7
4,KUJAWSKO-POMORSKIE,JOLANTA,KOBIETA,7
4,KUJAWSKO-POMORSKIE,LILIANNA,KOBIETA,7
4,KUJAWSKO-POMORSKIE,MARTYNA,KOBIETA,7
4,KUJAWSKO-POMORSKIE,POLA,KOBIETA,7
4,KUJAWSKO-POMORSKIE,RENATA,KOBIETA,7
4,KUJAWSKO-POMORSKIE,SABINA,KOBIETA,7
4,KUJAWSKO-POMORSKIE,AGATA,KOBIETA,6
4,KUJAWSKO-POMORSKIE,FAUSTYNA,KOBIETA,6
4,KUJAWSKO-POMORSKIE,GRAŻYNA,KOBIETA,6
4,KUJAWSKO-POMORSKIE,JUSTYNA,KOBIETA,6
4,KUJAWSKO-POMORSKIE,LILIANA,KOBIETA,6
4,KUJAWSKO-POMORSKIE,MATYLDA,KOBIETA,6
4,KUJAWSKO-POMORSKIE,NINA,KOBIETA,6
4,KUJAWSKO-POMORSKIE,ADRIANNA,KOBIETA,5
4,KUJAWSKO-POMORSKIE,EWELINA,KOBIETA,5
4,KUJAWSKO-POMORSKIE,IZABELA,KOBIETA,5
4,KUJAWSKO-POMORSKIE,LIWIA,KOBIETA,5
4,KUJAWSKO-POMORSKIE,MIROSŁAWA,KOBIETA,5
4,KUJAWSKO-POMORSKIE,SYLWIA,KOBIETA,5
4,KUJAWSKO-POMORSKIE,ALINA,KOBIETA,4
4,KUJAWSKO-POMORSKIE,APOLONIA,KOBIETA,4
4,KUJAWSKO-POMORSKIE,AURELIA,KOBIETA,4
4,KUJAWSKO-POMORSKIE,BLANKA,KOBIETA,4
4,KUJAWSKO-POMORSKIE,FRANCISZKA,KOBIETA,4
4,KUJAWSKO-POMORSKIE,JAŚMINA,KOBIETA,4
4,KUJAWSKO-POMORSKIE,KAJA,KOBIETA,4
4,KUJAWSKO-POMORSKIE,MARZENA,KOBIETA,4
4,KUJAWSKO-POMORSKIE,WIESŁAWA,KOBIETA,4
4,KUJAWSKO-POMORSKIE,ANETA,KOBIETA,3
4,KUJAWSKO-POMORSKIE,BIANKA,KOBIETA,3
4,KUJAWSKO-POMORSKIE,DANIELA,KOBIETA,3
4,KUJAWSKO-POMORSKIE,ELIZA,KOBIETA,3
4,KUJAWSKO-POMORSKIE,KAMILA,KOBIETA,3
4,KUJAWSKO-POMORSKIE,KONSTANCJA,KOBIETA,3
4,KUJAWSKO-POMORSKIE,LARA,KOBIETA,3
4,KUJAWSKO-POMORSKIE,LEA,KOBIETA,3
4,KUJAWSKO-POMORSKIE,LUCYNA,KOBIETA,3
4,KUJAWSKO-POMORSKIE,MARIOLA,KOBIETA,3
4,KUJAWSKO-POMORSKIE,MILENA,KOBIETA,3
4,KUJAWSKO-POMORSKIE,NIKOLA,KOBIETA,3
4,KUJAWSKO-POMORSKIE,REGINA,KOBIETA,3
4,KUJAWSKO-POMORSKIE,ALBINA,KOBIETA,2
4,KUJAWSKO-POMORSKIE,BERNADETA,KOBIETA,2
4,KUJAWSKO-POMORSKIE,CELINA,KOBIETA,2
4,KUJAWSKO-POMORSKIE,CZESŁAWA,KOBIETA,2
4,KUJAWSKO-POMORSKIE,DIANA,KOBIETA,2
4,KUJAWSKO-POMORSKIE,EDYTA,KOBIETA,2
4,KUJAWSKO-POMORSKIE,EMMA,KOBIETA,2
4,KUJAWSKO-POMORSKIE,FELICJA,KOBIETA,2
4,KUJAWSKO-POMORSKIE,FLORENTYNA,KOBIETA,2
4,KUJAWSKO-POMORSKIE,GAJA,KOBIETA,2
4,KUJAWSKO-POMORSKIE,HIACYNTA,KOBIETA,2
4,KUJAWSKO-POMORSKIE,IDA,KOBIETA,2
4,KUJAWSKO-POMORSKIE,IDALIA,KOBIETA,2
4,KUJAWSKO-POMORSKIE,ILONA,KOBIETA,2
4,KUJAWSKO-POMORSKIE,IZABELLA,KOBIETA,2
4,KUJAWSKO-POMORSKIE,JAGNA,KOBIETA,2
4,KUJAWSKO-POMORSKIE,JUDYTA,KOBIETA,2
4,KUJAWSKO-POMORSKIE,KAZIMIERA,KOBIETA,2
4,KUJAWSKO-POMORSKIE,LUIZA,KOBIETA,2
4,KUJAWSKO-POMORSKIE,MIRIAM,KOBIETA,2
4,KUJAWSKO-POMORSKIE,NADZIEJA,KOBIETA,2
4,KUJAWSKO-POMORSKIE,NOEMI,KOBIETA,2
4,KUJAWSKO-POMORSKIE,OLIMPIA,KOBIETA,2
4,KUJAWSKO-POMORSKIE,OLIVIA,KOBIETA,2
4,KUJAWSKO-POMORSKIE,PAULA,KOBIETA,2
4,KUJAWSKO-POMORSKIE,ROSE,KOBIETA,2
4,KUJAWSKO-POMORSKIE,SOFIA,KOBIETA,2
4,KUJAWSKO-POMORSKIE,SOPHIE,KOBIETA,2
4,KUJAWSKO-POMORSKIE,VICTORIA,KOBIETA,2
4,KUJAWSKO-POMORSKIE,WIOLETTA,KOBIETA,2
4,KUJAWSKO-POMORSKIE,ZOJA,KOBIETA,2
6,LUBELSKIE,,KOBIETA,5692
6,LUBELSKIE,MARIA,KOBIETA,166
6,LUBELSKIE,ANNA,KOBIETA,92
6,LUBELSKIE,ZOFIA,KOBIETA,56
6,LUBELSKIE,JULIA,KOBIETA,36
6,LUBELSKIE,ŁUCJA,KOBIETA,33
6,LUBELSKIE,HELENA,KOBIETA,31
6,LUBELSKIE,LAURA,KOBIETA,30
6,LUBELSKIE,MAŁGORZATA,KOBIETA,26
6,LUBELSKIE,EWA,KOBIETA,25
6,LUBELSKIE,WIKTORIA,KOBIETA,25
6,LUBELSKIE,KATARZYNA,KOBIETA,24
6,LUBELSKIE,MAGDALENA,KOBIETA,24
6,LUBELSKIE,ANASTAZJA,KOBIETA,23
6,LUBELSKIE,ALICJA,KOBIETA,22
6,LUBELSKIE,ELŻBIETA,KOBIETA,22
6,LUBELSKIE,ALEKSANDRA,KOBIETA,21
6,LUBELSKIE,AMELIA,KOBIETA,20
6,LUBELSKIE,BARBARA,KOBIETA,20
6,LUBELSKIE,AGNIESZKA,KOBIETA,19
6,LUBELSKIE,WERONIKA,KOBIETA,19
6,LUBELSKIE,KAROLINA,KOBIETA,18
6,LUBELSKIE,TERESA,KOBIETA,18
6,LUBELSKIE,ANTONINA,KOBIETA,16
6,LUBELSKIE,RITA,KOBIETA,16
6,LUBELSKIE,RÓŻA,KOBIETA,16
6,LUBELSKIE,ZUZANNA,KOBIETA,16
6,LUBELSKIE,KLARA,KOBIETA,15
6,LUBELSKIE,KRYSTYNA,KOBIETA,15
6,LUBELSKIE,LENA,KOBIETA,15
6,LUBELSKIE,MAJA,KOBIETA,15
6,LUBELSKIE,JANINA,KOBIETA,14
6,LUBELSKIE,EMILIA,KOBIETA,13
6,LUBELSKIE,GABRIELA,KOBIETA,12
6,LUBELSKIE,JAGODA,KOBIETA,12
6,LUBELSKIE,JOANNA,KOBIETA,12
6,LUBELSKIE,MARIANNA,KOBIETA,12
6,LUBELSKIE,HANNA,KOBIETA,11
6,LUBELSKIE,MARTA,KOBIETA,11
6,LUBELSKIE,IRENA,KOBIETA,10
6,LUBELSKIE,NATALIA,KOBIETA,10
6,LUBELSKIE,OLIWIA,KOBIETA,10
6,LUBELSKIE,DANUTA,KOBIETA,9
6,LUBELSKIE,IGA,KOBIETA,9
6,LUBELSKIE,MICHALINA,KOBIETA,9
6,LUBELSKIE,MONIKA,KOBIETA,9
6,LUBELSKIE,ROZALIA,KOBIETA,9
6,LUBELSKIE,DOROTA,KOBIETA,8
6,LUBELSKIE,HALINA,KOBIETA,8
6,LUBELSKIE,IZABELA,KOBIETA,8
6,LUBELSKIE,JADWIGA,KOBIETA,8
6,LUBELSKIE,KORNELIA,KOBIETA,8
6,LUBELSKIE,LIDIA,KOBIETA,8
6,LUBELSKIE,POLA,KOBIETA,8
6,LUBELSKIE,FAUSTYNA,KOBIETA,7
6,LUBELSKIE,KINGA,KOBIETA,7
6,LUBELSKIE,STANISŁAWA,KOBIETA,7
6,LUBELSKIE,URSZULA,KOBIETA,7
6,LUBELSKIE,AGATA,KOBIETA,6
6,LUBELSKIE,BEATA,KOBIETA,6
6,LUBELSKIE,KAMILA,KOBIETA,6
6,LUBELSKIE,KLAUDIA,KOBIETA,6
6,LUBELSKIE,NADIA,KOBIETA,6
6,LUBELSKIE,PATRYCJA,KOBIETA,6
6,LUBELSKIE,WANDA,KOBIETA,6
6,LUBELSKIE,ANIELA,KOBIETA,5
6,LUBELSKIE,AURELIA,KOBIETA,5
6,LUBELSKIE,BLANKA,KOBIETA,5
6,LUBELSKIE,JOLANTA,KOBIETA,5
6,LUBELSKIE,JÓZEFINA,KOBIETA,5
6,LUBELSKIE,KAJA,KOBIETA,5
6,LUBELSKIE,KONSTANCJA,KOBIETA,5
6,LUBELSKIE,LILIANA,KOBIETA,5
6,LUBELSKIE,MARCELINA,KOBIETA,5
6,LUBELSKIE,NINA,KOBIETA,5
6,LUBELSKIE,PAULINA,KOBIETA,5
6,LUBELSKIE,APOLONIA,KOBIETA,4
6,LUBELSKIE,CHARLOTTE,KOBIETA,4
6,LUBELSKIE,DOMINIKA,KOBIETA,4
6,LUBELSKIE,LUCYNA,KOBIETA,4
6,LUBELSKIE,MIA,KOBIETA,4
6,LUBELSKIE,NIKOLA,KOBIETA,4
6,LUBELSKIE,ADRIANNA,KOBIETA,3
6,LUBELSKIE,IWONA,KOBIETA,3
6,LUBELSKIE,LIWIA,KOBIETA,3
6,LUBELSKIE,MAGDA,KOBIETA,3
6,LUBELSKIE,MARTYNA,KOBIETA,3
6,LUBELSKIE,MILENA,KOBIETA,3
6,LUBELSKIE,MIRIAM,KOBIETA,3
6,LUBELSKIE,OLIVIA,KOBIETA,3
6,LUBELSKIE,RENATA,KOBIETA,3
6,LUBELSKIE,SARA,KOBIETA,3
6,LUBELSKIE,STEFANIA,KOBIETA,3
6,LUBELSKIE,VANESSA,KOBIETA,3
6,LUBELSKIE,ALINA,KOBIETA,2
6,LUBELSKIE,ANA,KOBIETA,2
6,LUBELSKIE,ANDŻELIKA,KOBIETA,2
6,LUBELSKIE,ANETA,KOBIETA,2
6,LUBELSKIE,ANGELIKA,KOBIETA,2
6,LUBELSKIE,AURORA,KOBIETA,2
6,LUBELSKIE,BOGUMIŁA,KOBIETA,2
6,LUBELSKIE,EDYTA,KOBIETA,2
6,LUBELSKIE,ERYKA,KOBIETA,2
6,LUBELSKIE,ESTERA,KOBIETA,2
6,LUBELSKIE,FELICJA,KOBIETA,2
6,LUBELSKIE,FILOMENA,KOBIETA,2
6,LUBELSKIE,FRANCISZKA,KOBIETA,2
6,LUBELSKIE,HENRYKA,KOBIETA,2
6,LUBELSKIE,IDA,KOBIETA,2
6,LUBELSKIE,JAGNA,KOBIETA,2
6,LUBELSKIE,JAŚMINA,KOBIETA,2
6,LUBELSKIE,LEOKADIA,KOBIETA,2
6,LUBELSKIE,LILIA,KOBIETA,2
6,LUBELSKIE,MIRA,KOBIETA,2
6,LUBELSKIE,PAULA,KOBIETA,2
6,LUBELSKIE,ROSE,KOBIETA,2
6,LUBELSKIE,SABINA,KOBIETA,2
6,LUBELSKIE,SYLWIA,KOBIETA,2
6,LUBELSKIE,WIESŁAWA,KOBIETA,2
8,LUBUSKIE,,KOBIETA,2429
8,LUBUSKIE,MARIA,KOBIETA,92
8,LUBUSKIE,ANNA,KOBIETA,68
8,LUBUSKIE,ZOFIA,KOBIETA,44
8,LUBUSKIE,WIKTORIA,KOBIETA,25
8,LUBUSKIE,ALEKSANDRA,KOBIETA,24
8,LUBUSKIE,ALICJA,KOBIETA,23
8,LUBUSKIE,HELENA,KOBIETA,23
8,LUBUSKIE,JULIA,KOBIETA,23
8,LUBUSKIE,ZUZANNA,KOBIETA,23
8,LUBUSKIE,EWA,KOBIETA,20
8,LUBUSKIE,KATARZYNA,KOBIETA,20
8,LUBUSKIE,HANNA,KOBIETA,18
8,LUBUSKIE,JOANNA,KOBIETA,18
8,LUBUSKIE,MAJA,KOBIETA,18
8,LUBUSKIE,KRYSTYNA,KOBIETA,17
8,LUBUSKIE,LAURA,KOBIETA,17
8,LUBUSKIE,MAGDALENA,KOBIETA,17
8,LUBUSKIE,MAŁGORZATA,KOBIETA,17
8,LUBUSKIE,MONIKA,KOBIETA,17
8,LUBUSKIE,WERONIKA,KOBIETA,17
8,LUBUSKIE,KAROLINA,KOBIETA,16
8,LUBUSKIE,ANASTAZJA,KOBIETA,15
8,LUBUSKIE,BEATA,KOBIETA,15
8,LUBUSKIE,DANUTA,KOBIETA,15
8,LUBUSKIE,ELŻBIETA,KOBIETA,15
8,LUBUSKIE,OLIWIA,KOBIETA,15
8,LUBUSKIE,JADWIGA,KOBIETA,14
8,LUBUSKIE,JANINA,KOBIETA,14
8,LUBUSKIE,TERESA,KOBIETA,14
8,LUBUSKIE,ANTONINA,KOBIETA,12
8,LUBUSKIE,DOROTA,KOBIETA,12
8,LUBUSKIE,EMILIA,KOBIETA,12
8,LUBUSKIE,MARIANNA,KOBIETA,12
8,LUBUSKIE,RÓŻA,KOBIETA,12
8,LUBUSKIE,AGNIESZKA,KOBIETA,11
8,LUBUSKIE,IRENA,KOBIETA,11
8,LUBUSKIE,MARTA,KOBIETA,11
8,LUBUSKIE,BARBARA,KOBIETA,10
8,LUBUSKIE,GABRIELA,KOBIETA,10
8,LUBUSKIE,KLARA,KOBIETA,10
8,LUBUSKIE,RENATA,KOBIETA,10
8,LUBUSKIE,STANISŁAWA,KOBIETA,10
8,LUBUSKIE,AMELIA,KOBIETA,9
8,LUBUSKIE,ANIELA,KOBIETA,9
8,LUBUSKIE,JOLANTA,KOBIETA,9
8,LUBUSKIE,KAJA,KOBIETA,8
8,LUBUSKIE,NATALIA,KOBIETA,8
8,LUBUSKIE,AGATA,KOBIETA,7
8,LUBUSKIE,IGA,KOBIETA,7
8,LUBUSKIE,MARCELINA,KOBIETA,7
8,LUBUSKIE,NADIA,KOBIETA,7
8,LUBUSKIE,ROZALIA,KOBIETA,7
8,LUBUSKIE,URSZULA,KOBIETA,7
8,LUBUSKIE,KINGA,KOBIETA,6
8,LUBUSKIE,LENA,KOBIETA,6
8,LUBUSKIE,MATYLDA,KOBIETA,6
8,LUBUSKIE,MIA,KOBIETA,6
8,LUBUSKIE,PAULINA,KOBIETA,6
8,LUBUSKIE,POLA,KOBIETA,6
8,LUBUSKIE,ANETA,KOBIETA,5
8,LUBUSKIE,AURELIA,KOBIETA,5
8,LUBUSKIE,EWELINA,KOBIETA,5
8,LUBUSKIE,HALINA,KOBIETA,5
8,LUBUSKIE,IWONA,KOBIETA,5
8,LUBUSKIE,IZABELA,KOBIETA,5
8,LUBUSKIE,JAGODA,KOBIETA,5
8,LUBUSKIE,JAŚMINA,KOBIETA,5
8,LUBUSKIE,KORNELIA,KOBIETA,5
8,LUBUSKIE,ŁUCJA,KOBIETA,5
8,LUBUSKIE,PATRYCJA,KOBIETA,5
8,LUBUSKIE,SABINA,KOBIETA,5
8,LUBUSKIE,STEFANIA,KOBIETA,5
8,LUBUSKIE,WANDA,KOBIETA,5
8,LUBUSKIE,ANITA,KOBIETA,4
8,LUBUSKIE,EMMA,KOBIETA,4
8,LUBUSKIE,LIDIA,KOBIETA,4
8,LUBUSKIE,LIWIA,KOBIETA,4
8,LUBUSKIE,MALWINA,KOBIETA,4
8,LUBUSKIE,MARZENA,KOBIETA,4
8,LUBUSKIE,MICHALINA,KOBIETA,4
8,LUBUSKIE,RITA,KOBIETA,4
8,LUBUSKIE,SARA,KOBIETA,4
8,LUBUSKIE,ADELA,KOBIETA,3
8,LUBUSKIE,ADRIANNA,KOBIETA,3
8,LUBUSKIE,ALINA,KOBIETA,3
8,LUBUSKIE,BLANKA,KOBIETA,3
8,LUBUSKIE,CECYLIA,KOBIETA,3
8,LUBUSKIE,DAGMARA,KOBIETA,3
8,LUBUSKIE,DARIA,KOBIETA,3
8,LUBUSKIE,DIANA,KOBIETA,3
8,LUBUSKIE,DOMINIKA,KOBIETA,3
8,LUBUSKIE,ELENA,KOBIETA,3
8,LUBUSKIE,FRANCISZKA,KOBIETA,3
8,LUBUSKIE,GAJA,KOBIETA,3
8,LUBUSKIE,IZABELLA,KOBIETA,3
8,LUBUSKIE,JÓZEFA,KOBIETA,3
8,LUBUSKIE,JUSTYNA,KOBIETA,3
8,LUBUSKIE,KARINA,KOBIETA,3
8,LUBUSKIE,LILIANA,KOBIETA,3
8,LUBUSKIE,MILENA,KOBIETA,3
8,LUBUSKIE,NIKOLA,KOBIETA,3
8,LUBUSKIE,PAULA,KOBIETA,3
8,LUBUSKIE,REGINA,KOBIETA,3
8,LUBUSKIE,SANDRA,KOBIETA,3
8,LUBUSKIE,SOFIA,KOBIETA,3
8,LUBUSKIE,WIOLETTA,KOBIETA,3
8,LUBUSKIE,ANGELIKA,KOBIETA,2
8,LUBUSKIE,AURORA,KOBIETA,2
8,LUBUSKIE,BIANKA,KOBIETA,2
8,LUBUSKIE,BOŻENA,KOBIETA,2
8,LUBUSKIE,EDYTA,KOBIETA,2
8,LUBUSKIE,ELEONORA,KOBIETA,2
8,LUBUSKIE,ELIZA,KOBIETA,2
8,LUBUSKIE,ESTERA,KOBIETA,2
8,LUBUSKIE,GENOWEFA,KOBIETA,2
8,LUBUSKIE,GRAŻYNA,KOBIETA,2
8,LUBUSKIE,KAMILA,KOBIETA,2
8,LUBUSKIE,KLAUDIA,KOBIETA,2
8,LUBUSKIE,LEOKADIA,KOBIETA,2
8,LUBUSKIE,LILLA,KOBIETA,2
8,LUBUSKIE,LUCYNA,KOBIETA,2
8,LUBUSKIE,LUIZA,KOBIETA,2
8,LUBUSKIE,MARIKA,KOBIETA,2
8,LUBUSKIE,MARIOLA,KOBIETA,2
8,LUBUSKIE,MARTYNA,KOBIETA,2
8,LUBUSKIE,NELA,KOBIETA,2
8,LUBUSKIE,NINA,KOBIETA,2
8,LUBUSKIE,OKTAWIA,KOBIETA,2
8,LUBUSKIE,OLGA,KOBIETA,2
8,LUBUSKIE,SYLWIA,KOBIETA,2
8,LUBUSKIE,VICTORIA,KOBIETA,2
8,LUBUSKIE,WALERIA,KOBIETA,2
8,LUBUSKIE,WIESŁAWA,KOBIETA,2
8,LUBUSKIE,WIOLETA,KOBIETA,2
8,LUBUSKIE,ŻANETA,KOBIETA,2
10,ŁÓDZKIE,,KOBIETA,5089
10,ŁÓDZKIE,MARIA,KOBIETA,358
10,ŁÓDZKIE,ANNA,KOBIETA,299
10,ŁÓDZKIE,ZOFIA,KOBIETA,144
10,ŁÓDZKIE,MAGDALENA,KOBIETA,104
10,ŁÓDZKIE,WIKTORIA,KOBIETA,98
10,ŁÓDZKIE,KATARZYNA,KOBIETA,97
10,ŁÓDZKIE,HELENA,KOBIETA,83
10,ŁÓDZKIE,EWA,KOBIETA,78
10,ŁÓDZKIE,JULIA,KOBIETA,78
10,ŁÓDZKIE,ALICJA,KOBIETA,77
10,ŁÓDZKIE,LAURA,KOBIETA,75
10,ŁÓDZKIE,MAŁGORZATA,KOBIETA,70
10,ŁÓDZKIE,ALEKSANDRA,KOBIETA,69
10,ŁÓDZKIE,OLIWIA,KOBIETA,67
10,ŁÓDZKIE,WERONIKA,KOBIETA,67
10,ŁÓDZKIE,ZUZANNA,KOBIETA,64
10,ŁÓDZKIE,BARBARA,KOBIETA,63
10,ŁÓDZKIE,TERESA,KOBIETA,60
10,ŁÓDZKIE,NATALIA,KOBIETA,57
10,ŁÓDZKIE,KAROLINA,KOBIETA,53
10,ŁÓDZKIE,ŁUCJA,KOBIETA,51
10,ŁÓDZKIE,MAJA,KOBIETA,51
10,ŁÓDZKIE,MARIANNA,KOBIETA,49
10,ŁÓDZKIE,ANTONINA,KOBIETA,48
10,ŁÓDZKIE,MICHALINA,KOBIETA,48
10,ŁÓDZKIE,ELŻBIETA,KOBIETA,46
10,ŁÓDZKIE,AGNIESZKA,KOBIETA,45
10,ŁÓDZKIE,HANNA,KOBIETA,42
10,ŁÓDZKIE,JOANNA,KOBIETA,40
10,ŁÓDZKIE,ANASTAZJA,KOBIETA,36
10,ŁÓDZKIE,JADWIGA,KOBIETA,36
10,ŁÓDZKIE,LENA,KOBIETA,36
10,ŁÓDZKIE,MARTA,KOBIETA,36
10,ŁÓDZKIE,AMELIA,KOBIETA,35
10,ŁÓDZKIE,DOROTA,KOBIETA,34
10,ŁÓDZKIE,JANINA,KOBIETA,32
10,ŁÓDZKIE,PATRYCJA,KOBIETA,32
10,ŁÓDZKIE,KRYSTYNA,KOBIETA,31
10,ŁÓDZKIE,MONIKA,KOBIETA,31
10,ŁÓDZKIE,DANUTA,KOBIETA,28
10,ŁÓDZKIE,POLA,KOBIETA,28
10,ŁÓDZKIE,RÓŻA,KOBIETA,28
10,ŁÓDZKIE,KORNELIA,KOBIETA,27
10,ŁÓDZKIE,MARCELINA,KOBIETA,27
10,ŁÓDZKIE,KLARA,KOBIETA,25
10,ŁÓDZKIE,PAULINA,KOBIETA,24
10,ŁÓDZKIE,BEATA,KOBIETA,23
10,ŁÓDZKIE,BLANKA,KOBIETA,23
10,ŁÓDZKIE,EMILIA,KOBIETA,23
10,ŁÓDZKIE,IZABELA,KOBIETA,23
10,ŁÓDZKIE,JAGODA,KOBIETA,23
10,ŁÓDZKIE,ANIELA,KOBIETA,22
10,ŁÓDZKIE,IGA,KOBIETA,20
10,ŁÓDZKIE,IRENA,KOBIETA,20
10,ŁÓDZKIE,AGATA,KOBIETA,19
10,ŁÓDZKIE,DOMINIKA,KOBIETA,19
10,ŁÓDZKIE,JUSTYNA,KOBIETA,19
10,ŁÓDZKIE,KLAUDIA,KOBIETA,19
10,ŁÓDZKIE,NADIA,KOBIETA,19
10,ŁÓDZKIE,NIKOLA,KOBIETA,19
10,ŁÓDZKIE,ROZALIA,KOBIETA,19
10,ŁÓDZKIE,KINGA,KOBIETA,18
10,ŁÓDZKIE,SYLWIA,KOBIETA,18
10,ŁÓDZKIE,KAMILA,KOBIETA,17
10,ŁÓDZKIE,RITA,KOBIETA,17
10,ŁÓDZKIE,GABRIELA,KOBIETA,16
10,ŁÓDZKIE,LILIANA,KOBIETA,16
10,ŁÓDZKIE,STEFANIA,KOBIETA,16
10,ŁÓDZKIE,URSZULA,KOBIETA,16
10,ŁÓDZKIE,WANDA,KOBIETA,16
10,ŁÓDZKIE,AURELIA,KOBIETA,15
10,ŁÓDZKIE,LIDIA,KOBIETA,15
10,ŁÓDZKIE,RENATA,KOBIETA,14
10,ŁÓDZKIE,STANISŁAWA,KOBIETA,14
10,ŁÓDZKIE,HALINA,KOBIETA,13
10,ŁÓDZKIE,IWONA,KOBIETA,13
10,ŁÓDZKIE,MIA,KOBIETA,13
10,ŁÓDZKIE,MILENA,KOBIETA,13
10,ŁÓDZKIE,ADRIANNA,KOBIETA,12
10,ŁÓDZKIE,APOLONIA,KOBIETA,12
10,ŁÓDZKIE,BOŻENA,KOBIETA,12
10,ŁÓDZKIE,DARIA,KOBIETA,12
10,ŁÓDZKIE,KAJA,KOBIETA,12
10,ŁÓDZKIE,MARTYNA,KOBIETA,12
10,ŁÓDZKIE,NELA,KOBIETA,11
10,ŁÓDZKIE,NINA,KOBIETA,11
10,ŁÓDZKIE,CECYLIA,KOBIETA,10
10,ŁÓDZKIE,EWELINA,KOBIETA,10
10,ŁÓDZKIE,JOLANTA,KOBIETA,10
10,ŁÓDZKIE,SARA,KOBIETA,10
10,ŁÓDZKIE,ELIZA,KOBIETA,9
10,ŁÓDZKIE,JÓZEFA,KOBIETA,9
10,ŁÓDZKIE,OLGA,KOBIETA,9
10,ŁÓDZKIE,WIESŁAWA,KOBIETA,9
10,ŁÓDZKIE,FAUSTYNA,KOBIETA,8
10,ŁÓDZKIE,LUCYNA,KOBIETA,8
10,ŁÓDZKIE,SABINA,KOBIETA,8
10,ŁÓDZKIE,GAJA,KOBIETA,7
10,ŁÓDZKIE,HENRYKA,KOBIETA,7
10,ŁÓDZKIE,KALINA,KOBIETA,7
10,ŁÓDZKIE,LEA,KOBIETA,7
10,ŁÓDZKIE,ANETA,KOBIETA,6
10,ŁÓDZKIE,DANIELA,KOBIETA,6
10,ŁÓDZKIE,LIWIA,KOBIETA,6
10,ŁÓDZKIE,MARIOLA,KOBIETA,6
10,ŁÓDZKIE,MATYLDA,KOBIETA,6
10,ŁÓDZKIE,DIANA,KOBIETA,5
10,ŁÓDZKIE,EDYTA,KOBIETA,5
10,ŁÓDZKIE,GRAŻYNA,KOBIETA,5
10,ŁÓDZKIE,IDA,KOBIETA,5
10,ŁÓDZKIE,ILONA,KOBIETA,5
10,ŁÓDZKIE,JÓZEFINA,KOBIETA,5
10,ŁÓDZKIE,MARIKA,KOBIETA,5
10,ŁÓDZKIE,MIROSŁAWA,KOBIETA,5
10,ŁÓDZKIE,REGINA,KOBIETA,5
10,ŁÓDZKIE,SANDRA,KOBIETA,5
10,ŁÓDZKIE,ADA,KOBIETA,4
10,ŁÓDZKIE,BIANKA,KOBIETA,4
10,ŁÓDZKIE,IZABELLA,KOBIETA,4
10,ŁÓDZKIE,KAZIMIERA,KOBIETA,4
10,ŁÓDZKIE,LILIANNA,KOBIETA,4
10,ŁÓDZKIE,MARLENA,KOBIETA,4
10,ŁÓDZKIE,SONIA,KOBIETA,4
10,ŁÓDZKIE,WIOLETTA,KOBIETA,4
10,ŁÓDZKIE,ŻANETA,KOBIETA,4
10,ŁÓDZKIE,ALINA,KOBIETA,3
10,ŁÓDZKIE,ANGELIKA,KOBIETA,3
10,ŁÓDZKIE,AURORA,KOBIETA,3
10,ŁÓDZKIE,BOGUMIŁA,KOBIETA,3
10,ŁÓDZKIE,BOGUSŁAWA,KOBIETA,3
10,ŁÓDZKIE,DAGMARA,KOBIETA,3
10,ŁÓDZKIE,FRANCISZKA,KOBIETA,3
10,ŁÓDZKIE,JULIANNA,KOBIETA,3
10,ŁÓDZKIE,KONSTANCJA,KOBIETA,3
10,ŁÓDZKIE,LEOKADIA,KOBIETA,3
10,ŁÓDZKIE,LILA,KOBIETA,3
10,ŁÓDZKIE,LUIZA,KOBIETA,3
10,ŁÓDZKIE,MALWINA,KOBIETA,3
10,ŁÓDZKIE,MARZENA,KOBIETA,3
10,ŁÓDZKIE,MELANIA,KOBIETA,3
10,ŁÓDZKIE,OLIMPIA,KOBIETA,3
10,ŁÓDZKIE,OLIVIA,KOBIETA,3
10,ŁÓDZKIE,PAULA,KOBIETA,3
10,ŁÓDZKIE,ROKSANA,KOBIETA,3
10,ŁÓDZKIE,ADELA,KOBIETA,2
10,ŁÓDZKIE,ADRIANA,KOBIETA,2
10,ŁÓDZKIE,ANDŻELIKA,KOBIETA,2
10,ŁÓDZKIE,ANITA,KOBIETA,2
10,ŁÓDZKIE,BRONISŁAWA,KOBIETA,2
10,ŁÓDZKIE,CELINA,KOBIETA,2
10,ŁÓDZKIE,CZESŁAWA,KOBIETA,2
10,ŁÓDZKIE,ELENA,KOBIETA,2
10,ŁÓDZKIE,ELZA,KOBIETA,2
10,ŁÓDZKIE,EMMA,KOBIETA,2
10,ŁÓDZKIE,EUGENIA,KOBIETA,2
10,ŁÓDZKIE,FELICJA,KOBIETA,2
10,ŁÓDZKIE,FLORENTYNA,KOBIETA,2
10,ŁÓDZKIE,FRANCESCA,KOBIETA,2
10,ŁÓDZKIE,JAGNA,KOBIETA,2
10,ŁÓDZKIE,MERCEDES,KOBIETA,2
10,ŁÓDZKIE,NADZIEJA,KOBIETA,2
10,ŁÓDZKIE,NICOLA,KOBIETA,2
10,ŁÓDZKIE,NOELIA,KOBIETA,2
10,ŁÓDZKIE,OKTAWIA,KOBIETA,2
10,ŁÓDZKIE,ROSE,KOBIETA,2
10,ŁÓDZKIE,SAMANTA,KOBIETA,2
10,ŁÓDZKIE,SOFIA,KOBIETA,2
10,ŁÓDZKIE,VIKTORIA,KOBIETA,2
10,ŁÓDZKIE,VIOLETTA,KOBIETA,2
10,ŁÓDZKIE,WALENTYNA,KOBIETA,2
10,ŁÓDZKIE,WŁADYSŁAWA,KOBIETA,2
10,ŁÓDZKIE,ZOJA,KOBIETA,2
12,MAŁOPOLSKIE,,KOBIETA,6302
12,MAŁOPOLSKIE,MARIA,KOBIETA,1267
12,MAŁOPOLSKIE,ANNA,KOBIETA,705
12,MAŁOPOLSKIE,ZOFIA,KOBIETA,417
12,MAŁOPOLSKIE,WIKTORIA,KOBIETA,231
12,MAŁOPOLSKIE,MAGDALENA,KOBIETA,225
12,MAŁOPOLSKIE,HELENA,KOBIETA,215
12,MAŁOPOLSKIE,KATARZYNA,KOBIETA,212
12,MAŁOPOLSKIE,JULIA,KOBIETA,211
12,MAŁOPOLSKIE,RITA,KOBIETA,196
12,MAŁOPOLSKIE,MAŁGORZATA,KOBIETA,188
12,MAŁOPOLSKIE,ALEKSANDRA,KOBIETA,179
12,MAŁOPOLSKIE,BARBARA,KOBIETA,171
12,MAŁOPOLSKIE,WERONIKA,KOBIETA,165
12,MAŁOPOLSKIE,ALICJA,KOBIETA,157
12,MAŁOPOLSKIE,EWA,KOBIETA,151
12,MAŁOPOLSKIE,ŁUCJA,KOBIETA,143
12,MAŁOPOLSKIE,KAROLINA,KOBIETA,140
12,MAŁOPOLSKIE,EMILIA,KOBIETA,137
12,MAŁOPOLSKIE,JOANNA,KOBIETA,132
12,MAŁOPOLSKIE,ZUZANNA,KOBIETA,132
12,MAŁOPOLSKIE,TERESA,KOBIETA,120
12,MAŁOPOLSKIE,AGNIESZKA,KOBIETA,115
12,MAŁOPOLSKIE,NATALIA,KOBIETA,110
12,MAŁOPOLSKIE,OLIWIA,KOBIETA,104
12,MAŁOPOLSKIE,KRYSTYNA,KOBIETA,100
12,MAŁOPOLSKIE,ELŻBIETA,KOBIETA,96
12,MAŁOPOLSKIE,ANTONINA,KOBIETA,92
12,MAŁOPOLSKIE,MONIKA,KOBIETA,91
12,MAŁOPOLSKIE,LAURA,KOBIETA,90
12,MAŁOPOLSKIE,ANIELA,KOBIETA,88
12,MAŁOPOLSKIE,KLARA,KOBIETA,85
12,MAŁOPOLSKIE,MICHALINA,KOBIETA,84
12,MAŁOPOLSKIE,ANASTAZJA,KOBIETA,82
12,MAŁOPOLSKIE,KINGA,KOBIETA,82
12,MAŁOPOLSKIE,MAJA,KOBIETA,81
12,MAŁOPOLSKIE,JANINA,KOBIETA,78
12,MAŁOPOLSKIE,MARTA,KOBIETA,78
12,MAŁOPOLSKIE,DOROTA,KOBIETA,76
12,MAŁOPOLSKIE,PAULINA,KOBIETA,76
12,MAŁOPOLSKIE,HANNA,KOBIETA,72
12,MAŁOPOLSKIE,GABRIELA,KOBIETA,69
12,MAŁOPOLSKIE,RÓŻA,KOBIETA,66
12,MAŁOPOLSKIE,AMELIA,KOBIETA,58
12,MAŁOPOLSKIE,IZABELA,KOBIETA,56
12,MAŁOPOLSKIE,LENA,KOBIETA,56
12,MAŁOPOLSKIE,JADWIGA,KOBIETA,52
12,MAŁOPOLSKIE,AGATA,KOBIETA,51
12,MAŁOPOLSKIE,DOMINIKA,KOBIETA,51
12,MAŁOPOLSKIE,DANUTA,KOBIETA,50
12,MAŁOPOLSKIE,PATRYCJA,KOBIETA,50
12,MAŁOPOLSKIE,JUSTYNA,KOBIETA,47
12,MAŁOPOLSKIE,FAUSTYNA,KOBIETA,46
12,MAŁOPOLSKIE,IRENA,KOBIETA,46
12,MAŁOPOLSKIE,KAMILA,KOBIETA,46
12,MAŁOPOLSKIE,ROZALIA,KOBIETA,46
12,MAŁOPOLSKIE,STANISŁAWA,KOBIETA,46
12,MAŁOPOLSKIE,KLAUDIA,KOBIETA,42
12,MAŁOPOLSKIE,URSZULA,KOBIETA,42
12,MAŁOPOLSKIE,EWELINA,KOBIETA,41
12,MAŁOPOLSKIE,SYLWIA,KOBIETA,41
12,MAŁOPOLSKIE,HALINA,KOBIETA,40
12,MAŁOPOLSKIE,MARIANNA,KOBIETA,40
12,MAŁOPOLSKIE,STEFANIA,KOBIETA,39
12,MAŁOPOLSKIE,BEATA,KOBIETA,37
12,MAŁOPOLSKIE,JOLANTA,KOBIETA,35
12,MAŁOPOLSKIE,POLA,KOBIETA,35
12,MAŁOPOLSKIE,IWONA,KOBIETA,34
12,MAŁOPOLSKIE,RENATA,KOBIETA,34
12,MAŁOPOLSKIE,LIDIA,KOBIETA,33
12,MAŁOPOLSKIE,WANDA,KOBIETA,32
12,MAŁOPOLSKIE,SARA,KOBIETA,30
12,MAŁOPOLSKIE,GRAŻYNA,KOBIETA,29
12,MAŁOPOLSKIE,JAGODA,KOBIETA,29
12,MAŁOPOLSKIE,JÓZEFA,KOBIETA,29
12,MAŁOPOLSKIE,KORNELIA,KOBIETA,29
12,MAŁOPOLSKIE,MARCELINA,KOBIETA,29
12,MAŁOPOLSKIE,NADIA,KOBIETA,29
12,MAŁOPOLSKIE,DARIA,KOBIETA,25
12,MAŁOPOLSKIE,LILIANA,KOBIETA,24
12,MAŁOPOLSKIE,MILENA,KOBIETA,24
12,MAŁOPOLSKIE,MATYLDA,KOBIETA,23
12,MAŁOPOLSKIE,MARTYNA,KOBIETA,22
12,MAŁOPOLSKIE,NIKOLA,KOBIETA,22
12,MAŁOPOLSKIE,LUCYNA,KOBIETA,21
12,MAŁOPOLSKIE,BLANKA,KOBIETA,20
12,MAŁOPOLSKIE,IGA,KOBIETA,20
12,MAŁOPOLSKIE,OLGA,KOBIETA,20
12,MAŁOPOLSKIE,ANGELIKA,KOBIETA,19
12,MAŁOPOLSKIE,BOŻENA,KOBIETA,17
12,MAŁOPOLSKIE,AURELIA,KOBIETA,15
12,MAŁOPOLSKIE,ELIZA,KOBIETA,15
12,MAŁOPOLSKIE,SABINA,KOBIETA,15
12,MAŁOPOLSKIE,ALINA,KOBIETA,14
12,MAŁOPOLSKIE,ANETA,KOBIETA,14
12,MAŁOPOLSKIE,CECYLIA,KOBIETA,14
12,MAŁOPOLSKIE,FRANCISZKA,KOBIETA,14
12,MAŁOPOLSKIE,MIA,KOBIETA,14
12,MAŁOPOLSKIE,ADRIANNA,KOBIETA,13
12,MAŁOPOLSKIE,EDYTA,KOBIETA,13
12,MAŁOPOLSKIE,JÓZEFINA,KOBIETA,13
12,MAŁOPOLSKIE,FELICJA,KOBIETA,12
12,MAŁOPOLSKIE,LILIANNA,KOBIETA,12
12,MAŁOPOLSKIE,NADZIEJA,KOBIETA,12
12,MAŁOPOLSKIE,SANDRA,KOBIETA,12
12,MAŁOPOLSKIE,BOGUMIŁA,KOBIETA,11
12,MAŁOPOLSKIE,BOGUSŁAWA,KOBIETA,11
12,MAŁOPOLSKIE,MARZENA,KOBIETA,11
12,MAŁOPOLSKIE,NINA,KOBIETA,11
12,MAŁOPOLSKIE,ADELA,KOBIETA,10
12,MAŁOPOLSKIE,SOFIA,KOBIETA,10
12,MAŁOPOLSKIE,WŁADYSŁAWA,KOBIETA,10
12,MAŁOPOLSKIE,DAGMARA,KOBIETA,9
12,MAŁOPOLSKIE,LIWIA,KOBIETA,9
12,MAŁOPOLSKIE,LUIZA,KOBIETA,9
12,MAŁOPOLSKIE,APOLONIA,KOBIETA,8
12,MAŁOPOLSKIE,DIANA,KOBIETA,8
12,MAŁOPOLSKIE,KAJA,KOBIETA,8
12,MAŁOPOLSKIE,KARINA,KOBIETA,8
12,MAŁOPOLSKIE,LEOKADIA,KOBIETA,8
12,MAŁOPOLSKIE,MARLENA,KOBIETA,8
12,MAŁOPOLSKIE,ANITA,KOBIETA,7
12,MAŁOPOLSKIE,CELINA,KOBIETA,7
12,MAŁOPOLSKIE,CZESŁAWA,KOBIETA,7
12,MAŁOPOLSKIE,GAJA,KOBIETA,7
12,MAŁOPOLSKIE,ILONA,KOBIETA,7
12,MAŁOPOLSKIE,JUDYTA,KOBIETA,7
12,MAŁOPOLSKIE,JULITA,KOBIETA,7
12,MAŁOPOLSKIE,KONSTANCJA,KOBIETA,7
12,MAŁOPOLSKIE,MELANIA,KOBIETA,7
12,MAŁOPOLSKIE,VICTORIA,KOBIETA,7
12,MAŁOPOLSKIE,AURORA,KOBIETA,6
12,MAŁOPOLSKIE,BERNADETTA,KOBIETA,6
12,MAŁOPOLSKIE,ESTERA,KOBIETA,6
12,MAŁOPOLSKIE,GENOWEFA,KOBIETA,6
12,MAŁOPOLSKIE,IDA,KOBIETA,6
12,MAŁOPOLSKIE,LUNA,KOBIETA,6
12,MAŁOPOLSKIE,OTYLIA,KOBIETA,6
12,MAŁOPOLSKIE,WIESŁAWA,KOBIETA,6
12,MAŁOPOLSKIE,DANIELA,KOBIETA,5
12,MAŁOPOLSKIE,ELENA,KOBIETA,5
12,MAŁOPOLSKIE,EMMA,KOBIETA,5
12,MAŁOPOLSKIE,HONORATA,KOBIETA,5
12,MAŁOPOLSKIE,INGA,KOBIETA,5
12,MAŁOPOLSKIE,JULIANNA,KOBIETA,5
12,MAŁOPOLSKIE,KALINA,KOBIETA,5
12,MAŁOPOLSKIE,LILA,KOBIETA,5
12,MAŁOPOLSKIE,MALWINA,KOBIETA,5
12,MAŁOPOLSKIE,MARIKA,KOBIETA,5
12,MAŁOPOLSKIE,MARIOLA,KOBIETA,5
12,MAŁOPOLSKIE,NELA,KOBIETA,5
12,MAŁOPOLSKIE,OLIMPIA,KOBIETA,5
12,MAŁOPOLSKIE,PAULA,KOBIETA,5
12,MAŁOPOLSKIE,SALOMEA,KOBIETA,5
12,MAŁOPOLSKIE,WIOLETTA,KOBIETA,5
12,MAŁOPOLSKIE,ZOJA,KOBIETA,5
12,MAŁOPOLSKIE,ADA,KOBIETA,4
12,MAŁOPOLSKIE,ALEXANDRA,KOBIETA,4
12,MAŁOPOLSKIE,ANDŻELIKA,KOBIETA,4
12,MAŁOPOLSKIE,BERNADETA,KOBIETA,4
12,MAŁOPOLSKIE,BIANKA,KOBIETA,4
12,MAŁOPOLSKIE,ELEONORA,KOBIETA,4
12,MAŁOPOLSKIE,HIACYNTA,KOBIETA,4
12,MAŁOPOLSKIE,IZABELLA,KOBIETA,4
12,MAŁOPOLSKIE,JAŚMINA,KOBIETA,4
12,MAŁOPOLSKIE,KAZIMIERA,KOBIETA,4
12,MAŁOPOLSKIE,LEA,KOBIETA,4
12,MAŁOPOLSKIE,NICOLA,KOBIETA,4
12,MAŁOPOLSKIE,OLIVIA,KOBIETA,4
12,MAŁOPOLSKIE,REGINA,KOBIETA,4
12,MAŁOPOLSKIE,ROKSANA,KOBIETA,4
12,MAŁOPOLSKIE,ALFREDA,KOBIETA,3
12,MAŁOPOLSKIE,ELIZABETH,KOBIETA,3
12,MAŁOPOLSKIE,GLORIA,KOBIETA,3
12,MAŁOPOLSKIE,HENRYKA,KOBIETA,3
12,MAŁOPOLSKIE,JOWITA,KOBIETA,3
12,MAŁOPOLSKIE,KLEMENTYNA,KOBIETA,3
12,MAŁOPOLSKIE,LILIA,KOBIETA,3
12,MAŁOPOLSKIE,MARIIA,KOBIETA,3
12,MAŁOPOLSKIE,MIRIAM,KOBIETA,3
12,MAŁOPOLSKIE,MIROSŁAWA,KOBIETA,3
12,MAŁOPOLSKIE,OKTAWIA,KOBIETA,3
12,MAŁOPOLSKIE,ROMANA,KOBIETA,3
12,MAŁOPOLSKIE,STELLA,KOBIETA,3
12,MAŁOPOLSKIE,VANESSA,KOBIETA,3
12,MAŁOPOLSKIE,WIOLETA,KOBIETA,3
12,MAŁOPOLSKIE,ALDONA,KOBIETA,2
12,MAŁOPOLSKIE,ALOJZA,KOBIETA,2
12,MAŁOPOLSKIE,ANASTASIA,KOBIETA,2
12,MAŁOPOLSKIE,ANTONIA,KOBIETA,2
12,MAŁOPOLSKIE,BOGNA,KOBIETA,2
12,MAŁOPOLSKIE,BRONISŁAWA,KOBIETA,2
12,MAŁOPOLSKIE,BRYGIDA,KOBIETA,2
12,MAŁOPOLSKIE,CHLOE,KOBIETA,2
12,MAŁOPOLSKIE,EUGENIA,KOBIETA,2
12,MAŁOPOLSKIE,FILOMENA,KOBIETA,2
12,MAŁOPOLSKIE,GRACE,KOBIETA,2
12,MAŁOPOLSKIE,INKA,KOBIETA,2
12,MAŁOPOLSKIE,JAGNA,KOBIETA,2
12,MAŁOPOLSKIE,JOY,KOBIETA,2
12,MAŁOPOLSKIE,KLAUDYNA,KOBIETA,2
12,MAŁOPOLSKIE,LARA,KOBIETA,2
12,MAŁOPOLSKIE,LILI,KOBIETA,2
12,MAŁOPOLSKIE,LIV,KOBIETA,2
12,MAŁOPOLSKIE,LUDMIŁA,KOBIETA,2
12,MAŁOPOLSKIE,LUDWIKA,KOBIETA,2
12,MAŁOPOLSKIE,MAGDA,KOBIETA,2
12,MAŁOPOLSKIE,MARIAMA,KOBIETA,2
12,MAŁOPOLSKIE,MARIE,KOBIETA,2
12,MAŁOPOLSKIE,MARZANNA,KOBIETA,2
12,MAŁOPOLSKIE,MIRA,KOBIETA,2
12,MAŁOPOLSKIE,NEL,KOBIETA,2
12,MAŁOPOLSKIE,NOEMI,KOBIETA,2
12,MAŁOPOLSKIE,ROMA,KOBIETA,2
12,MAŁOPOLSKIE,ROSE,KOBIETA,2
12,MAŁOPOLSKIE,RYSZARDA,KOBIETA,2
12,MAŁOPOLSKIE,VIKTORIA,KOBIETA,2
12,MAŁOPOLSKIE,WALENTYNA,KOBIETA,2
12,MAŁOPOLSKIE,WALERIA,KOBIETA,2
12,MAŁOPOLSKIE,WANESSA,KOBIETA,2
12,MAŁOPOLSKIE,ZOE,KOBIETA,2
12,MAŁOPOLSKIE,ŻANETA,KOBIETA,2
14,MAZOWIECKIE,,KOBIETA,19073
14,MAZOWIECKIE,MARIA,KOBIETA,694
14,MAZOWIECKIE,ANNA,KOBIETA,431
14,MAZOWIECKIE,ZOFIA,KOBIETA,222
14,MAZOWIECKIE,HELENA,KOBIETA,149
14,MAZOWIECKIE,EWA,KOBIETA,137
14,MAZOWIECKIE,JULIA,KOBIETA,128
14,MAZOWIECKIE,ALICJA,KOBIETA,117
14,MAZOWIECKIE,ALEKSANDRA,KOBIETA,116
14,MAZOWIECKIE,MAGDALENA,KOBIETA,114
14,MAZOWIECKIE,WIKTORIA,KOBIETA,107
14,MAZOWIECKIE,BARBARA,KOBIETA,101
14,MAZOWIECKIE,ŁUCJA,KOBIETA,100
14,MAZOWIECKIE,KATARZYNA,KOBIETA,95
14,MAZOWIECKIE,MAŁGORZATA,KOBIETA,93
14,MAZOWIECKIE,ZUZANNA,KOBIETA,93
14,MAZOWIECKIE,RÓŻA,KOBIETA,88
14,MAZOWIECKIE,LAURA,KOBIETA,81
14,MAZOWIECKIE,HANNA,KOBIETA,80
14,MAZOWIECKIE,ELŻBIETA,KOBIETA,78
14,MAZOWIECKIE,TERESA,KOBIETA,77
14,MAZOWIECKIE,JADWIGA,KOBIETA,73
14,MAZOWIECKIE,ANTONINA,KOBIETA,70
14,MAZOWIECKIE,JOANNA,KOBIETA,69
14,MAZOWIECKIE,MICHALINA,KOBIETA,68
14,MAZOWIECKIE,MARIANNA,KOBIETA,66
14,MAZOWIECKIE,KRYSTYNA,KOBIETA,64
14,MAZOWIECKIE,MAJA,KOBIETA,58
14,MAZOWIECKIE,MARTA,KOBIETA,57
14,MAZOWIECKIE,KLARA,KOBIETA,56
14,MAZOWIECKIE,NATALIA,KOBIETA,53
14,MAZOWIECKIE,OLIWIA,KOBIETA,51
14,MAZOWIECKIE,RITA,KOBIETA,48
14,MAZOWIECKIE,EMILIA,KOBIETA,45
14,MAZOWIECKIE,IRENA,KOBIETA,45
14,MAZOWIECKIE,WERONIKA,KOBIETA,45
14,MAZOWIECKIE,AMELIA,KOBIETA,43
14,MAZOWIECKIE,POLA,KOBIETA,42
14,MAZOWIECKIE,AGNIESZKA,KOBIETA,41
14,MAZOWIECKIE,WANDA,KOBIETA,41
14,MAZOWIECKIE,ANASTAZJA,KOBIETA,40
14,MAZOWIECKIE,JANINA,KOBIETA,40
14,MAZOWIECKIE,JAGODA,KOBIETA,39
14,MAZOWIECKIE,KAROLINA,KOBIETA,39
14,MAZOWIECKIE,GABRIELA,KOBIETA,37
14,MAZOWIECKIE,LENA,KOBIETA,37
14,MAZOWIECKIE,IZABELA,KOBIETA,34
14,MAZOWIECKIE,LIDIA,KOBIETA,34
14,MAZOWIECKIE,MONIKA,KOBIETA,33
14,MAZOWIECKIE,SARA,KOBIETA,33
14,MAZOWIECKIE,STEFANIA,KOBIETA,32
14,MAZOWIECKIE,AURELIA,KOBIETA,29
14,MAZOWIECKIE,ANIELA,KOBIETA,28
14,MAZOWIECKIE,KORNELIA,KOBIETA,28
14,MAZOWIECKIE,DANUTA,KOBIETA,27
14,MAZOWIECKIE,JOLANTA,KOBIETA,26
14,MAZOWIECKIE,HALINA,KOBIETA,25
14,MAZOWIECKIE,MARCELINA,KOBIETA,24
14,MAZOWIECKIE,BEATA,KOBIETA,23
14,MAZOWIECKIE,MIA,KOBIETA,23
14,MAZOWIECKIE,PAULINA,KOBIETA,23
14,MAZOWIECKIE,DOROTA,KOBIETA,22
14,MAZOWIECKIE,AGATA,KOBIETA,21
14,MAZOWIECKIE,FAUSTYNA,KOBIETA,21
14,MAZOWIECKIE,KINGA,KOBIETA,21
14,MAZOWIECKIE,URSZULA,KOBIETA,21
14,MAZOWIECKIE,DOMINIKA,KOBIETA,20
14,MAZOWIECKIE,NINA,KOBIETA,20
14,MAZOWIECKIE,ROZALIA,KOBIETA,20
14,MAZOWIECKIE,IGA,KOBIETA,19
14,MAZOWIECKIE,MATYLDA,KOBIETA,19
14,MAZOWIECKIE,BLANKA,KOBIETA,18
14,MAZOWIECKIE,STANISŁAWA,KOBIETA,18
14,MAZOWIECKIE,LILIANA,KOBIETA,17
14,MAZOWIECKIE,OLGA,KOBIETA,17
14,MAZOWIECKIE,ALINA,KOBIETA,16
14,MAZOWIECKIE,BOŻENA,KOBIETA,16
14,MAZOWIECKIE,IWONA,KOBIETA,16
14,MAZOWIECKIE,JÓZEFINA,KOBIETA,16
14,MAZOWIECKIE,LEA,KOBIETA,16
14,MAZOWIECKIE,LILIANNA,KOBIETA,16
14,MAZOWIECKIE,NIKOLA,KOBIETA,16
14,MAZOWIECKIE,GAJA,KOBIETA,15
14,MAZOWIECKIE,KAMILA,KOBIETA,15
14,MAZOWIECKIE,KLAUDIA,KOBIETA,15
14,MAZOWIECKIE,PATRYCJA,KOBIETA,15
14,MAZOWIECKIE,FELICJA,KOBIETA,14
14,MAZOWIECKIE,REGINA,KOBIETA,14
14,MAZOWIECKIE,ADRIANNA,KOBIETA,13
14,MAZOWIECKIE,ANETA,KOBIETA,13
14,MAZOWIECKIE,GRAŻYNA,KOBIETA,13
14,MAZOWIECKIE,NADZIEJA,KOBIETA,13
14,MAZOWIECKIE,DARIA,KOBIETA,12
14,MAZOWIECKIE,DIANA,KOBIETA,12
14,MAZOWIECKIE,JUSTYNA,KOBIETA,12
14,MAZOWIECKIE,LUCYNA,KOBIETA,12
14,MAZOWIECKIE,VICTORIA,KOBIETA,12
14,MAZOWIECKIE,APOLONIA,KOBIETA,11
14,MAZOWIECKIE,KALINA,KOBIETA,11
14,MAZOWIECKIE,SOFIA,KOBIETA,11
14,MAZOWIECKIE,BOGUSŁAWA,KOBIETA,10
14,MAZOWIECKIE,LUIZA,KOBIETA,10
14,MAZOWIECKIE,NADIA,KOBIETA,10
14,MAZOWIECKIE,NELA,KOBIETA,10
14,MAZOWIECKIE,RENATA,KOBIETA,10
14,MAZOWIECKIE,KONSTANCJA,KOBIETA,9
14,MAZOWIECKIE,LUNA,KOBIETA,9
14,MAZOWIECKIE,SABINA,KOBIETA,9
14,MAZOWIECKIE,SYLWIA,KOBIETA,9
14,MAZOWIECKIE,CECYLIA,KOBIETA,8
14,MAZOWIECKIE,CELINA,KOBIETA,8
14,MAZOWIECKIE,EDYTA,KOBIETA,8
14,MAZOWIECKIE,ELIZA,KOBIETA,8
14,MAZOWIECKIE,HIACYNTA,KOBIETA,8
14,MAZOWIECKIE,IZABELLA,KOBIETA,8
14,MAZOWIECKIE,JÓZEFA,KOBIETA,8
14,MAZOWIECKIE,JULIANNA,KOBIETA,8
14,MAZOWIECKIE,LIWIA,KOBIETA,8
14,MAZOWIECKIE,MALINA,KOBIETA,8
14,MAZOWIECKIE,MARZENA,KOBIETA,8
14,MAZOWIECKIE,NEL,KOBIETA,8
14,MAZOWIECKIE,OLIVIA,KOBIETA,8
14,MAZOWIECKIE,BIANKA,KOBIETA,7
14,MAZOWIECKIE,DANIELA,KOBIETA,7
14,MAZOWIECKIE,GRACE,KOBIETA,7
14,MAZOWIECKIE,HENRYKA,KOBIETA,7
14,MAZOWIECKIE,KAJA,KOBIETA,7
14,MAZOWIECKIE,LILIA,KOBIETA,7
14,MAZOWIECKIE,MARLENA,KOBIETA,7
14,MAZOWIECKIE,WIOLETTA,KOBIETA,7
14,MAZOWIECKIE,ADA,KOBIETA,6
14,MAZOWIECKIE,ANITA,KOBIETA,6
14,MAZOWIECKIE,AURORA,KOBIETA,6
14,MAZOWIECKIE,ESTERA,KOBIETA,6
14,MAZOWIECKIE,EWELINA,KOBIETA,6
14,MAZOWIECKIE,FRANCISZKA,KOBIETA,6
14,MAZOWIECKIE,KAZIMIERA,KOBIETA,6
14,MAZOWIECKIE,LEOKADIA,KOBIETA,6
14,MAZOWIECKIE,LILA,KOBIETA,6
14,MAZOWIECKIE,MELANIA,KOBIETA,6
14,MAZOWIECKIE,MILENA,KOBIETA,6
14,MAZOWIECKIE,MIRA,KOBIETA,6
14,MAZOWIECKIE,NOEMI,KOBIETA,6
14,MAZOWIECKIE,WALERIA,KOBIETA,6
14,MAZOWIECKIE,WIESŁAWA,KOBIETA,6
14,MAZOWIECKIE,ADELA,KOBIETA,5
14,MAZOWIECKIE,ELENA,KOBIETA,5
14,MAZOWIECKIE,JAŚMINA,KOBIETA,5
14,MAZOWIECKIE,LARA,KOBIETA,5
14,MAZOWIECKIE,MAGDA,KOBIETA,5
14,MAZOWIECKIE,MARIIA,KOBIETA,5
14,MAZOWIECKIE,MARTYNA,KOBIETA,5
14,MAZOWIECKIE,MIROSŁAWA,KOBIETA,5
14,MAZOWIECKIE,SANDRA,KOBIETA,5
14,MAZOWIECKIE,BOGUMIŁA,KOBIETA,4
14,MAZOWIECKIE,BOŻENNA,KOBIETA,4
14,MAZOWIECKIE,DAGMARA,KOBIETA,4
14,MAZOWIECKIE,ELIZABETH,KOBIETA,4
14,MAZOWIECKIE,EMMA,KOBIETA,4
14,MAZOWIECKIE,EUGENIA,KOBIETA,4
14,MAZOWIECKIE,IDA,KOBIETA,4
14,MAZOWIECKIE,ISABELLA,KOBIETA,4
14,MAZOWIECKIE,KLEMENTYNA,KOBIETA,4
14,MAZOWIECKIE,MARIE,KOBIETA,4
14,MAZOWIECKIE,MARIKA,KOBIETA,4
14,MAZOWIECKIE,MARIOLA,KOBIETA,4
14,MAZOWIECKIE,MIRIAM,KOBIETA,4
14,MAZOWIECKIE,ROSE,KOBIETA,4
14,MAZOWIECKIE,VIKTORIA,KOBIETA,4
14,MAZOWIECKIE,WALENTYNA,KOBIETA,4
14,MAZOWIECKIE,WŁADYSŁAWA,KOBIETA,4
14,MAZOWIECKIE,ZOJA,KOBIETA,4
14,MAZOWIECKIE,ABIGAIL,KOBIETA,3
14,MAZOWIECKIE,ALDONA,KOBIETA,3
14,MAZOWIECKIE,ALEXANDRA,KOBIETA,3
14,MAZOWIECKIE,ANTONIA,KOBIETA,3
14,MAZOWIECKIE,BALBINA,KOBIETA,3
14,MAZOWIECKIE,CHLOE,KOBIETA,3
14,MAZOWIECKIE,ELEONORA,KOBIETA,3
14,MAZOWIECKIE,JUDYTA,KOBIETA,3
14,MAZOWIECKIE,KARINA,KOBIETA,3
14,MAZOWIECKIE,KIRA,KOBIETA,3
14,MAZOWIECKIE,LEONIA,KOBIETA,3
14,MAZOWIECKIE,LIGIA,KOBIETA,3
14,MAZOWIECKIE,LUDWIKA,KOBIETA,3
14,MAZOWIECKIE,MALWINA,KOBIETA,3
14,MAZOWIECKIE,MILA,KOBIETA,3
14,MAZOWIECKIE,PAULA,KOBIETA,3
14,MAZOWIECKIE,SAMANTA,KOBIETA,3
14,MAZOWIECKIE,SONIA,KOBIETA,3
14,MAZOWIECKIE,SOPHIA,KOBIETA,3
14,MAZOWIECKIE,SOPHIE,KOBIETA,3
14,MAZOWIECKIE,ADRIANA,KOBIETA,2
14,MAZOWIECKIE,AMANDA,KOBIETA,2
14,MAZOWIECKIE,ANDREA,KOBIETA,2
14,MAZOWIECKIE,ANGELIKA,KOBIETA,2
14,MAZOWIECKIE,ARIA,KOBIETA,2
14,MAZOWIECKIE,ARIANA,KOBIETA,2
14,MAZOWIECKIE,ARLETA,KOBIETA,2
14,MAZOWIECKIE,BELLA,KOBIETA,2
14,MAZOWIECKIE,BERNADETA,KOBIETA,2
14,MAZOWIECKIE,BRONISŁAWA,KOBIETA,2
14,MAZOWIECKIE,BRYGIDA,KOBIETA,2
14,MAZOWIECKIE,CARMEN,KOBIETA,2
14,MAZOWIECKIE,CHRISTINE,KOBIETA,2
14,MAZOWIECKIE,CLEO,KOBIETA,2
14,MAZOWIECKIE,COCO,KOBIETA,2
14,MAZOWIECKIE,DALIA,KOBIETA,2
14,MAZOWIECKIE,ELWIRA,KOBIETA,2
14,MAZOWIECKIE,ESTER,KOBIETA,2
14,MAZOWIECKIE,EVA,KOBIETA,2
14,MAZOWIECKIE,FLORENTYNA,KOBIETA,2
14,MAZOWIECKIE,FREYA,KOBIETA,2
14,MAZOWIECKIE,GENOWEFA,KOBIETA,2
14,MAZOWIECKIE,GLORIA,KOBIETA,2
14,MAZOWIECKIE,GRACJA,KOBIETA,2
14,MAZOWIECKIE,HONORATA,KOBIETA,2
14,MAZOWIECKIE,IDALIA,KOBIETA,2
14,MAZOWIECKIE,INES,KOBIETA,2
14,MAZOWIECKIE,INGA,KOBIETA,2
14,MAZOWIECKIE,IRMINA,KOBIETA,2
14,MAZOWIECKIE,LARYSA,KOBIETA,2
14,MAZOWIECKIE,LEILA,KOBIETA,2
14,MAZOWIECKIE,LETYCJA,KOBIETA,2
14,MAZOWIECKIE,LILI,KOBIETA,2
14,MAZOWIECKIE,LILY,KOBIETA,2
14,MAZOWIECKIE,LINH,KOBIETA,2
14,MAZOWIECKIE,LUKRECJA,KOBIETA,2
14,MAZOWIECKIE,LUSINE,KOBIETA,2
14,MAZOWIECKIE,MARGARET,KOBIETA,2
14,MAZOWIECKIE,MELISA,KOBIETA,2
14,MAZOWIECKIE,MERCEDES,KOBIETA,2
14,MAZOWIECKIE,MINA,KOBIETA,2
14,MAZOWIECKIE,NIKOL,KOBIETA,2
14,MAZOWIECKIE,NIKOLE,KOBIETA,2
14,MAZOWIECKIE,OKTAWIA,KOBIETA,2
14,MAZOWIECKIE,OLESIA,KOBIETA,2
14,MAZOWIECKIE,OTYLIA,KOBIETA,2
14,MAZOWIECKIE,PIA,KOBIETA,2
14,MAZOWIECKIE,ROSA,KOBIETA,2
14,MAZOWIECKIE,SABRINA,KOBIETA,2
16,OPOLSKIE,,KOBIETA,910
16,OPOLSKIE,MARIA,KOBIETA,262
16,OPOLSKIE,ANNA,KOBIETA,229
16,OPOLSKIE,ZOFIA,KOBIETA,64
16,OPOLSKIE,MAGDALENA,KOBIETA,63
16,OPOLSKIE,ŁUCJA,KOBIETA,53
16,OPOLSKIE,ALICJA,KOBIETA,51
16,OPOLSKIE,HELENA,KOBIETA,47
16,OPOLSKIE,KATARZYNA,KOBIETA,45
16,OPOLSKIE,WIKTORIA,KOBIETA,43
16,OPOLSKIE,BARBARA,KOBIETA,42
16,OPOLSKIE,ELŻBIETA,KOBIETA,39
16,OPOLSKIE,MAŁGORZATA,KOBIETA,39
16,OPOLSKIE,JULIA,KOBIETA,38
16,OPOLSKIE,AGNIESZKA,KOBIETA,34
16,OPOLSKIE,ALEKSANDRA,KOBIETA,32
16,OPOLSKIE,WERONIKA,KOBIETA,32
16,OPOLSKIE,ZUZANNA,KOBIETA,32
16,OPOLSKIE,EMILIA,KOBIETA,30
16,OPOLSKIE,LAURA,KOBIETA,30
16,OPOLSKIE,TERESA,KOBIETA,30
16,OPOLSKIE,MARTA,KOBIETA,29
16,OPOLSKIE,KAROLINA,KOBIETA,28
16,OPOLSKIE,JOANNA,KOBIETA,26
16,OPOLSKIE,EWA,KOBIETA,25
16,OPOLSKIE,NATALIA,KOBIETA,25
16,OPOLSKIE,ANASTAZJA,KOBIETA,23
16,OPOLSKIE,HANNA,KOBIETA,23
16,OPOLSKIE,KRYSTYNA,KOBIETA,23
16,OPOLSKIE,MAJA,KOBIETA,23
16,OPOLSKIE,MONIKA,KOBIETA,23
16,OPOLSKIE,ANTONINA,KOBIETA,21
16,OPOLSKIE,LENA,KOBIETA,21
16,OPOLSKIE,RÓŻA,KOBIETA,21
16,OPOLSKIE,OLIWIA,KOBIETA,20
16,OPOLSKIE,PAULINA,KOBIETA,20
16,OPOLSKIE,URSZULA,KOBIETA,20
16,OPOLSKIE,DOROTA,KOBIETA,19
16,OPOLSKIE,AGATA,KOBIETA,18
16,OPOLSKIE,AMELIA,KOBIETA,18
16,OPOLSKIE,JADWIGA,KOBIETA,17
16,OPOLSKIE,GABRIELA,KOBIETA,15
16,OPOLSKIE,JANINA,KOBIETA,15
16,OPOLSKIE,KLARA,KOBIETA,14
16,OPOLSKIE,MARTYNA,KOBIETA,14
16,OPOLSKIE,RITA,KOBIETA,14
16,OPOLSKIE,ANIELA,KOBIETA,13
16,OPOLSKIE,EDYTA,KOBIETA,13
16,OPOLSKIE,MARIANNA,KOBIETA,13
16,OPOLSKIE,MICHALINA,KOBIETA,13
16,OPOLSKIE,DANUTA,KOBIETA,12
16,OPOLSKIE,IZABELA,KOBIETA,12
16,OPOLSKIE,JUSTYNA,KOBIETA,12
16,OPOLSKIE,KINGA,KOBIETA,12
16,OPOLSKIE,MARCELINA,KOBIETA,12
16,OPOLSKIE,SARA,KOBIETA,12
16,OPOLSKIE,DOMINIKA,KOBIETA,11
16,OPOLSKIE,GRAŻYNA,KOBIETA,11
16,OPOLSKIE,IWONA,KOBIETA,11
16,OPOLSKIE,KAMILA,KOBIETA,11
16,OPOLSKIE,POLA,KOBIETA,11
16,OPOLSKIE,BEATA,KOBIETA,10
16,OPOLSKIE,SYLWIA,KOBIETA,10
16,OPOLSKIE,DARIA,KOBIETA,9
16,OPOLSKIE,FAUSTYNA,KOBIETA,9
16,OPOLSKIE,MILENA,KOBIETA,9
16,OPOLSKIE,STANISŁAWA,KOBIETA,9
16,OPOLSKIE,WANDA,KOBIETA,9
16,OPOLSKIE,ANETA,KOBIETA,8
16,OPOLSKIE,AURELIA,KOBIETA,8
16,OPOLSKIE,BOŻENA,KOBIETA,8
16,OPOLSKIE,HALINA,KOBIETA,8
16,OPOLSKIE,JAGODA,KOBIETA,8
16,OPOLSKIE,KLAUDIA,KOBIETA,8
16,OPOLSKIE,ROZALIA,KOBIETA,8
16,OPOLSKIE,SANDRA,KOBIETA,8
16,OPOLSKIE,IGA,KOBIETA,7
16,OPOLSKIE,LILIANA,KOBIETA,7
16,OPOLSKIE,LILIANNA,KOBIETA,7
16,OPOLSKIE,MATYLDA,KOBIETA,7
16,OPOLSKIE,MIA,KOBIETA,7
16,OPOLSKIE,NINA,KOBIETA,7
16,OPOLSKIE,PATRYCJA,KOBIETA,7
16,OPOLSKIE,STEFANIA,KOBIETA,7
16,OPOLSKIE,BLANKA,KOBIETA,6
16,OPOLSKIE,KORNELIA,KOBIETA,6
16,OPOLSKIE,RENATA,KOBIETA,6
16,OPOLSKIE,CECYLIA,KOBIETA,5
16,OPOLSKIE,DIANA,KOBIETA,5
16,OPOLSKIE,ELIZA,KOBIETA,5
16,OPOLSKIE,EWELINA,KOBIETA,5
16,OPOLSKIE,LEA,KOBIETA,5
16,OPOLSKIE,MALWINA,KOBIETA,5
16,OPOLSKIE,NADIA,KOBIETA,5
16,OPOLSKIE,OLGA,KOBIETA,5
16,OPOLSKIE,REGINA,KOBIETA,5
16,OPOLSKIE,ANITA,KOBIETA,4
16,OPOLSKIE,FRANCISZKA,KOBIETA,4
16,OPOLSKIE,GLORIA,KOBIETA,4
16,OPOLSKIE,JOLANTA,KOBIETA,4
16,OPOLSKIE,KAJA,KOBIETA,4
16,OPOLSKIE,LIDIA,KOBIETA,4
16,OPOLSKIE,LUCYNA,KOBIETA,4
16,OPOLSKIE,ROKSANA,KOBIETA,4
16,OPOLSKIE,ALINA,KOBIETA,3
16,OPOLSKIE,ANGELIKA,KOBIETA,3
16,OPOLSKIE,APOLONIA,KOBIETA,3
16,OPOLSKIE,CELINA,KOBIETA,3
16,OPOLSKIE,FELICJA,KOBIETA,3
16,OPOLSKIE,IRENA,KOBIETA,3
16,OPOLSKIE,LIWIA,KOBIETA,3
16,OPOLSKIE,MAGDA,KOBIETA,3
16,OPOLSKIE,MARIE,KOBIETA,3
16,OPOLSKIE,MARIOLA,KOBIETA,3
16,OPOLSKIE,MARZENA,KOBIETA,3
16,OPOLSKIE,NIKOLA,KOBIETA,3
16,OPOLSKIE,OLIVIA,KOBIETA,3
16,OPOLSKIE,SABINA,KOBIETA,3
16,OPOLSKIE,ADRIANNA,KOBIETA,2
16,OPOLSKIE,BERNADETA,KOBIETA,2
16,OPOLSKIE,BIANKA,KOBIETA,2
16,OPOLSKIE,BOGUSŁAWA,KOBIETA,2
16,OPOLSKIE,BRONISŁAWA,KOBIETA,2
16,OPOLSKIE,DAGMARA,KOBIETA,2
16,OPOLSKIE,ELENA,KOBIETA,2
16,OPOLSKIE,EUGENIA,KOBIETA,2
16,OPOLSKIE,GAJA,KOBIETA,2
16,OPOLSKIE,GIZELA,KOBIETA,2
16,OPOLSKIE,HENRYKA,KOBIETA,2
16,OPOLSKIE,JÓZEFA,KOBIETA,2
16,OPOLSKIE,KARINA,KOBIETA,2
16,OPOLSKIE,KONSTANCJA,KOBIETA,2
16,OPOLSKIE,KSENIA,KOBIETA,2
16,OPOLSKIE,LEOKADIA,KOBIETA,2
16,OPOLSKIE,LILA,KOBIETA,2
16,OPOLSKIE,LILI,KOBIETA,2
16,OPOLSKIE,LUCJANA,KOBIETA,2
16,OPOLSKIE,MALGORZATA,KOBIETA,2
16,OPOLSKIE,MARLENA,KOBIETA,2
16,OPOLSKIE,NEL,KOBIETA,2
16,OPOLSKIE,NELA,KOBIETA,2
16,OPOLSKIE,OLA,KOBIETA,2
16,OPOLSKIE,OTYLIA,KOBIETA,2
16,OPOLSKIE,TATIANA,KOBIETA,2
16,OPOLSKIE,VIKTORIA,KOBIETA,2
16,OPOLSKIE,ŻANETA,KOBIETA,2
18,PODKARPACKIE,,KOBIETA,4213
18,PODKARPACKIE,MARIA,KOBIETA,640
18,PODKARPACKIE,ANNA,KOBIETA,343
18,PODKARPACKIE,ZOFIA,KOBIETA,220
18,PODKARPACKIE,WIKTORIA,KOBIETA,102
18,PODKARPACKIE,HELENA,KOBIETA,99
18,PODKARPACKIE,ŁUCJA,KOBIETA,96
18,PODKARPACKIE,WERONIKA,KOBIETA,84
18,PODKARPACKIE,MAGDALENA,KOBIETA,72
18,PODKARPACKIE,JULIA,KOBIETA,69
18,PODKARPACKIE,ALEKSANDRA,KOBIETA,66
18,PODKARPACKIE,EMILIA,KOBIETA,66
18,PODKARPACKIE,EWA,KOBIETA,66
18,PODKARPACKIE,RITA,KOBIETA,66
18,PODKARPACKIE,ALICJA,KOBIETA,64
18,PODKARPACKIE,BARBARA,KOBIETA,63
18,PODKARPACKIE,LAURA,KOBIETA,60
18,PODKARPACKIE,KATARZYNA,KOBIETA,59
18,PODKARPACKIE,KAROLINA,KOBIETA,58
18,PODKARPACKIE,MAŁGORZATA,KOBIETA,57
18,PODKARPACKIE,ELŻBIETA,KOBIETA,54
18,PODKARPACKIE,ZUZANNA,KOBIETA,54
18,PODKARPACKIE,OLIWIA,KOBIETA,52
18,PODKARPACKIE,ANIELA,KOBIETA,50
18,PODKARPACKIE,JANINA,KOBIETA,48
18,PODKARPACKIE,ANTONINA,KOBIETA,47
18,PODKARPACKIE,ANASTAZJA,KOBIETA,45
18,PODKARPACKIE,AGNIESZKA,KOBIETA,40
18,PODKARPACKIE,KLARA,KOBIETA,40
18,PODKARPACKIE,MAJA,KOBIETA,40
18,PODKARPACKIE,KRYSTYNA,KOBIETA,39
18,PODKARPACKIE,HANNA,KOBIETA,38
18,PODKARPACKIE,KINGA,KOBIETA,35
18,PODKARPACKIE,TERESA,KOBIETA,35
18,PODKARPACKIE,FAUSTYNA,KOBIETA,34
18,PODKARPACKIE,MICHALINA,KOBIETA,32
18,PODKARPACKIE,RÓŻA,KOBIETA,32
18,PODKARPACKIE,GABRIELA,KOBIETA,31
18,PODKARPACKIE,NATALIA,KOBIETA,31
18,PODKARPACKIE,JOANNA,KOBIETA,30
18,PODKARPACKIE,JADWIGA,KOBIETA,29
18,PODKARPACKIE,LENA,KOBIETA,24
18,PODKARPACKIE,PAULINA,KOBIETA,24
18,PODKARPACKIE,STANISŁAWA,KOBIETA,24
18,PODKARPACKIE,DANUTA,KOBIETA,23
18,PODKARPACKIE,MARTA,KOBIETA,23
18,PODKARPACKIE,AGATA,KOBIETA,22
18,PODKARPACKIE,MONIKA,KOBIETA,22
18,PODKARPACKIE,AMELIA,KOBIETA,20
18,PODKARPACKIE,ROZALIA,KOBIETA,19
18,PODKARPACKIE,NADIA,KOBIETA,18
18,PODKARPACKIE,IZABELA,KOBIETA,17
18,PODKARPACKIE,LILIANA,KOBIETA,17
18,PODKARPACKIE,LIDIA,KOBIETA,15
18,PODKARPACKIE,MARCELINA,KOBIETA,15
18,PODKARPACKIE,MARIANNA,KOBIETA,15
18,PODKARPACKIE,HALINA,KOBIETA,14
18,PODKARPACKIE,JAGODA,KOBIETA,14
18,PODKARPACKIE,JÓZEFA,KOBIETA,14
18,PODKARPACKIE,KLAUDIA,KOBIETA,14
18,PODKARPACKIE,STEFANIA,KOBIETA,14
18,PODKARPACKIE,SYLWIA,KOBIETA,14
18,PODKARPACKIE,DOMINIKA,KOBIETA,13
18,PODKARPACKIE,IRENA,KOBIETA,13
18,PODKARPACKIE,MILENA,KOBIETA,13
18,PODKARPACKIE,WANDA,KOBIETA,13
18,PODKARPACKIE,AURELIA,KOBIETA,12
18,PODKARPACKIE,BEATA,KOBIETA,12
18,PODKARPACKIE,DOROTA,KOBIETA,12
18,PODKARPACKIE,JUSTYNA,KOBIETA,12
18,PODKARPACKIE,URSZULA,KOBIETA,12
18,PODKARPACKIE,BLANKA,KOBIETA,11
18,PODKARPACKIE,IGA,KOBIETA,11
18,PODKARPACKIE,RENATA,KOBIETA,11
18,PODKARPACKIE,SARA,KOBIETA,11
18,PODKARPACKIE,DARIA,KOBIETA,10
18,PODKARPACKIE,KAMILA,KOBIETA,10
18,PODKARPACKIE,MARTYNA,KOBIETA,10
18,PODKARPACKIE,CECYLIA,KOBIETA,9
18,PODKARPACKIE,JOLANTA,KOBIETA,9
18,PODKARPACKIE,KORNELIA,KOBIETA,9
18,PODKARPACKIE,POLA,KOBIETA,9
18,PODKARPACKIE,FRANCISZKA,KOBIETA,8
18,PODKARPACKIE,GRAŻYNA,KOBIETA,8
18,PODKARPACKIE,NIKOLA,KOBIETA,8
18,PODKARPACKIE,BOŻENA,KOBIETA,7
18,PODKARPACKIE,BRONISŁAWA,KOBIETA,7
18,PODKARPACKIE,EWELINA,KOBIETA,7
18,PODKARPACKIE,ADELA,KOBIETA,6
18,PODKARPACKIE,ALINA,KOBIETA,6
18,PODKARPACKIE,AURORA,KOBIETA,6
18,PODKARPACKIE,BOGUSŁAWA,KOBIETA,6
18,PODKARPACKIE,KAZIMIERA,KOBIETA,6
18,PODKARPACKIE,MIA,KOBIETA,6
18,PODKARPACKIE,PATRYCJA,KOBIETA,6
18,PODKARPACKIE,WIOLETTA,KOBIETA,6
18,PODKARPACKIE,ADRIANNA,KOBIETA,5
18,PODKARPACKIE,ANETA,KOBIETA,5
18,PODKARPACKIE,EDYTA,KOBIETA,5
18,PODKARPACKIE,ELENA,KOBIETA,5
18,PODKARPACKIE,ELIZA,KOBIETA,5
18,PODKARPACKIE,KAJA,KOBIETA,5
18,PODKARPACKIE,LUCYNA,KOBIETA,5
18,PODKARPACKIE,MELANIA,KOBIETA,5
18,PODKARPACKIE,WIESŁAWA,KOBIETA,5
18,PODKARPACKIE,APOLONIA,KOBIETA,4
18,PODKARPACKIE,EUGENIA,KOBIETA,4
18,PODKARPACKIE,FELICJA,KOBIETA,4
18,PODKARPACKIE,GENOWEFA,KOBIETA,4
18,PODKARPACKIE,HIACYNTA,KOBIETA,4
18,PODKARPACKIE,IWONA,KOBIETA,4
18,PODKARPACKIE,LEOKADIA,KOBIETA,4
18,PODKARPACKIE,LIWIA,KOBIETA,4
18,PODKARPACKIE,MARIKA,KOBIETA,4
18,PODKARPACKIE,MARLENA,KOBIETA,4
18,PODKARPACKIE,NELA,KOBIETA,4
18,PODKARPACKIE,NINA,KOBIETA,4
18,PODKARPACKIE,WŁADYSŁAWA,KOBIETA,4
18,PODKARPACKIE,ZDZISŁAWA,KOBIETA,4
18,PODKARPACKIE,ALFREDA,KOBIETA,3
18,PODKARPACKIE,ANGELIKA,KOBIETA,3
18,PODKARPACKIE,BERNADETA,KOBIETA,3
18,PODKARPACKIE,DIANA,KOBIETA,3
18,PODKARPACKIE,HONORATA,KOBIETA,3
18,PODKARPACKIE,JUDYTA,KOBIETA,3
18,PODKARPACKIE,JULIANNA,KOBIETA,3
18,PODKARPACKIE,LILIANNA,KOBIETA,3
18,PODKARPACKIE,LUIZA,KOBIETA,3
18,PODKARPACKIE,MARIOLA,KOBIETA,3
18,PODKARPACKIE,MATYLDA,KOBIETA,3
18,PODKARPACKIE,OLGA,KOBIETA,3
18,PODKARPACKIE,SABINA,KOBIETA,3
18,PODKARPACKIE,SANDRA,KOBIETA,3
18,PODKARPACKIE,VIKTORIA,KOBIETA,3
18,PODKARPACKIE,ALBINA,KOBIETA,2
18,PODKARPACKIE,BOGUMIŁA,KOBIETA,2
18,PODKARPACKIE,BRYGIDA,KOBIETA,2
18,PODKARPACKIE,CELINA,KOBIETA,2
18,PODKARPACKIE,DAGMARA,KOBIETA,2
18,PODKARPACKIE,DANIELA,KOBIETA,2
18,PODKARPACKIE,FRANCES,KOBIETA,2
18,PODKARPACKIE,IDA,KOBIETA,2
18,PODKARPACKIE,INGA,KOBIETA,2
18,PODKARPACKIE,JASMINE,KOBIETA,2
18,PODKARPACKIE,JAŚMINA,KOBIETA,2
18,PODKARPACKIE,JULITA,KOBIETA,2
18,PODKARPACKIE,LILIA,KOBIETA,2
18,PODKARPACKIE,LUCIA,KOBIETA,2
18,PODKARPACKIE,MALWINA,KOBIETA,2
18,PODKARPACKIE,MARY,KOBIETA,2
18,PODKARPACKIE,MARZENA,KOBIETA,2
18,PODKARPACKIE,MIECZYSŁAWA,KOBIETA,2
18,PODKARPACKIE,NADZIEJA,KOBIETA,2
18,PODKARPACKIE,NICOLA,KOBIETA,2
18,PODKARPACKIE,OLIMPIA,KOBIETA,2
18,PODKARPACKIE,PAULA,KOBIETA,2
18,PODKARPACKIE,ROSE,KOBIETA,2
18,PODKARPACKIE,SOFIA,KOBIETA,2
18,PODKARPACKIE,SOPHIA,KOBIETA,2
18,PODKARPACKIE,STELLA,KOBIETA,2
18,PODKARPACKIE,TAMARA,KOBIETA,2
20,PODLASKIE,,KOBIETA,4536
20,PODLASKIE,MARIA,KOBIETA,41
20,PODLASKIE,ANNA,KOBIETA,20
20,PODLASKIE,EWA,KOBIETA,7
20,PODLASKIE,ZOFIA,KOBIETA,7
20,PODLASKIE,WIKTORIA,KOBIETA,6
20,PODLASKIE,ANASTAZJA,KOBIETA,5
20,PODLASKIE,HELENA,KOBIETA,5
20,PODLASKIE,JULIA,KOBIETA,5
20,PODLASKIE,KLARA,KOBIETA,5
20,PODLASKIE,LAURA,KOBIETA,5
20,PODLASKIE,RÓŻA,KOBIETA,5
20,PODLASKIE,ANTONINA,KOBIETA,4
20,PODLASKIE,DANUTA,KOBIETA,4
20,PODLASKIE,HALINA,KOBIETA,4
20,PODLASKIE,IGA,KOBIETA,4
20,PODLASKIE,ŁUCJA,KOBIETA,4
20,PODLASKIE,MAŁGORZATA,KOBIETA,4
20,PODLASKIE,OLIWIA,KOBIETA,4
20,PODLASKIE,TERESA,KOBIETA,4
20,PODLASKIE,ALEKSANDRA,KOBIETA,3
20,PODLASKIE,ALICJA,KOBIETA,3
20,PODLASKIE,ANIELA,KOBIETA,3
20,PODLASKIE,ELŻBIETA,KOBIETA,3
20,PODLASKIE,GABRIELA,KOBIETA,3
20,PODLASKIE,JAGODA,KOBIETA,3
20,PODLASKIE,KRYSTYNA,KOBIETA,3
20,PODLASKIE,LENA,KOBIETA,3
20,PODLASKIE,MAGDALENA,KOBIETA,3
20,PODLASKIE,MAJA,KOBIETA,3
20,PODLASKIE,MARIANNA,KOBIETA,3
20,PODLASKIE,AGATA,KOBIETA,2
20,PODLASKIE,ALINA,KOBIETA,2
20,PODLASKIE,DOMINIKA,KOBIETA,2
20,PODLASKIE,DOROTA,KOBIETA,2
20,PODLASKIE,HANNA,KOBIETA,2
20,PODLASKIE,JADWIGA,KOBIETA,2
20,PODLASKIE,JÓZEFA,KOBIETA,2
20,PODLASKIE,JUSTYNA,KOBIETA,2
20,PODLASKIE,KAROLINA,KOBIETA,2
20,PODLASKIE,KATARZYNA,KOBIETA,2
20,PODLASKIE,KINGA,KOBIETA,2
20,PODLASKIE,KONSTANCJA,KOBIETA,2
20,PODLASKIE,MATYLDA,KOBIETA,2
20,PODLASKIE,MICHALINA,KOBIETA,2
20,PODLASKIE,MONIKA,KOBIETA,2
20,PODLASKIE,NADZIEJA,KOBIETA,2
20,PODLASKIE,REGINA,KOBIETA,2
20,PODLASKIE,RITA,KOBIETA,2
20,PODLASKIE,ROSE,KOBIETA,2
20,PODLASKIE,SOPHIA,KOBIETA,2
20,PODLASKIE,WERONIKA,KOBIETA,2
22,POMORSKIE,,KOBIETA,5570
22,POMORSKIE,MARIA,KOBIETA,423
22,POMORSKIE,ANNA,KOBIETA,353
22,POMORSKIE,ZOFIA,KOBIETA,138
22,POMORSKIE,MAGDALENA,KOBIETA,116
22,POMORSKIE,KATARZYNA,KOBIETA,100
22,POMORSKIE,EWA,KOBIETA,99
22,POMORSKIE,HELENA,KOBIETA,96
22,POMORSKIE,TERESA,KOBIETA,86
22,POMORSKIE,ALEKSANDRA,KOBIETA,85
22,POMORSKIE,BARBARA,KOBIETA,84
22,POMORSKIE,ELŻBIETA,KOBIETA,80
22,POMORSKIE,MAŁGORZATA,KOBIETA,80
22,POMORSKIE,JOANNA,KOBIETA,78
22,POMORSKIE,ŁUCJA,KOBIETA,76
22,POMORSKIE,JULIA,KOBIETA,73
22,POMORSKIE,AGNIESZKA,KOBIETA,69
22,POMORSKIE,WIKTORIA,KOBIETA,67
22,POMORSKIE,ALICJA,KOBIETA,66
22,POMORSKIE,ZUZANNA,KOBIETA,62
22,POMORSKIE,MARTA,KOBIETA,61
22,POMORSKIE,NATALIA,KOBIETA,60
22,POMORSKIE,DANUTA,KOBIETA,58
22,POMORSKIE,KAROLINA,KOBIETA,55
22,POMORSKIE,WERONIKA,KOBIETA,55
22,POMORSKIE,LAURA,KOBIETA,54
22,POMORSKIE,IRENA,KOBIETA,50
22,POMORSKIE,JANINA,KOBIETA,50
22,POMORSKIE,MONIKA,KOBIETA,50
22,POMORSKIE,JADWIGA,KOBIETA,49
22,POMORSKIE,URSZULA,KOBIETA,48
22,POMORSKIE,HANNA,KOBIETA,44
22,POMORSKIE,DOROTA,KOBIETA,43
22,POMORSKIE,ANASTAZJA,KOBIETA,42
22,POMORSKIE,EMILIA,KOBIETA,41
22,POMORSKIE,KRYSTYNA,KOBIETA,41
22,POMORSKIE,OLIWIA,KOBIETA,41
22,POMORSKIE,PAULINA,KOBIETA,40
22,POMORSKIE,MAJA,KOBIETA,38
22,POMORSKIE,BEATA,KOBIETA,37
22,POMORSKIE,HALINA,KOBIETA,35
22,POMORSKIE,MARIANNA,KOBIETA,34
22,POMORSKIE,RITA,KOBIETA,34
22,POMORSKIE,RÓŻA,KOBIETA,34
22,POMORSKIE,KLARA,KOBIETA,33
22,POMORSKIE,STEFANIA,KOBIETA,33
22,POMORSKIE,AMELIA,KOBIETA,32
22,POMORSKIE,ANTONINA,KOBIETA,32
22,POMORSKIE,IZABELA,KOBIETA,32
22,POMORSKIE,AGATA,KOBIETA,31
22,POMORSKIE,LIDIA,KOBIETA,31
22,POMORSKIE,GABRIELA,KOBIETA,30
22,POMORSKIE,PATRYCJA,KOBIETA,30
22,POMORSKIE,JOLANTA,KOBIETA,28
22,POMORSKIE,MICHALINA,KOBIETA,28
22,POMORSKIE,KINGA,KOBIETA,25
22,POMORSKIE,ROZALIA,KOBIETA,25
22,POMORSKIE,WANDA,KOBIETA,25
22,POMORSKIE,DOMINIKA,KOBIETA,24
22,POMORSKIE,IWONA,KOBIETA,24
22,POMORSKIE,MARTYNA,KOBIETA,23
22,POMORSKIE,JUSTYNA,KOBIETA,22
22,POMORSKIE,KAMILA,KOBIETA,22
22,POMORSKIE,LENA,KOBIETA,22
22,POMORSKIE,MARCELINA,KOBIETA,21
22,POMORSKIE,NADIA,KOBIETA,20
22,POMORSKIE,ANIELA,KOBIETA,19
22,POMORSKIE,KORNELIA,KOBIETA,17
22,POMORSKIE,BOŻENA,KOBIETA,16
22,POMORSKIE,KLAUDIA,KOBIETA,16
22,POMORSKIE,LILIANA,KOBIETA,15
22,POMORSKIE,NIKOLA,KOBIETA,15
22,POMORSKIE,SARA,KOBIETA,15
22,POMORSKIE,AURELIA,KOBIETA,14
22,POMORSKIE,GRAŻYNA,KOBIETA,14
22,POMORSKIE,IGA,KOBIETA,14
22,POMORSKIE,JAGODA,KOBIETA,14
22,POMORSKIE,MIROSŁAWA,KOBIETA,14
22,POMORSKIE,OLGA,KOBIETA,14
22,POMORSKIE,EDYTA,KOBIETA,13
22,POMORSKIE,ELIZA,KOBIETA,13
22,POMORSKIE,MATYLDA,KOBIETA,13
22,POMORSKIE,POLA,KOBIETA,13
22,POMORSKIE,RENATA,KOBIETA,13
22,POMORSKIE,FAUSTYNA,KOBIETA,12
22,POMORSKIE,LUCYNA,KOBIETA,12
22,POMORSKIE,MIA,KOBIETA,12
22,POMORSKIE,REGINA,KOBIETA,12
22,POMORSKIE,SANDRA,KOBIETA,12
22,POMORSKIE,SYLWIA,KOBIETA,12
22,POMORSKIE,ANGELIKA,KOBIETA,11
22,POMORSKIE,DARIA,KOBIETA,11
22,POMORSKIE,FELICJA,KOBIETA,11
22,POMORSKIE,BLANKA,KOBIETA,10
22,POMORSKIE,BOGUMIŁA,KOBIETA,10
22,POMORSKIE,MARIOLA,KOBIETA,10
22,POMORSKIE,STANISŁAWA,KOBIETA,10
22,POMORSKIE,LILIANNA,KOBIETA,9
22,POMORSKIE,NINA,KOBIETA,9
22,POMORSKIE,PAULA,KOBIETA,9
22,POMORSKIE,WIOLETTA,KOBIETA,9
22,POMORSKIE,ANETA,KOBIETA,8
22,POMORSKIE,CECYLIA,KOBIETA,7
22,POMORSKIE,EWELINA,KOBIETA,7
22,POMORSKIE,FRANCISZKA,KOBIETA,7
22,POMORSKIE,IDA,KOBIETA,7
22,POMORSKIE,KAJA,KOBIETA,7
22,POMORSKIE,LEOKADIA,KOBIETA,7
22,POMORSKIE,LIWIA,KOBIETA,7
22,POMORSKIE,MARLENA,KOBIETA,7
22,POMORSKIE,NADZIEJA,KOBIETA,7
22,POMORSKIE,WIOLETA,KOBIETA,7
22,POMORSKIE,ADRIANNA,KOBIETA,6
22,POMORSKIE,CZESŁAWA,KOBIETA,6
22,POMORSKIE,DANIELA,KOBIETA,6
22,POMORSKIE,JAŚMINA,KOBIETA,6
22,POMORSKIE,KALINA,KOBIETA,6
22,POMORSKIE,ROKSANA,KOBIETA,6
22,POMORSKIE,ZOJA,KOBIETA,6
22,POMORSKIE,ALINA,KOBIETA,5
22,POMORSKIE,ANITA,KOBIETA,5
22,POMORSKIE,AURORA,KOBIETA,5
22,POMORSKIE,BIANKA,KOBIETA,5
22,POMORSKIE,BRYGIDA,KOBIETA,5
22,POMORSKIE,DAGMARA,KOBIETA,5
22,POMORSKIE,DIANA,KOBIETA,5
22,POMORSKIE,GAJA,KOBIETA,5
22,POMORSKIE,GERTRUDA,KOBIETA,5
22,POMORSKIE,HONORATA,KOBIETA,5
22,POMORSKIE,JULIANNA,KOBIETA,5
22,POMORSKIE,KONSTANCJA,KOBIETA,5
22,POMORSKIE,MALWINA,KOBIETA,5
22,POMORSKIE,MARIKA,KOBIETA,5
22,POMORSKIE,MELANIA,KOBIETA,5
22,POMORSKIE,MILENA,KOBIETA,5
22,POMORSKIE,NELA,KOBIETA,5
22,POMORSKIE,OTYLIA,KOBIETA,5
22,POMORSKIE,WALERIA,KOBIETA,5
22,POMORSKIE,ADELA,KOBIETA,4
22,POMORSKIE,FILOMENA,KOBIETA,4
22,POMORSKIE,IZABELLA,KOBIETA,4
22,POMORSKIE,JÓZEFA,KOBIETA,4
22,POMORSKIE,KAZIMIERA,KOBIETA,4
22,POMORSKIE,LUDWIKA,KOBIETA,4
22,POMORSKIE,MAGDA,KOBIETA,4
22,POMORSKIE,OKTAWIA,KOBIETA,4
22,POMORSKIE,ŻANETA,KOBIETA,4
22,POMORSKIE,APOLONIA,KOBIETA,3
22,POMORSKIE,BRONISŁAWA,KOBIETA,3
22,POMORSKIE,EMMA,KOBIETA,3
22,POMORSKIE,ESTERA,KOBIETA,3
22,POMORSKIE,GENOWEFA,KOBIETA,3
22,POMORSKIE,INES,KOBIETA,3
22,POMORSKIE,JESSICA,KOBIETA,3
22,POMORSKIE,JÓZEFINA,KOBIETA,3
22,POMORSKIE,LARA,KOBIETA,3
22,POMORSKIE,LUNA,KOBIETA,3
22,POMORSKIE,NAOMI,KOBIETA,3
22,POMORSKIE,SABINA,KOBIETA,3
22,POMORSKIE,TATIANA,KOBIETA,3
22,POMORSKIE,VANESSA,KOBIETA,3
22,POMORSKIE,VIOLETTA,KOBIETA,3
22,POMORSKIE,WALENTYNA,KOBIETA,3
22,POMORSKIE,ADA,KOBIETA,2
22,POMORSKIE,ALEXANDRA,KOBIETA,2
22,POMORSKIE,AMANDA,KOBIETA,2
22,POMORSKIE,ANDŻELIKA,KOBIETA,2
22,POMORSKIE,ARLETA,KOBIETA,2
22,POMORSKIE,BOGNA,KOBIETA,2
22,POMORSKIE,BOGUSŁAWA,KOBIETA,2
22,POMORSKIE,DALIA,KOBIETA,2
22,POMORSKIE,ELENA,KOBIETA,2
22,POMORSKIE,EUGENIA,KOBIETA,2
22,POMORSKIE,GAIA,KOBIETA,2
22,POMORSKIE,HENRYKA,KOBIETA,2
22,POMORSKIE,ILONA,KOBIETA,2
22,POMORSKIE,INGA,KOBIETA,2
22,POMORSKIE,INKA,KOBIETA,2
22,POMORSKIE,JAGNA,KOBIETA,2
22,POMORSKIE,JUDYTA,KOBIETA,2
22,POMORSKIE,JULITA,KOBIETA,2
22,POMORSKIE,KARIN,KOBIETA,2
22,POMORSKIE,KRZYSZTOFA,KOBIETA,2
22,POMORSKIE,LEA,KOBIETA,2
22,POMORSKIE,LILLY,KOBIETA,2
22,POMORSKIE,LIVIA,KOBIETA,2
22,POMORSKIE,LUBA,KOBIETA,2
22,POMORSKIE,LUIZA,KOBIETA,2
22,POMORSKIE,MARCELA,KOBIETA,2
22,POMORSKIE,MIRA,KOBIETA,2
22,POMORSKIE,NEL,KOBIETA,2
22,POMORSKIE,OLIMPIA,KOBIETA,2
22,POMORSKIE,PELAGIA,KOBIETA,2
22,POMORSKIE,RAFKA,KOBIETA,2
22,POMORSKIE,ROMA,KOBIETA,2
22,POMORSKIE,SAMANTA,KOBIETA,2
22,POMORSKIE,SONIA,KOBIETA,2
22,POMORSKIE,TEODOZJA,KOBIETA,2
22,POMORSKIE,WIESŁAWA,KOBIETA,2
22,POMORSKIE,WŁADYSŁAWA,KOBIETA,2
24,ŚLĄSKIE,,KOBIETA,3487
24,ŚLĄSKIE,MARIA,KOBIETA,1068
24,ŚLĄSKIE,ANNA,KOBIETA,869
24,ŚLĄSKIE,MAGDALENA,KOBIETA,361
24,ŚLĄSKIE,ZOFIA,KOBIETA,280
24,ŚLĄSKIE,KATARZYNA,KOBIETA,267
24,ŚLĄSKIE,WIKTORIA,KOBIETA,265
24,ŚLĄSKIE,HELENA,KOBIETA,254
24,ŚLĄSKIE,ALEKSANDRA,KOBIETA,243
24,ŚLĄSKIE,BARBARA,KOBIETA,243
24,ŚLĄSKIE,JULIA,KOBIETA,228
24,ŚLĄSKIE,MAŁGORZATA,KOBIETA,213
24,ŚLĄSKIE,ŁUCJA,KOBIETA,212
24,ŚLĄSKIE,ALICJA,KOBIETA,208
24,ŚLĄSKIE,AGNIESZKA,KOBIETA,205
24,ŚLĄSKIE,EWA,KOBIETA,201
24,ŚLĄSKIE,WERONIKA,KOBIETA,188
24,ŚLĄSKIE,JOANNA,KOBIETA,186
24,ŚLĄSKIE,MARTA,KOBIETA,181
24,ŚLĄSKIE,ZUZANNA,KOBIETA,181
24,ŚLĄSKIE,KAROLINA,KOBIETA,177
24,ŚLĄSKIE,EMILIA,KOBIETA,174
24,ŚLĄSKIE,NATALIA,KOBIETA,174
24,ŚLĄSKIE,LAURA,KOBIETA,172
24,ŚLĄSKIE,ELŻBIETA,KOBIETA,160
24,ŚLĄSKIE,KRYSTYNA,KOBIETA,142
24,ŚLĄSKIE,MONIKA,KOBIETA,140
24,ŚLĄSKIE,HANNA,KOBIETA,131
24,ŚLĄSKIE,TERESA,KOBIETA,126
24,ŚLĄSKIE,OLIWIA,KOBIETA,124
24,ŚLĄSKIE,PAULINA,KOBIETA,120
24,ŚLĄSKIE,MAJA,KOBIETA,114
24,ŚLĄSKIE,RÓŻA,KOBIETA,111
24,ŚLĄSKIE,ANTONINA,KOBIETA,104
24,ŚLĄSKIE,AGATA,KOBIETA,101
24,ŚLĄSKIE,ANASTAZJA,KOBIETA,100
24,ŚLĄSKIE,KLARA,KOBIETA,99
24,ŚLĄSKIE,DOROTA,KOBIETA,94
24,ŚLĄSKIE,JADWIGA,KOBIETA,93
24,ŚLĄSKIE,AMELIA,KOBIETA,88
24,ŚLĄSKIE,LENA,KOBIETA,88
24,ŚLĄSKIE,PATRYCJA,KOBIETA,88
24,ŚLĄSKIE,KINGA,KOBIETA,87
24,ŚLĄSKIE,DOMINIKA,KOBIETA,85
24,ŚLĄSKIE,MICHALINA,KOBIETA,84
24,ŚLĄSKIE,KLAUDIA,KOBIETA,80
24,ŚLĄSKIE,DANUTA,KOBIETA,79
24,ŚLĄSKIE,IRENA,KOBIETA,79
24,ŚLĄSKIE,JUSTYNA,KOBIETA,77
24,ŚLĄSKIE,GABRIELA,KOBIETA,73
24,ŚLĄSKIE,URSZULA,KOBIETA,73
24,ŚLĄSKIE,BEATA,KOBIETA,71
24,ŚLĄSKIE,JANINA,KOBIETA,70
24,ŚLĄSKIE,MARIANNA,KOBIETA,67
24,ŚLĄSKIE,IZABELA,KOBIETA,64
24,ŚLĄSKIE,STEFANIA,KOBIETA,64
24,ŚLĄSKIE,LIDIA,KOBIETA,62
24,ŚLĄSKIE,RITA,KOBIETA,60
24,ŚLĄSKIE,IWONA,KOBIETA,58
24,ŚLĄSKIE,ANIELA,KOBIETA,56
24,ŚLĄSKIE,JAGODA,KOBIETA,55
24,ŚLĄSKIE,JOLANTA,KOBIETA,55
24,ŚLĄSKIE,MARTYNA,KOBIETA,55
24,ŚLĄSKIE,NADIA,KOBIETA,55
24,ŚLĄSKIE,HALINA,KOBIETA,54
24,ŚLĄSKIE,SYLWIA,KOBIETA,53
24,ŚLĄSKIE,IGA,KOBIETA,52
24,ŚLĄSKIE,ROZALIA,KOBIETA,52
24,ŚLĄSKIE,KAMILA,KOBIETA,51
24,ŚLĄSKIE,LILIANA,KOBIETA,51
24,ŚLĄSKIE,EWELINA,KOBIETA,50
24,ŚLĄSKIE,WANDA,KOBIETA,49
24,ŚLĄSKIE,POLA,KOBIETA,48
24,ŚLĄSKIE,BOŻENA,KOBIETA,47
24,ŚLĄSKIE,MILENA,KOBIETA,47
24,ŚLĄSKIE,KORNELIA,KOBIETA,46
24,ŚLĄSKIE,GRAŻYNA,KOBIETA,45
24,ŚLĄSKIE,RENATA,KOBIETA,42
24,ŚLĄSKIE,DARIA,KOBIETA,41
24,ŚLĄSKIE,EDYTA,KOBIETA,38
24,ŚLĄSKIE,MARCELINA,KOBIETA,37
24,ŚLĄSKIE,NIKOLA,KOBIETA,37
24,ŚLĄSKIE,ANGELIKA,KOBIETA,34
24,ŚLĄSKIE,BLANKA,KOBIETA,33
24,ŚLĄSKIE,OLGA,KOBIETA,32
24,ŚLĄSKIE,ANETA,KOBIETA,31
24,ŚLĄSKIE,SABINA,KOBIETA,29
24,ŚLĄSKIE,SANDRA,KOBIETA,29
24,ŚLĄSKIE,FAUSTYNA,KOBIETA,28
24,ŚLĄSKIE,MATYLDA,KOBIETA,28
24,ŚLĄSKIE,ELIZA,KOBIETA,27
24,ŚLĄSKIE,MARIOLA,KOBIETA,27
24,ŚLĄSKIE,STANISŁAWA,KOBIETA,27
24,ŚLĄSKIE,AURELIA,KOBIETA,26
24,ŚLĄSKIE,SARA,KOBIETA,26
24,ŚLĄSKIE,ADRIANNA,KOBIETA,25
24,ŚLĄSKIE,ALINA,KOBIETA,25
24,ŚLĄSKIE,MARZENA,KOBIETA,25
24,ŚLĄSKIE,LILIANNA,KOBIETA,24
24,ŚLĄSKIE,ROKSANA,KOBIETA,24
24,ŚLĄSKIE,LIWIA,KOBIETA,23
24,ŚLĄSKIE,MIA,KOBIETA,23
24,ŚLĄSKIE,LUCYNA,KOBIETA,21
24,ŚLĄSKIE,CECYLIA,KOBIETA,20
24,ŚLĄSKIE,KAJA,KOBIETA,18
24,ŚLĄSKIE,MIROSŁAWA,KOBIETA,18
24,ŚLĄSKIE,WIOLETTA,KOBIETA,18
24,ŚLĄSKIE,FRANCISZKA,KOBIETA,17
24,ŚLĄSKIE,LUIZA,KOBIETA,16
24,ŚLĄSKIE,GAJA,KOBIETA,15
24,ŚLĄSKIE,JÓZEFA,KOBIETA,15
24,ŚLĄSKIE,KARINA,KOBIETA,15
24,ŚLĄSKIE,DAGMARA,KOBIETA,14
24,ŚLĄSKIE,MARLENA,KOBIETA,14
24,ŚLĄSKIE,SONIA,KOBIETA,14
24,ŚLĄSKIE,WIOLETA,KOBIETA,14
24,ŚLĄSKIE,EMMA,KOBIETA,13
24,ŚLĄSKIE,ILONA,KOBIETA,13
24,ŚLĄSKIE,NINA,KOBIETA,13
24,ŚLĄSKIE,REGINA,KOBIETA,13
24,ŚLĄSKIE,BIANKA,KOBIETA,12
24,ŚLĄSKIE,MELANIA,KOBIETA,12
24,ŚLĄSKIE,ANITA,KOBIETA,11
24,ŚLĄSKIE,BRONISŁAWA,KOBIETA,11
24,ŚLĄSKIE,FELICJA,KOBIETA,11
24,ŚLĄSKIE,LEA,KOBIETA,11
24,ŚLĄSKIE,MALWINA,KOBIETA,11
24,ŚLĄSKIE,BERNADETA,KOBIETA,10
24,ŚLĄSKIE,IZABELLA,KOBIETA,10
24,ŚLĄSKIE,NELA,KOBIETA,10
24,ŚLĄSKIE,DIANA,KOBIETA,9
24,ŚLĄSKIE,ELENA,KOBIETA,9
24,ŚLĄSKIE,BOGUMIŁA,KOBIETA,8
24,ŚLĄSKIE,BOGUSŁAWA,KOBIETA,8
24,ŚLĄSKIE,ESTERA,KOBIETA,8
24,ŚLĄSKIE,JÓZEFINA,KOBIETA,8
24,ŚLĄSKIE,LUNA,KOBIETA,8
24,ŚLĄSKIE,PAULA,KOBIETA,8
24,ŚLĄSKIE,SOFIA,KOBIETA,8
24,ŚLĄSKIE,VICTORIA,KOBIETA,8
24,ŚLĄSKIE,ADELA,KOBIETA,7
24,ŚLĄSKIE,APOLONIA,KOBIETA,7
24,ŚLĄSKIE,DANIELA,KOBIETA,7
24,ŚLĄSKIE,HIACYNTA,KOBIETA,7
24,ŚLĄSKIE,HONORATA,KOBIETA,7
24,ŚLĄSKIE,IDA,KOBIETA,7
24,ŚLĄSKIE,KAZIMIERA,KOBIETA,7
24,ŚLĄSKIE,LEOKADIA,KOBIETA,7
24,ŚLĄSKIE,MIRIAM,KOBIETA,7
24,ŚLĄSKIE,NOEMI,KOBIETA,7
24,ŚLĄSKIE,VANESSA,KOBIETA,7
24,ŚLĄSKIE,WIESŁAWA,KOBIETA,7
24,ŚLĄSKIE,WŁADYSŁAWA,KOBIETA,7
24,ŚLĄSKIE,ŻANETA,KOBIETA,7
24,ŚLĄSKIE,AURORA,KOBIETA,6
24,ŚLĄSKIE,CELINA,KOBIETA,6
24,ŚLĄSKIE,ERYKA,KOBIETA,6
24,ŚLĄSKIE,FLORENTYNA,KOBIETA,6
24,ŚLĄSKIE,JAGNA,KOBIETA,6
24,ŚLĄSKIE,JAŚMINA,KOBIETA,6
24,ŚLĄSKIE,KONSTANCJA,KOBIETA,6
24,ŚLĄSKIE,LILIA,KOBIETA,6
24,ŚLĄSKIE,NADZIEJA,KOBIETA,6
24,ŚLĄSKIE,OKTAWIA,KOBIETA,6
24,ŚLĄSKIE,ROSE,KOBIETA,6
24,ŚLĄSKIE,ADA,KOBIETA,5
24,ŚLĄSKIE,BRYGIDA,KOBIETA,5
24,ŚLĄSKIE,GLORIA,KOBIETA,5
24,ŚLĄSKIE,JUDYTA,KOBIETA,5
24,ŚLĄSKIE,MAGDA,KOBIETA,5
24,ŚLĄSKIE,NICOLA,KOBIETA,5
24,ŚLĄSKIE,OLIVIA,KOBIETA,5
24,ŚLĄSKIE,TATIANA,KOBIETA,5
24,ŚLĄSKIE,VIOLETTA,KOBIETA,5
24,ŚLĄSKIE,ZOJA,KOBIETA,5
24,ŚLĄSKIE,ANGELINA,KOBIETA,4
24,ŚLĄSKIE,EULALIA,KOBIETA,4
24,ŚLĄSKIE,GERTRUDA,KOBIETA,4
24,ŚLĄSKIE,HENRYKA,KOBIETA,4
24,ŚLĄSKIE,HILDEGARDA,KOBIETA,4
24,ŚLĄSKIE,INGA,KOBIETA,4
24,ŚLĄSKIE,JULIANNA,KOBIETA,4
24,ŚLĄSKIE,LARA,KOBIETA,4
24,ŚLĄSKIE,MELISA,KOBIETA,4
24,ŚLĄSKIE,OLIMPIA,KOBIETA,4
24,ŚLĄSKIE,SOPHIE,KOBIETA,4
24,ŚLĄSKIE,WALERIA,KOBIETA,4
24,ŚLĄSKIE,WANESA,KOBIETA,4
24,ŚLĄSKIE,ABIGAIL,KOBIETA,3
24,ŚLĄSKIE,ADELAJDA,KOBIETA,3
24,ŚLĄSKIE,ALDONA,KOBIETA,3
24,ŚLĄSKIE,AMALIA,KOBIETA,3
24,ŚLĄSKIE,AMANDA,KOBIETA,3
24,ŚLĄSKIE,ASTRID,KOBIETA,3
24,ŚLĄSKIE,CELESTYNA,KOBIETA,3
24,ŚLĄSKIE,ELEONORA,KOBIETA,3
24,ŚLĄSKIE,ELIZABETH,KOBIETA,3
24,ŚLĄSKIE,JOWITA,KOBIETA,3
24,ŚLĄSKIE,JULITA,KOBIETA,3
24,ŚLĄSKIE,KLEMENTYNA,KOBIETA,3
24,ŚLĄSKIE,LILA,KOBIETA,3
24,ŚLĄSKIE,LUDMIŁA,KOBIETA,3
24,ŚLĄSKIE,LUDWIKA,KOBIETA,3
24,ŚLĄSKIE,MANUELA,KOBIETA,3
24,ŚLĄSKIE,MARCELA,KOBIETA,3
24,ŚLĄSKIE,MERCEDES,KOBIETA,3
24,ŚLĄSKIE,MILA,KOBIETA,3
24,ŚLĄSKIE,NATASZA,KOBIETA,3
24,ŚLĄSKIE,OLA,KOBIETA,3
24,ŚLĄSKIE,OTYLIA,KOBIETA,3
24,ŚLĄSKIE,PELAGIA,KOBIETA,3
24,ŚLĄSKIE,SOPHIA,KOBIETA,3
24,ŚLĄSKIE,ALFREDA,KOBIETA,2
24,ŚLĄSKIE,ANASTASIA,KOBIETA,2
24,ŚLĄSKIE,ANDŻELIKA,KOBIETA,2
24,ŚLĄSKIE,ANTONIA,KOBIETA,2
24,ŚLĄSKIE,BERNADETTA,KOBIETA,2
24,ŚLĄSKIE,BLANDYNA,KOBIETA,2
24,ŚLĄSKIE,CHARLOTTE,KOBIETA,2
24,ŚLĄSKIE,CIRILLA,KOBIETA,2
24,ŚLĄSKIE,CZESŁAWA,KOBIETA,2
24,ŚLĄSKIE,DOBRAWA,KOBIETA,2
24,ŚLĄSKIE,DONATA,KOBIETA,2
24,ŚLĄSKIE,ELIANA,KOBIETA,2
24,ŚLĄSKIE,EUGENIA,KOBIETA,2
24,ŚLĄSKIE,FLORA,KOBIETA,2
24,ŚLĄSKIE,FREYA,KOBIETA,2
24,ŚLĄSKIE,GIZELA,KOBIETA,2
24,ŚLĄSKIE,ISABEL,KOBIETA,2
24,ŚLĄSKIE,JESSICA,KOBIETA,2
24,ŚLĄSKIE,KALINA,KOBIETA,2
24,ŚLĄSKIE,KSENIA,KOBIETA,2
24,ŚLĄSKIE,KUNEGUNDA,KOBIETA,2
24,ŚLĄSKIE,LAYLA,KOBIETA,2
24,ŚLĄSKIE,LEAH,KOBIETA,2
24,ŚLĄSKIE,LEILA,KOBIETA,2
24,ŚLĄSKIE,LETYCJA,KOBIETA,2
24,ŚLĄSKIE,LIGIA,KOBIETA,2
24,ŚLĄSKIE,LILLY,KOBIETA,2
24,ŚLĄSKIE,LIVIA,KOBIETA,2
24,ŚLĄSKIE,LONGINA,KOBIETA,2
24,ŚLĄSKIE,MAJKA,KOBIETA,2
24,ŚLĄSKIE,MALINA,KOBIETA,2
24,ŚLĄSKIE,MARIETTA,KOBIETA,2
24,ŚLĄSKIE,MARINA,KOBIETA,2
24,ŚLĄSKIE,MARITA,KOBIETA,2
24,ŚLĄSKIE,MARZANNA,KOBIETA,2
24,ŚLĄSKIE,MIECZYSŁAWA,KOBIETA,2
24,ŚLĄSKIE,MIRELA,KOBIETA,2
24,ŚLĄSKIE,MIRELLA,KOBIETA,2
24,ŚLĄSKIE,NIKOL,KOBIETA,2
24,ŚLĄSKIE,ROMA,KOBIETA,2
24,ŚLĄSKIE,SARAH,KOBIETA,2
24,ŚLĄSKIE,WALENTYNA,KOBIETA,2
24,ŚLĄSKIE,ZDZISŁAWA,KOBIETA,2
24,ŚLĄSKIE,ZOE,KOBIETA,2
24,ŚLĄSKIE,ZYTA,KOBIETA,2
26,ŚWIĘTOKRZYSKIE,,KOBIETA,2464
26,ŚWIĘTOKRZYSKIE,MARIA,KOBIETA,155
26,ŚWIĘTOKRZYSKIE,ANNA,KOBIETA,106
26,ŚWIĘTOKRZYSKIE,ZOFIA,KOBIETA,60
26,ŚWIĘTOKRZYSKIE,MAGDALENA,KOBIETA,45
26,ŚWIĘTOKRZYSKIE,JULIA,KOBIETA,36
26,ŚWIĘTOKRZYSKIE,WIKTORIA,KOBIETA,35
26,ŚWIĘTOKRZYSKIE,BARBARA,KOBIETA,34
26,ŚWIĘTOKRZYSKIE,EWA,KOBIETA,34
26,ŚWIĘTOKRZYSKIE,ALICJA,KOBIETA,32
26,ŚWIĘTOKRZYSKIE,LAURA,KOBIETA,32
26,ŚWIĘTOKRZYSKIE,ALEKSANDRA,KOBIETA,30
26,ŚWIĘTOKRZYSKIE,ZUZANNA,KOBIETA,30
26,ŚWIĘTOKRZYSKIE,KATARZYNA,KOBIETA,28
26,ŚWIĘTOKRZYSKIE,HELENA,KOBIETA,26
26,ŚWIĘTOKRZYSKIE,OLIWIA,KOBIETA,26
26,ŚWIĘTOKRZYSKIE,WERONIKA,KOBIETA,25
26,ŚWIĘTOKRZYSKIE,ANTONINA,KOBIETA,23
26,ŚWIĘTOKRZYSKIE,MAJA,KOBIETA,22
26,ŚWIĘTOKRZYSKIE,NATALIA,KOBIETA,22
26,ŚWIĘTOKRZYSKIE,AMELIA,KOBIETA,21
26,ŚWIĘTOKRZYSKIE,HANNA,KOBIETA,21
26,ŚWIĘTOKRZYSKIE,ŁUCJA,KOBIETA,21
26,ŚWIĘTOKRZYSKIE,MAŁGORZATA,KOBIETA,20
26,ŚWIĘTOKRZYSKIE,AGNIESZKA,KOBIETA,19
26,ŚWIĘTOKRZYSKIE,EMILIA,KOBIETA,18
26,ŚWIĘTOKRZYSKIE,KAROLINA,KOBIETA,16
26,ŚWIĘTOKRZYSKIE,DOROTA,KOBIETA,15
26,ŚWIĘTOKRZYSKIE,GABRIELA,KOBIETA,15
26,ŚWIĘTOKRZYSKIE,MARIANNA,KOBIETA,15
26,ŚWIĘTOKRZYSKIE,RÓŻA,KOBIETA,15
26,ŚWIĘTOKRZYSKIE,MONIKA,KOBIETA,14
26,ŚWIĘTOKRZYSKIE,PAULINA,KOBIETA,14
26,ŚWIĘTOKRZYSKIE,KLARA,KOBIETA,13
26,ŚWIĘTOKRZYSKIE,KLAUDIA,KOBIETA,13
26,ŚWIĘTOKRZYSKIE,MARTA,KOBIETA,13
26,ŚWIĘTOKRZYSKIE,ELŻBIETA,KOBIETA,12
26,ŚWIĘTOKRZYSKIE,JOANNA,KOBIETA,12
26,ŚWIĘTOKRZYSKIE,IZABELA,KOBIETA,11
26,ŚWIĘTOKRZYSKIE,JANINA,KOBIETA,11
26,ŚWIĘTOKRZYSKIE,LENA,KOBIETA,11
26,ŚWIĘTOKRZYSKIE,MARCELINA,KOBIETA,11
26,ŚWIĘTOKRZYSKIE,ANASTAZJA,KOBIETA,10
26,ŚWIĘTOKRZYSKIE,IGA,KOBIETA,10
26,ŚWIĘTOKRZYSKIE,JADWIGA,KOBIETA,10
26,ŚWIĘTOKRZYSKIE,DANUTA,KOBIETA,9
26,ŚWIĘTOKRZYSKIE,DOMINIKA,KOBIETA,9
26,ŚWIĘTOKRZYSKIE,HALINA,KOBIETA,9
26,ŚWIĘTOKRZYSKIE,KAMILA,KOBIETA,9
26,ŚWIĘTOKRZYSKIE,KRYSTYNA,KOBIETA,9
26,ŚWIĘTOKRZYSKIE,NIKOLA,KOBIETA,9
26,ŚWIĘTOKRZYSKIE,PATRYCJA,KOBIETA,9
26,ŚWIĘTOKRZYSKIE,POLA,KOBIETA,9
26,ŚWIĘTOKRZYSKIE,AGATA,KOBIETA,8
26,ŚWIĘTOKRZYSKIE,ANIELA,KOBIETA,8
26,ŚWIĘTOKRZYSKIE,MICHALINA,KOBIETA,8
26,ŚWIĘTOKRZYSKIE,NADIA,KOBIETA,8
26,ŚWIĘTOKRZYSKIE,ROZALIA,KOBIETA,8
26,ŚWIĘTOKRZYSKIE,DARIA,KOBIETA,7
26,ŚWIĘTOKRZYSKIE,EDYTA,KOBIETA,7
26,ŚWIĘTOKRZYSKIE,IWONA,KOBIETA,7
26,ŚWIĘTOKRZYSKIE,STANISŁAWA,KOBIETA,7
26,ŚWIĘTOKRZYSKIE,SYLWIA,KOBIETA,7
26,ŚWIĘTOKRZYSKIE,WANDA,KOBIETA,7
26,ŚWIĘTOKRZYSKIE,AURELIA,KOBIETA,6
26,ŚWIĘTOKRZYSKIE,BLANKA,KOBIETA,6
26,ŚWIĘTOKRZYSKIE,ELIZA,KOBIETA,6
26,ŚWIĘTOKRZYSKIE,EWELINA,KOBIETA,6
26,ŚWIĘTOKRZYSKIE,JUSTYNA,KOBIETA,6
26,ŚWIĘTOKRZYSKIE,KAJA,KOBIETA,6
26,ŚWIĘTOKRZYSKIE,KINGA,KOBIETA,6
26,ŚWIĘTOKRZYSKIE,LILIANA,KOBIETA,6
26,ŚWIĘTOKRZYSKIE,MILENA,KOBIETA,6
26,ŚWIĘTOKRZYSKIE,OLGA,KOBIETA,6
26,ŚWIĘTOKRZYSKIE,RITA,KOBIETA,6
26,ŚWIĘTOKRZYSKIE,TERESA,KOBIETA,6
26,ŚWIĘTOKRZYSKIE,GRAŻYNA,KOBIETA,5
26,ŚWIĘTOKRZYSKIE,MARTYNA,KOBIETA,5
26,ŚWIĘTOKRZYSKIE,MATYLDA,KOBIETA,5
26,ŚWIĘTOKRZYSKIE,SARA,KOBIETA,5
26,ŚWIĘTOKRZYSKIE,STEFANIA,KOBIETA,5
26,ŚWIĘTOKRZYSKIE,ADRIANNA,KOBIETA,4
26,ŚWIĘTOKRZYSKIE,BEATA,KOBIETA,4
26,ŚWIĘTOKRZYSKIE,BOŻENA,KOBIETA,4
26,ŚWIĘTOKRZYSKIE,FAUSTYNA,KOBIETA,4
26,ŚWIĘTOKRZYSKIE,IRENA,KOBIETA,4
26,ŚWIĘTOKRZYSKIE,JAGODA,KOBIETA,4
26,ŚWIĘTOKRZYSKIE,KORNELIA,KOBIETA,4
26,ŚWIĘTOKRZYSKIE,MARLENA,KOBIETA,4
26,ŚWIĘTOKRZYSKIE,MARZENA,KOBIETA,4
26,ŚWIĘTOKRZYSKIE,MIA,KOBIETA,4
26,ŚWIĘTOKRZYSKIE,RENATA,KOBIETA,4
26,ŚWIĘTOKRZYSKIE,SANDRA,KOBIETA,4
26,ŚWIĘTOKRZYSKIE,APOLONIA,KOBIETA,3
26,ŚWIĘTOKRZYSKIE,CECYLIA,KOBIETA,3
26,ŚWIĘTOKRZYSKIE,CELINA,KOBIETA,3
26,ŚWIĘTOKRZYSKIE,HENRYKA,KOBIETA,3
26,ŚWIĘTOKRZYSKIE,INGA,KOBIETA,3
26,ŚWIĘTOKRZYSKIE,JÓZEFA,KOBIETA,3
26,ŚWIĘTOKRZYSKIE,JULIANNA,KOBIETA,3
26,ŚWIĘTOKRZYSKIE,KARINA,KOBIETA,3
26,ŚWIĘTOKRZYSKIE,LIDIA,KOBIETA,3
26,ŚWIĘTOKRZYSKIE,LIWIA,KOBIETA,3
26,ŚWIĘTOKRZYSKIE,LUCYNA,KOBIETA,3
26,ŚWIĘTOKRZYSKIE,LUIZA,KOBIETA,3
26,ŚWIĘTOKRZYSKIE,NELA,KOBIETA,3
26,ŚWIĘTOKRZYSKIE,NINA,KOBIETA,3
26,ŚWIĘTOKRZYSKIE,SAMANTA,KOBIETA,3
26,ŚWIĘTOKRZYSKIE,URSZULA,KOBIETA,3
26,ŚWIĘTOKRZYSKIE,VICTORIA,KOBIETA,3
26,ŚWIĘTOKRZYSKIE,BIANKA,KOBIETA,2
26,ŚWIĘTOKRZYSKIE,ESTERA,KOBIETA,2
26,ŚWIĘTOKRZYSKIE,FRANCISZKA,KOBIETA,2
26,ŚWIĘTOKRZYSKIE,GAJA,KOBIETA,2
26,ŚWIĘTOKRZYSKIE,GLORIA,KOBIETA,2
26,ŚWIĘTOKRZYSKIE,IDA,KOBIETA,2
26,ŚWIĘTOKRZYSKIE,ILONA,KOBIETA,2
26,ŚWIĘTOKRZYSKIE,JAŚMINA,KOBIETA,2
26,ŚWIĘTOKRZYSKIE,JOLANTA,KOBIETA,2
26,ŚWIĘTOKRZYSKIE,KALINA,KOBIETA,2
26,ŚWIĘTOKRZYSKIE,KAZIMIERA,KOBIETA,2
26,ŚWIĘTOKRZYSKIE,LILI,KOBIETA,2
26,ŚWIĘTOKRZYSKIE,MILA,KOBIETA,2
26,ŚWIĘTOKRZYSKIE,OTYLIA,KOBIETA,2
26,ŚWIĘTOKRZYSKIE,SABINA,KOBIETA,2
26,ŚWIĘTOKRZYSKIE,WALENTYNA,KOBIETA,2
26,ŚWIĘTOKRZYSKIE,ZOJA,KOBIETA,2
28,WARMIŃSKO-MAZURSKIE,,KOBIETA,4339
28,WARMIŃSKO-MAZURSKIE,MARIA,KOBIETA,82
28,WARMIŃSKO-MAZURSKIE,ANNA,KOBIETA,51
28,WARMIŃSKO-MAZURSKIE,ZOFIA,KOBIETA,36
28,WARMIŃSKO-MAZURSKIE,EWA,KOBIETA,25
28,WARMIŃSKO-MAZURSKIE,ALICJA,KOBIETA,16
28,WARMIŃSKO-MAZURSKIE,MAGDALENA,KOBIETA,16
28,WARMIŃSKO-MAZURSKIE,WERONIKA,KOBIETA,16
28,WARMIŃSKO-MAZURSKIE,WIKTORIA,KOBIETA,15
28,WARMIŃSKO-MAZURSKIE,ALEKSANDRA,KOBIETA,14
28,WARMIŃSKO-MAZURSKIE,BARBARA,KOBIETA,14
28,WARMIŃSKO-MAZURSKIE,NATALIA,KOBIETA,13
28,WARMIŃSKO-MAZURSKIE,HELENA,KOBIETA,12
28,WARMIŃSKO-MAZURSKIE,LAURA,KOBIETA,12
28,WARMIŃSKO-MAZURSKIE,MAŁGORZATA,KOBIETA,12
28,WARMIŃSKO-MAZURSKIE,RÓŻA,KOBIETA,12
28,WARMIŃSKO-MAZURSKIE,ANASTAZJA,KOBIETA,11
28,WARMIŃSKO-MAZURSKIE,HANNA,KOBIETA,11
28,WARMIŃSKO-MAZURSKIE,KATARZYNA,KOBIETA,11
28,WARMIŃSKO-MAZURSKIE,KRYSTYNA,KOBIETA,11
28,WARMIŃSKO-MAZURSKIE,TERESA,KOBIETA,11
28,WARMIŃSKO-MAZURSKIE,JADWIGA,KOBIETA,10
28,WARMIŃSKO-MAZURSKIE,DANUTA,KOBIETA,9
28,WARMIŃSKO-MAZURSKIE,JULIA,KOBIETA,9
28,WARMIŃSKO-MAZURSKIE,KLARA,KOBIETA,9
28,WARMIŃSKO-MAZURSKIE,ŁUCJA,KOBIETA,9
28,WARMIŃSKO-MAZURSKIE,POLA,KOBIETA,9
28,WARMIŃSKO-MAZURSKIE,JANINA,KOBIETA,8
28,WARMIŃSKO-MAZURSKIE,MAJA,KOBIETA,8
28,WARMIŃSKO-MAZURSKIE,MARIANNA,KOBIETA,8
28,WARMIŃSKO-MAZURSKIE,OLIWIA,KOBIETA,8
28,WARMIŃSKO-MAZURSKIE,ZUZANNA,KOBIETA,8
28,WARMIŃSKO-MAZURSKIE,AGNIESZKA,KOBIETA,7
28,WARMIŃSKO-MAZURSKIE,GABRIELA,KOBIETA,7
28,WARMIŃSKO-MAZURSKIE,IRENA,KOBIETA,7
28,WARMIŃSKO-MAZURSKIE,LENA,KOBIETA,7
28,WARMIŃSKO-MAZURSKIE,MARTA,KOBIETA,7
28,WARMIŃSKO-MAZURSKIE,ANIELA,KOBIETA,6
28,WARMIŃSKO-MAZURSKIE,ANTONINA,KOBIETA,6
28,WARMIŃSKO-MAZURSKIE,BEATA,KOBIETA,6
28,WARMIŃSKO-MAZURSKIE,DARIA,KOBIETA,6
28,WARMIŃSKO-MAZURSKIE,ELŻBIETA,KOBIETA,6
28,WARMIŃSKO-MAZURSKIE,JOANNA,KOBIETA,6
28,WARMIŃSKO-MAZURSKIE,MIA,KOBIETA,6
28,WARMIŃSKO-MAZURSKIE,NADIA,KOBIETA,6
28,WARMIŃSKO-MAZURSKIE,URSZULA,KOBIETA,6
28,WARMIŃSKO-MAZURSKIE,AMELIA,KOBIETA,5
28,WARMIŃSKO-MAZURSKIE,AURELIA,KOBIETA,5
28,WARMIŃSKO-MAZURSKIE,HALINA,KOBIETA,5
28,WARMIŃSKO-MAZURSKIE,IZABELA,KOBIETA,5
28,WARMIŃSKO-MAZURSKIE,JAGODA,KOBIETA,5
28,WARMIŃSKO-MAZURSKIE,LILIANA,KOBIETA,5
28,WARMIŃSKO-MAZURSKIE,MICHALINA,KOBIETA,5
28,WARMIŃSKO-MAZURSKIE,MONIKA,KOBIETA,5
28,WARMIŃSKO-MAZURSKIE,APOLONIA,KOBIETA,4
28,WARMIŃSKO-MAZURSKIE,BLANKA,KOBIETA,4
28,WARMIŃSKO-MAZURSKIE,JOLANTA,KOBIETA,4
28,WARMIŃSKO-MAZURSKIE,LILIANNA,KOBIETA,4
28,WARMIŃSKO-MAZURSKIE,LUCYNA,KOBIETA,4
28,WARMIŃSKO-MAZURSKIE,SABINA,KOBIETA,4
28,WARMIŃSKO-MAZURSKIE,STEFANIA,KOBIETA,4
28,WARMIŃSKO-MAZURSKIE,VANESSA,KOBIETA,4
28,WARMIŃSKO-MAZURSKIE,DOROTA,KOBIETA,3
28,WARMIŃSKO-MAZURSKIE,EDYTA,KOBIETA,3
28,WARMIŃSKO-MAZURSKIE,EMILIA,KOBIETA,3
28,WARMIŃSKO-MAZURSKIE,EWELINA,KOBIETA,3
28,WARMIŃSKO-MAZURSKIE,JULITA,KOBIETA,3
28,WARMIŃSKO-MAZURSKIE,KAJA,KOBIETA,3
28,WARMIŃSKO-MAZURSKIE,KAROLINA,KOBIETA,3
28,WARMIŃSKO-MAZURSKIE,KORNELIA,KOBIETA,3
28,WARMIŃSKO-MAZURSKIE,LIDIA,KOBIETA,3
28,WARMIŃSKO-MAZURSKIE,MARTYNA,KOBIETA,3
28,WARMIŃSKO-MAZURSKIE,OLGA,KOBIETA,3
28,WARMIŃSKO-MAZURSKIE,ROZALIA,KOBIETA,3
28,WARMIŃSKO-MAZURSKIE,SARA,KOBIETA,3
28,WARMIŃSKO-MAZURSKIE,SYLWIA,KOBIETA,3
28,WARMIŃSKO-MAZURSKIE,ADRIANNA,KOBIETA,2
28,WARMIŃSKO-MAZURSKIE,AGATA,KOBIETA,2
28,WARMIŃSKO-MAZURSKIE,ALINA,KOBIETA,2
28,WARMIŃSKO-MAZURSKIE,ANGELIKA,KOBIETA,2
28,WARMIŃSKO-MAZURSKIE,BIANKA,KOBIETA,2
28,WARMIŃSKO-MAZURSKIE,BOŻENA,KOBIETA,2
28,WARMIŃSKO-MAZURSKIE,CECYLIA,KOBIETA,2
28,WARMIŃSKO-MAZURSKIE,DIANA,KOBIETA,2
28,WARMIŃSKO-MAZURSKIE,DOMINIKA,KOBIETA,2
28,WARMIŃSKO-MAZURSKIE,ELENA,KOBIETA,2
28,WARMIŃSKO-MAZURSKIE,ELIZA,KOBIETA,2
28,WARMIŃSKO-MAZURSKIE,ELWIRA,KOBIETA,2
28,WARMIŃSKO-MAZURSKIE,FELICJA,KOBIETA,2
28,WARMIŃSKO-MAZURSKIE,GAJA,KOBIETA,2
28,WARMIŃSKO-MAZURSKIE,GRAŻYNA,KOBIETA,2
28,WARMIŃSKO-MAZURSKIE,IGA,KOBIETA,2
28,WARMIŃSKO-MAZURSKIE,INKA,KOBIETA,2
28,WARMIŃSKO-MAZURSKIE,IWONA,KOBIETA,2
28,WARMIŃSKO-MAZURSKIE,JÓZEFA,KOBIETA,2
28,WARMIŃSKO-MAZURSKIE,MARCELINA,KOBIETA,2
28,WARMIŃSKO-MAZURSKIE,MARIIA,KOBIETA,2
28,WARMIŃSKO-MAZURSKIE,MARZENA,KOBIETA,2
28,WARMIŃSKO-MAZURSKIE,MELANIA,KOBIETA,2
28,WARMIŃSKO-MAZURSKIE,MIROSŁAWA,KOBIETA,2
28,WARMIŃSKO-MAZURSKIE,OTYLIA,KOBIETA,2
28,WARMIŃSKO-MAZURSKIE,RENATA,KOBIETA,2
28,WARMIŃSKO-MAZURSKIE,RITA,KOBIETA,2
28,WARMIŃSKO-MAZURSKIE,SOFIA,KOBIETA,2
28,WARMIŃSKO-MAZURSKIE,STANISŁAWA,KOBIETA,2
28,WARMIŃSKO-MAZURSKIE,WALERIA,KOBIETA,2
30,WIELKOPOLSKIE,,KOBIETA,11518
30,WIELKOPOLSKIE,MARIA,KOBIETA,549
30,WIELKOPOLSKIE,ANNA,KOBIETA,261
30,WIELKOPOLSKIE,ZOFIA,KOBIETA,137
30,WIELKOPOLSKIE,MAGDALENA,KOBIETA,92
30,WIELKOPOLSKIE,HELENA,KOBIETA,84
30,WIELKOPOLSKIE,BARBARA,KOBIETA,80
30,WIELKOPOLSKIE,KATARZYNA,KOBIETA,75
30,WIELKOPOLSKIE,EWA,KOBIETA,65
30,WIELKOPOLSKIE,ŁUCJA,KOBIETA,62
30,WIELKOPOLSKIE,MAŁGORZATA,KOBIETA,59
30,WIELKOPOLSKIE,JOANNA,KOBIETA,55
30,WIELKOPOLSKIE,WIKTORIA,KOBIETA,55
30,WIELKOPOLSKIE,ALEKSANDRA,KOBIETA,54
30,WIELKOPOLSKIE,MARTA,KOBIETA,54
30,WIELKOPOLSKIE,TERESA,KOBIETA,54
30,WIELKOPOLSKIE,MARIANNA,KOBIETA,50
30,WIELKOPOLSKIE,ELŻBIETA,KOBIETA,46
30,WIELKOPOLSKIE,JULIA,KOBIETA,46
30,WIELKOPOLSKIE,ANTONINA,KOBIETA,43
30,WIELKOPOLSKIE,HANNA,KOBIETA,43
30,WIELKOPOLSKIE,IRENA,KOBIETA,38
30,WIELKOPOLSKIE,LAURA,KOBIETA,38
30,WIELKOPOLSKIE,ALICJA,KOBIETA,37
30,WIELKOPOLSKIE,KLARA,KOBIETA,35
30,WIELKOPOLSKIE,WERONIKA,KOBIETA,35
30,WIELKOPOLSKIE,ZUZANNA,KOBIETA,35
30,WIELKOPOLSKIE,JADWIGA,KOBIETA,33
30,WIELKOPOLSKIE,JANINA,KOBIETA,30
30,WIELKOPOLSKIE,KRYSTYNA,KOBIETA,30
30,WIELKOPOLSKIE,AGNIESZKA,KOBIETA,29
30,WIELKOPOLSKIE,GABRIELA,KOBIETA,27
30,WIELKOPOLSKIE,URSZULA,KOBIETA,27
30,WIELKOPOLSKIE,WANDA,KOBIETA,27
30,WIELKOPOLSKIE,ANASTAZJA,KOBIETA,26
30,WIELKOPOLSKIE,RÓŻA,KOBIETA,26
30,WIELKOPOLSKIE,ANIELA,KOBIETA,25
30,WIELKOPOLSKIE,OLIWIA,KOBIETA,25
30,WIELKOPOLSKIE,KAROLINA,KOBIETA,24
30,WIELKOPOLSKIE,AGATA,KOBIETA,23
30,WIELKOPOLSKIE,NATALIA,KOBIETA,23
30,WIELKOPOLSKIE,DANUTA,KOBIETA,22
30,WIELKOPOLSKIE,DOROTA,KOBIETA,22
30,WIELKOPOLSKIE,EMILIA,KOBIETA,22
30,WIELKOPOLSKIE,LENA,KOBIETA,22
30,WIELKOPOLSKIE,MICHALINA,KOBIETA,22
30,WIELKOPOLSKIE,HALINA,KOBIETA,21
30,WIELKOPOLSKIE,KINGA,KOBIETA,20
30,WIELKOPOLSKIE,MONIKA,KOBIETA,20
30,WIELKOPOLSKIE,RITA,KOBIETA,20
30,WIELKOPOLSKIE,MARCELINA,KOBIETA,19
30,WIELKOPOLSKIE,PAULINA,KOBIETA,18
30,WIELKOPOLSKIE,ROZALIA,KOBIETA,18
30,WIELKOPOLSKIE,STEFANIA,KOBIETA,18
30,WIELKOPOLSKIE,AMELIA,KOBIETA,17
30,WIELKOPOLSKIE,IZABELA,KOBIETA,17
30,WIELKOPOLSKIE,KLAUDIA,KOBIETA,17
30,WIELKOPOLSKIE,JOLANTA,KOBIETA,16
30,WIELKOPOLSKIE,MAJA,KOBIETA,16
30,WIELKOPOLSKIE,BEATA,KOBIETA,13
30,WIELKOPOLSKIE,DOMINIKA,KOBIETA,13
30,WIELKOPOLSKIE,FAUSTYNA,KOBIETA,13
30,WIELKOPOLSKIE,BOŻENA,KOBIETA,12
30,WIELKOPOLSKIE,LILIANA,KOBIETA,12
30,WIELKOPOLSKIE,JUSTYNA,KOBIETA,11
30,WIELKOPOLSKIE,LIDIA,KOBIETA,11
30,WIELKOPOLSKIE,LUCYNA,KOBIETA,11
30,WIELKOPOLSKIE,MIA,KOBIETA,11
30,WIELKOPOLSKIE,ALINA,KOBIETA,10
30,WIELKOPOLSKIE,BLANKA,KOBIETA,10
30,WIELKOPOLSKIE,JAGODA,KOBIETA,10
30,WIELKOPOLSKIE,KORNELIA,KOBIETA,10
30,WIELKOPOLSKIE,LILIANNA,KOBIETA,10
30,WIELKOPOLSKIE,MARTYNA,KOBIETA,10
30,WIELKOPOLSKIE,MATYLDA,KOBIETA,10
30,WIELKOPOLSKIE,MELANIA,KOBIETA,10
30,WIELKOPOLSKIE,PATRYCJA,KOBIETA,10
30,WIELKOPOLSKIE,RENATA,KOBIETA,10
30,WIELKOPOLSKIE,ANGELIKA,KOBIETA,8
30,WIELKOPOLSKIE,GRAŻYNA,KOBIETA,8
30,WIELKOPOLSKIE,KAZIMIERA,KOBIETA,8
30,WIELKOPOLSKIE,LIWIA,KOBIETA,8
30,WIELKOPOLSKIE,NADIA,KOBIETA,8
30,WIELKOPOLSKIE,REGINA,KOBIETA,8
30,WIELKOPOLSKIE,SYLWIA,KOBIETA,8
30,WIELKOPOLSKIE,AURELIA,KOBIETA,7
30,WIELKOPOLSKIE,BOGUMIŁA,KOBIETA,7
30,WIELKOPOLSKIE,FRANCISZKA,KOBIETA,7
30,WIELKOPOLSKIE,IGA,KOBIETA,7
30,WIELKOPOLSKIE,KAJA,KOBIETA,7
30,WIELKOPOLSKIE,KONSTANCJA,KOBIETA,7
30,WIELKOPOLSKIE,MARZENA,KOBIETA,7
30,WIELKOPOLSKIE,OLGA,KOBIETA,7
30,WIELKOPOLSKIE,ROKSANA,KOBIETA,7
30,WIELKOPOLSKIE,CECYLIA,KOBIETA,6
30,WIELKOPOLSKIE,DARIA,KOBIETA,6
30,WIELKOPOLSKIE,DIANA,KOBIETA,6
30,WIELKOPOLSKIE,ELIZA,KOBIETA,6
30,WIELKOPOLSKIE,IDA,KOBIETA,6
30,WIELKOPOLSKIE,IWONA,KOBIETA,6
30,WIELKOPOLSKIE,KAMILA,KOBIETA,6
30,WIELKOPOLSKIE,NIKOLA,KOBIETA,6
30,WIELKOPOLSKIE,PAULA,KOBIETA,6
30,WIELKOPOLSKIE,POLA,KOBIETA,6
30,WIELKOPOLSKIE,SANDRA,KOBIETA,6
30,WIELKOPOLSKIE,SARA,KOBIETA,6
30,WIELKOPOLSKIE,SOFIA,KOBIETA,6
30,WIELKOPOLSKIE,WALENTYNA,KOBIETA,6
30,WIELKOPOLSKIE,ANITA,KOBIETA,5
30,WIELKOPOLSKIE,APOLONIA,KOBIETA,5
30,WIELKOPOLSKIE,EDYTA,KOBIETA,5
30,WIELKOPOLSKIE,ELENA,KOBIETA,5
30,WIELKOPOLSKIE,EWELINA,KOBIETA,5
30,WIELKOPOLSKIE,FELICJA,KOBIETA,5
30,WIELKOPOLSKIE,JÓZEFA,KOBIETA,5
30,WIELKOPOLSKIE,JULITA,KOBIETA,5
30,WIELKOPOLSKIE,MARIOLA,KOBIETA,5
30,WIELKOPOLSKIE,MILENA,KOBIETA,5
30,WIELKOPOLSKIE,STANISŁAWA,KOBIETA,5
30,WIELKOPOLSKIE,ADRIANNA,KOBIETA,4
30,WIELKOPOLSKIE,ANETA,KOBIETA,4
30,WIELKOPOLSKIE,AURORA,KOBIETA,4
30,WIELKOPOLSKIE,CZESŁAWA,KOBIETA,4
30,WIELKOPOLSKIE,ESTERA,KOBIETA,4
30,WIELKOPOLSKIE,JÓZEFINA,KOBIETA,4
30,WIELKOPOLSKIE,JUDYTA,KOBIETA,4
30,WIELKOPOLSKIE,JULIANNA,KOBIETA,4
30,WIELKOPOLSKIE,LEA,KOBIETA,4
30,WIELKOPOLSKIE,MALWINA,KOBIETA,4
30,WIELKOPOLSKIE,MARIIA,KOBIETA,4
30,WIELKOPOLSKIE,NELA,KOBIETA,4
30,WIELKOPOLSKIE,NINA,KOBIETA,4
30,WIELKOPOLSKIE,ROSE,KOBIETA,4
30,WIELKOPOLSKIE,WIESŁAWA,KOBIETA,4
30,WIELKOPOLSKIE,WIOLETTA,KOBIETA,4
30,WIELKOPOLSKIE,ALEXANDRA,KOBIETA,3
30,WIELKOPOLSKIE,ARLETA,KOBIETA,3
30,WIELKOPOLSKIE,BIANKA,KOBIETA,3
30,WIELKOPOLSKIE,CELINA,KOBIETA,3
30,WIELKOPOLSKIE,EMMA,KOBIETA,3
30,WIELKOPOLSKIE,GAJA,KOBIETA,3
30,WIELKOPOLSKIE,GENOWEFA,KOBIETA,3
30,WIELKOPOLSKIE,HENRYKA,KOBIETA,3
30,WIELKOPOLSKIE,KARINA,KOBIETA,3
30,WIELKOPOLSKIE,LEOKADIA,KOBIETA,3
30,WIELKOPOLSKIE,MIRA,KOBIETA,3
30,WIELKOPOLSKIE,NOEMI,KOBIETA,3
30,WIELKOPOLSKIE,SABINA,KOBIETA,3
30,WIELKOPOLSKIE,SOPHIA,KOBIETA,3
30,WIELKOPOLSKIE,VANESSA,KOBIETA,3
30,WIELKOPOLSKIE,VIOLETTA,KOBIETA,3
30,WIELKOPOLSKIE,ZOJA,KOBIETA,3
30,WIELKOPOLSKIE,ADA,KOBIETA,2
30,WIELKOPOLSKIE,BERNADETA,KOBIETA,2
30,WIELKOPOLSKIE,BOLESŁAWA,KOBIETA,2
30,WIELKOPOLSKIE,BRYGIDA,KOBIETA,2
30,WIELKOPOLSKIE,DAGMARA,KOBIETA,2
30,WIELKOPOLSKIE,DAJANA,KOBIETA,2
30,WIELKOPOLSKIE,DANIELA,KOBIETA,2
30,WIELKOPOLSKIE,DOBROCHNA,KOBIETA,2
30,WIELKOPOLSKIE,ELISABETH,KOBIETA,2
30,WIELKOPOLSKIE,FLORA,KOBIETA,2
30,WIELKOPOLSKIE,HIACYNTA,KOBIETA,2
30,WIELKOPOLSKIE,ILONA,KOBIETA,2
30,WIELKOPOLSKIE,INES,KOBIETA,2
30,WIELKOPOLSKIE,IZABELLA,KOBIETA,2
30,WIELKOPOLSKIE,JAGNA,KOBIETA,2
30,WIELKOPOLSKIE,JEAN,KOBIETA,2
30,WIELKOPOLSKIE,KALINA,KOBIETA,2
30,WIELKOPOLSKIE,LEAH,KOBIETA,2
30,WIELKOPOLSKIE,LEONIA,KOBIETA,2
30,WIELKOPOLSKIE,LILIA,KOBIETA,2
30,WIELKOPOLSKIE,MALINA,KOBIETA,2
30,WIELKOPOLSKIE,MARIKA,KOBIETA,2
30,WIELKOPOLSKIE,MIRELA,KOBIETA,2
30,WIELKOPOLSKIE,MIROSŁAWA,KOBIETA,2
30,WIELKOPOLSKIE,MONICA,KOBIETA,2
30,WIELKOPOLSKIE,NADZIEJA,KOBIETA,2
30,WIELKOPOLSKIE,NAOMI,KOBIETA,2
30,WIELKOPOLSKIE,NATASZA,KOBIETA,2
30,WIELKOPOLSKIE,OLIMPIA,KOBIETA,2
30,WIELKOPOLSKIE,OLIVIA,KOBIETA,2
30,WIELKOPOLSKIE,SALOMEA,KOBIETA,2
30,WIELKOPOLSKIE,STELLA,KOBIETA,2
30,WIELKOPOLSKIE,VICTORIA,KOBIETA,2
30,WIELKOPOLSKIE,WIOLETA,KOBIETA,2
30,WIELKOPOLSKIE,ZDZISŁAWA,KOBIETA,2
30,WIELKOPOLSKIE,ZOE,KOBIETA,2
30,WIELKOPOLSKIE,ŻANETA,KOBIETA,2
32,ZACHODNIOPOMORSKIE,,KOBIETA,4083
32,ZACHODNIOPOMORSKIE,MARIA,KOBIETA,133
32,ZACHODNIOPOMORSKIE,ANNA,KOBIETA,105
32,ZACHODNIOPOMORSKIE,ZOFIA,KOBIETA,50
32,ZACHODNIOPOMORSKIE,MAŁGORZATA,KOBIETA,48
32,ZACHODNIOPOMORSKIE,EWA,KOBIETA,46
32,ZACHODNIOPOMORSKIE,WIKTORIA,KOBIETA,43
32,ZACHODNIOPOMORSKIE,JULIA,KOBIETA,40
32,ZACHODNIOPOMORSKIE,ALEKSANDRA,KOBIETA,38
32,ZACHODNIOPOMORSKIE,HELENA,KOBIETA,37
32,ZACHODNIOPOMORSKIE,KATARZYNA,KOBIETA,36
32,ZACHODNIOPOMORSKIE,TERESA,KOBIETA,34
32,ZACHODNIOPOMORSKIE,MAGDALENA,KOBIETA,33
32,ZACHODNIOPOMORSKIE,BARBARA,KOBIETA,32
32,ZACHODNIOPOMORSKIE,ANASTAZJA,KOBIETA,30
32,ZACHODNIOPOMORSKIE,KRYSTYNA,KOBIETA,27
32,ZACHODNIOPOMORSKIE,ALICJA,KOBIETA,25
32,ZACHODNIOPOMORSKIE,ZUZANNA,KOBIETA,24
32,ZACHODNIOPOMORSKIE,ŁUCJA,KOBIETA,23
32,ZACHODNIOPOMORSKIE,WERONIKA,KOBIETA,23
32,ZACHODNIOPOMORSKIE,ANTONINA,KOBIETA,22
32,ZACHODNIOPOMORSKIE,ELŻBIETA,KOBIETA,21
32,ZACHODNIOPOMORSKIE,LAURA,KOBIETA,21
32,ZACHODNIOPOMORSKIE,HANNA,KOBIETA,20
32,ZACHODNIOPOMORSKIE,KAROLINA,KOBIETA,20
32,ZACHODNIOPOMORSKIE,MAJA,KOBIETA,20
32,ZACHODNIOPOMORSKIE,DANUTA,KOBIETA,19
32,ZACHODNIOPOMORSKIE,IRENA,KOBIETA,19
32,ZACHODNIOPOMORSKIE,MARIANNA,KOBIETA,19
32,ZACHODNIOPOMORSKIE,AGNIESZKA,KOBIETA,18
32,ZACHODNIOPOMORSKIE,JOANNA,KOBIETA,18
32,ZACHODNIOPOMORSKIE,OLIWIA,KOBIETA,18
32,ZACHODNIOPOMORSKIE,MICHALINA,KOBIETA,17
32,ZACHODNIOPOMORSKIE,PAULINA,KOBIETA,17
32,ZACHODNIOPOMORSKIE,JADWIGA,KOBIETA,16
32,ZACHODNIOPOMORSKIE,KLARA,KOBIETA,16
32,ZACHODNIOPOMORSKIE,NATALIA,KOBIETA,16
32,ZACHODNIOPOMORSKIE,BEATA,KOBIETA,15
32,ZACHODNIOPOMORSKIE,GABRIELA,KOBIETA,15
32,ZACHODNIOPOMORSKIE,HALINA,KOBIETA,15
32,ZACHODNIOPOMORSKIE,JANINA,KOBIETA,15
32,ZACHODNIOPOMORSKIE,MARTA,KOBIETA,15
32,ZACHODNIOPOMORSKIE,MONIKA,KOBIETA,15
32,ZACHODNIOPOMORSKIE,NADIA,KOBIETA,15
32,ZACHODNIOPOMORSKIE,EMILIA,KOBIETA,14
32,ZACHODNIOPOMORSKIE,JAGODA,KOBIETA,14
32,ZACHODNIOPOMORSKIE,JOLANTA,KOBIETA,14
32,ZACHODNIOPOMORSKIE,LILIANA,KOBIETA,13
32,ZACHODNIOPOMORSKIE,RÓŻA,KOBIETA,13
32,ZACHODNIOPOMORSKIE,BOŻENA,KOBIETA,12
32,ZACHODNIOPOMORSKIE,IZABELA,KOBIETA,12
32,ZACHODNIOPOMORSKIE,DOROTA,KOBIETA,11
32,ZACHODNIOPOMORSKIE,PATRYCJA,KOBIETA,11
32,ZACHODNIOPOMORSKIE,POLA,KOBIETA,11
32,ZACHODNIOPOMORSKIE,AMELIA,KOBIETA,10
32,ZACHODNIOPOMORSKIE,LENA,KOBIETA,10
32,ZACHODNIOPOMORSKIE,LIDIA,KOBIETA,10
32,ZACHODNIOPOMORSKIE,MARCELINA,KOBIETA,10
32,ZACHODNIOPOMORSKIE,ROZALIA,KOBIETA,10
32,ZACHODNIOPOMORSKIE,STANISŁAWA,KOBIETA,10
32,ZACHODNIOPOMORSKIE,SYLWIA,KOBIETA,10
32,ZACHODNIOPOMORSKIE,AGATA,KOBIETA,9
32,ZACHODNIOPOMORSKIE,ANIELA,KOBIETA,9
32,ZACHODNIOPOMORSKIE,URSZULA,KOBIETA,9
32,ZACHODNIOPOMORSKIE,KLAUDIA,KOBIETA,8
32,ZACHODNIOPOMORSKIE,MARTYNA,KOBIETA,8
32,ZACHODNIOPOMORSKIE,MARZENA,KOBIETA,8
32,ZACHODNIOPOMORSKIE,RITA,KOBIETA,8
32,ZACHODNIOPOMORSKIE,EMMA,KOBIETA,7
32,ZACHODNIOPOMORSKIE,KORNELIA,KOBIETA,7
32,ZACHODNIOPOMORSKIE,OLGA,KOBIETA,7
32,ZACHODNIOPOMORSKIE,WANDA,KOBIETA,7
32,ZACHODNIOPOMORSKIE,ADRIANNA,KOBIETA,6
32,ZACHODNIOPOMORSKIE,AURELIA,KOBIETA,6
32,ZACHODNIOPOMORSKIE,DOMINIKA,KOBIETA,6
32,ZACHODNIOPOMORSKIE,GRAŻYNA,KOBIETA,6
32,ZACHODNIOPOMORSKIE,IGA,KOBIETA,6
32,ZACHODNIOPOMORSKIE,KAMILA,KOBIETA,6
32,ZACHODNIOPOMORSKIE,LUCYNA,KOBIETA,6
32,ZACHODNIOPOMORSKIE,MIA,KOBIETA,6
32,ZACHODNIOPOMORSKIE,AURORA,KOBIETA,5
32,ZACHODNIOPOMORSKIE,IWONA,KOBIETA,5
32,ZACHODNIOPOMORSKIE,JUSTYNA,KOBIETA,5
32,ZACHODNIOPOMORSKIE,KINGA,KOBIETA,5
32,ZACHODNIOPOMORSKIE,LEOKADIA,KOBIETA,5
32,ZACHODNIOPOMORSKIE,LILIANNA,KOBIETA,5
32,ZACHODNIOPOMORSKIE,MATYLDA,KOBIETA,5
32,ZACHODNIOPOMORSKIE,NADZIEJA,KOBIETA,5
32,ZACHODNIOPOMORSKIE,NELA,KOBIETA,5
32,ZACHODNIOPOMORSKIE,REGINA,KOBIETA,5
32,ZACHODNIOPOMORSKIE,SARA,KOBIETA,5
32,ZACHODNIOPOMORSKIE,ADELA,KOBIETA,4
32,ZACHODNIOPOMORSKIE,ANETA,KOBIETA,4
32,ZACHODNIOPOMORSKIE,ANGELIKA,KOBIETA,4
32,ZACHODNIOPOMORSKIE,BOGUMIŁA,KOBIETA,4
32,ZACHODNIOPOMORSKIE,CECYLIA,KOBIETA,4
32,ZACHODNIOPOMORSKIE,EWELINA,KOBIETA,4
32,ZACHODNIOPOMORSKIE,FAUSTYNA,KOBIETA,4
32,ZACHODNIOPOMORSKIE,FRANCISZKA,KOBIETA,4
32,ZACHODNIOPOMORSKIE,GAJA,KOBIETA,4
32,ZACHODNIOPOMORSKIE,IZABELLA,KOBIETA,4
32,ZACHODNIOPOMORSKIE,KAJA,KOBIETA,4
32,ZACHODNIOPOMORSKIE,KALINA,KOBIETA,4
32,ZACHODNIOPOMORSKIE,KONSTANCJA,KOBIETA,4
32,ZACHODNIOPOMORSKIE,LEA,KOBIETA,4
32,ZACHODNIOPOMORSKIE,MARIOLA,KOBIETA,4
32,ZACHODNIOPOMORSKIE,MELANIA,KOBIETA,4
32,ZACHODNIOPOMORSKIE,MILENA,KOBIETA,4
32,ZACHODNIOPOMORSKIE,NIKOLA,KOBIETA,4
32,ZACHODNIOPOMORSKIE,NINA,KOBIETA,4
32,ZACHODNIOPOMORSKIE,ROKSANA,KOBIETA,4
32,ZACHODNIOPOMORSKIE,SANDRA,KOBIETA,4
32,ZACHODNIOPOMORSKIE,STEFANIA,KOBIETA,4
32,ZACHODNIOPOMORSKIE,BLANKA,KOBIETA,3
32,ZACHODNIOPOMORSKIE,DARIA,KOBIETA,3
32,ZACHODNIOPOMORSKIE,ELENA,KOBIETA,3
32,ZACHODNIOPOMORSKIE,ELIZA,KOBIETA,3
32,ZACHODNIOPOMORSKIE,HONORATA,KOBIETA,3
32,ZACHODNIOPOMORSKIE,LILA,KOBIETA,3
32,ZACHODNIOPOMORSKIE,LUIZA,KOBIETA,3
32,ZACHODNIOPOMORSKIE,MAGDA,KOBIETA,3
32,ZACHODNIOPOMORSKIE,MALINA,KOBIETA,3
32,ZACHODNIOPOMORSKIE,MARLENA,KOBIETA,3
32,ZACHODNIOPOMORSKIE,NEL,KOBIETA,3
32,ZACHODNIOPOMORSKIE,SABINA,KOBIETA,3
32,ZACHODNIOPOMORSKIE,WIESŁAWA,KOBIETA,3
32,ZACHODNIOPOMORSKIE,ADA,KOBIETA,2
32,ZACHODNIOPOMORSKIE,ALINA,KOBIETA,2
32,ZACHODNIOPOMORSKIE,ANASTASIA,KOBIETA,2
32,ZACHODNIOPOMORSKIE,ANDREA,KOBIETA,2
32,ZACHODNIOPOMORSKIE,ANDŻELIKA,KOBIETA,2
32,ZACHODNIOPOMORSKIE,ANITA,KOBIETA,2
32,ZACHODNIOPOMORSKIE,APOLONIA,KOBIETA,2
32,ZACHODNIOPOMORSKIE,DAGMARA,KOBIETA,2
32,ZACHODNIOPOMORSKIE,DANIELA,KOBIETA,2
32,ZACHODNIOPOMORSKIE,DIANA,KOBIETA,2
32,ZACHODNIOPOMORSKIE,DOBRAWA,KOBIETA,2
32,ZACHODNIOPOMORSKIE,EDYTA,KOBIETA,2
32,ZACHODNIOPOMORSKIE,GENOWEFA,KOBIETA,2
32,ZACHODNIOPOMORSKIE,HENRYKA,KOBIETA,2
32,ZACHODNIOPOMORSKIE,IDA,KOBIETA,2
32,ZACHODNIOPOMORSKIE,JAŚMINA,KOBIETA,2
32,ZACHODNIOPOMORSKIE,JÓZEFINA,KOBIETA,2
32,ZACHODNIOPOMORSKIE,KARINA,KOBIETA,2
32,ZACHODNIOPOMORSKIE,KAZIMIERA,KOBIETA,2
32,ZACHODNIOPOMORSKIE,LARA,KOBIETA,2
32,ZACHODNIOPOMORSKIE,LAYLA,KOBIETA,2
32,ZACHODNIOPOMORSKIE,LILIA,KOBIETA,2
32,ZACHODNIOPOMORSKIE,LIWIA,KOBIETA,2
32,ZACHODNIOPOMORSKIE,LUNA,KOBIETA,2
32,ZACHODNIOPOMORSKIE,MALWINA,KOBIETA,2
32,ZACHODNIOPOMORSKIE,MARIE,KOBIETA,2
32,ZACHODNIOPOMORSKIE,MARIKA,KOBIETA,2
32,ZACHODNIOPOMORSKIE,MIROSŁAWA,KOBIETA,2
32,ZACHODNIOPOMORSKIE,OKTAWIA,KOBIETA,2
32,ZACHODNIOPOMORSKIE,OLIVIA,KOBIETA,2
32,ZACHODNIOPOMORSKIE,POLINA,KOBIETA,2
32,ZACHODNIOPOMORSKIE,SOFIA,KOBIETA,2
32,ZACHODNIOPOMORSKIE,STELLA,KOBIETA,2
32,ZACHODNIOPOMORSKIE,VICTORIA,KOBIETA,2
32,ZACHODNIOPOMORSKIE,WIOLETA,KOBIETA,2
32,ZACHODNIOPOMORSKIE,ŻANETA,KOBIETA,2
