IMIĘ_PIERWSZE,PŁEĆ,LICZBA_WYSTĄPIEŃ
ANTONI,MĘŻCZYZNA,8550
JAN,MĘŻCZYZNA,8032
JAKUB,MĘŻCZYZNA,7966
ALEKSANDER,MĘŻCZYZNA,7432
SZYMON,MĘŻCZYZNA,7177
FRANCISZEK,MĘŻCZYZNA,6805
FILIP,MĘŻCZYZNA,6169
MIKOŁAJ,MĘŻCZYZNA,5786
WOJCIECH,MĘŻCZYZNA,5468
ADAM,MĘŻCZYZNA,4899
KACPER,MĘŻCZYZNA,4889
STANISŁAW,MĘŻCZYZNA,4812
MARCEL,MĘŻCZYZNA,4368
LEON,MĘŻCZYZNA,4345
MICHAŁ,MĘŻCZYZNA,4165
NIKODEM,MĘŻCZYZNA,3932
TYMON,MĘŻCZYZNA,3670
IGNACY,MĘŻCZYZNA,3613
WIKTOR,MĘŻCZYZNA,3558
IGOR,MĘŻCZYZNA,3362
OLIWIER,MĘŻCZYZNA,3202
PIOTR,MĘŻCZYZNA,3085
MAKSYMILIAN,MĘŻCZYZNA,2955
MIŁOSZ,MĘŻCZYZNA,2887
TYMOTEUSZ,MĘŻCZYZNA,2611
BARTOSZ,MĘŻCZYZNA,2464
OSKAR,MĘŻCZYZNA,2398
MATEUSZ,MĘŻCZYZNA,2310
JULIAN,MĘŻCZYZNA,2259
DAWID,MĘŻCZYZNA,2228
KRZYSZTOF,MĘŻCZYZNA,2031
ALAN,MĘŻCZYZNA,2006
KAROL,MĘŻCZYZNA,1923
TOMASZ,MĘŻCZYZNA,1875
DOMINIK,MĘŻCZYZNA,1852
GABRIEL,MĘŻCZYZNA,1788
HUBERT,MĘŻCZYZNA,1682
MACIEJ,MĘŻCZYZNA,1593
FABIAN,MĘŻCZYZNA,1555
PAWEŁ,MĘŻCZYZNA,1355
BRUNO,MĘŻCZYZNA,1286
NATAN,MĘŻCZYZNA,1273
BORYS,MĘŻCZYZNA,1129
KAMIL,MĘŻCZYZNA,1122
KSAWERY,MĘŻCZYZNA,1111
BARTŁOMIEJ,MĘŻCZYZNA,1015
KAJETAN,MĘŻCZYZNA,959
ARTUR,MĘŻCZYZNA,955
PATRYK,MĘŻCZYZNA,940
ADRIAN,MĘŻCZYZNA,925
SEBASTIAN,MĘŻCZYZNA,903
OLAF,MĘŻCZYZNA,882
KUBA,MĘŻCZYZNA,882
TADEUSZ,MĘŻCZYZNA,809
CEZARY,MĘŻCZYZNA,789
GRZEGORZ,MĘŻCZYZNA,758
KRYSTIAN,MĘŻCZYZNA,706
DANIEL,MĘŻCZYZNA,659
WITOLD,MĘŻCZYZNA,644
ERYK,MĘŻCZYZNA,617
KORNEL,MĘŻCZYZNA,606
HENRYK,MĘŻCZYZNA,564
ŁUKASZ,MĘŻCZYZNA,562
JÓZEF,MĘŻCZYZNA,549
MARCIN,MĘŻCZYZNA,545
JERZY,MĘŻCZYZNA,510
BŁAŻEJ,MĘŻCZYZNA,505
MILAN,MĘŻCZYZNA,490
KAZIMIERZ,MĘŻCZYZNA,486
OLIVIER,MĘŻCZYZNA,483
MIESZKO,MĘŻCZYZNA,476
RAFAŁ,MĘŻCZYZNA,458
TOBIASZ,MĘŻCZYZNA,458
LEONARD,MĘŻCZYZNA,455
DAMIAN,MĘŻCZYZNA,452
EMIL,MĘŻCZYZNA,445
STEFAN,MĘŻCZYZNA,431
ROBERT,MĘŻCZYZNA,422
TEODOR,MĘŻCZYZNA,412
KONSTANTY,MĘŻCZYZNA,408
PRZEMYSŁAW,MĘŻCZYZNA,406
RADOSŁAW,MĘŻCZYZNA,395
ALEX,MĘŻCZYZNA,372
ALEKS,MĘŻCZYZNA,369
KONRAD,MĘŻCZYZNA,364
RYSZARD,MĘŻCZYZNA,363
GUSTAW,MĘŻCZYZNA,358
NATANIEL,MĘŻCZYZNA,342
MAREK,MĘŻCZYZNA,320
LEO,MĘŻCZYZNA,319
JULIUSZ,MĘŻCZYZNA,288
JEREMI,MĘŻCZYZNA,287
ALEXANDER,MĘŻCZYZNA,286
FELIKS,MĘŻCZYZNA,279
GRACJAN,MĘŻCZYZNA,266
ARKADIUSZ,MĘŻCZYZNA,258
ANDRZEJ,MĘŻCZYZNA,249
ALBERT,MĘŻCZYZNA,247
REMIGIUSZ,MĘŻCZYZNA,244
IWO,MĘŻCZYZNA,234
FLORIAN,MĘŻCZYZNA,220
JACEK,MĘŻCZYZNA,218
DORIAN,MĘŻCZYZNA,216
KORDIAN,MĘŻCZYZNA,215
JĘDRZEJ,MĘŻCZYZNA,205
LUDWIK,MĘŻCZYZNA,199
MAKSYM,MĘŻCZYZNA,185
SEWERYN,MĘŻCZYZNA,163
BRAJAN,MĘŻCZYZNA,161
OLIVER,MĘŻCZYZNA,160
SAMUEL,MĘŻCZYZNA,159
HUGO,MĘŻCZYZNA,155
LUCJAN,MĘŻCZYZNA,150
DARIUSZ,MĘŻCZYZNA,147
NORBERT,MĘŻCZYZNA,138
WŁADYSŁAW,MĘŻCZYZNA,133
ERNEST,MĘŻCZYZNA,130
DAVID,MĘŻCZYZNA,122
ALEKSY,MĘŻCZYZNA,121
EDWARD,MĘŻCZYZNA,120
BENIAMIN,MĘŻCZYZNA,118
FRYDERYK,MĘŻCZYZNA,114
MAURYCY,MĘŻCZYZNA,113
ARON,MĘŻCZYZNA,107
OLGIERD,MĘŻCZYZNA,106
TYTUS,MĘŻCZYZNA,101
JEREMIASZ,MĘŻCZYZNA,98
MARK,MĘŻCZYZNA,98
CYPRIAN,MĘŻCZYZNA,97
ROMAN,MĘŻCZYZNA,96
ZBIGNIEW,MĘŻCZYZNA,94
SZCZEPAN,MĘŻCZYZNA,90
JOACHIM,MĘŻCZYZNA,89
MARCELI,MĘŻCZYZNA,89
OKTAWIAN,MĘŻCZYZNA,80
BRUNON,MĘŻCZYZNA,77
MAXIMILIAN,MĘŻCZYZNA,76
SYLWESTER,MĘŻCZYZNA,75
DENIS,MĘŻCZYZNA,74
MAKS,MĘŻCZYZNA,72
BOGDAN,MĘŻCZYZNA,71
MARIUSZ,MĘŻCZYZNA,71
KOSMA,MĘŻCZYZNA,70
LIAM,MĘŻCZYZNA,66
VINCENT,MĘŻCZYZNA,65
MAX,MĘŻCZYZNA,64
ZIEMOWIT,MĘŻCZYZNA,64
NICOLAS,MĘŻCZYZNA,63
OLIWER,MĘŻCZYZNA,63
EMILIAN,MĘŻCZYZNA,62
KEVIN,MĘŻCZYZNA,62
GNIEWOMIR,MĘŻCZYZNA,61
KSAWIER,MĘŻCZYZNA,60
WINCENTY,MĘŻCZYZNA,60
OSCAR,MĘŻCZYZNA,57
GNIEWKO,MĘŻCZYZNA,56
MIRON,MĘŻCZYZNA,54
JONASZ,MĘŻCZYZNA,53
NATHAN,MĘŻCZYZNA,53
NIKOLAS,MĘŻCZYZNA,52
VIKTOR,MĘŻCZYZNA,50
ZACHARY,MĘŻCZYZNA,50
LESZEK,MĘŻCZYZNA,50
KASPIAN,MĘŻCZYZNA,49
BENJAMIN,MĘŻCZYZNA,49
BERNARD,MĘŻCZYZNA,48
ROCH,MĘŻCZYZNA,46
KASJAN,MĘŻCZYZNA,45
VICTOR,MĘŻCZYZNA,44
MIROSŁAW,MĘŻCZYZNA,44
LEONARDO,MĘŻCZYZNA,44
OLEG,MĘŻCZYZNA,43
CZESŁAW,MĘŻCZYZNA,43
JONATAN,MĘŻCZYZNA,42
LEOPOLD,MĘŻCZYZNA,42
KORNELIUSZ,MĘŻCZYZNA,42
ARTEM,MĘŻCZYZNA,42
BOLESŁAW,MĘŻCZYZNA,41
MARTIN,MĘŻCZYZNA,41
MIECZYSŁAW,MĘŻCZYZNA,39
AARON,MĘŻCZYZNA,39
BOGUSŁAW,MĘŻCZYZNA,38
AMADEUSZ,MĘŻCZYZNA,38
SERGIUSZ,MĘŻCZYZNA,38
WINCENT,MĘŻCZYZNA,37
SŁAWOMIR,MĘŻCZYZNA,37
KRZESIMIR,MĘŻCZYZNA,37
ELIASZ,MĘŻCZYZNA,36
XAVIER,MĘŻCZYZNA,35
JAROSŁAW,MĘŻCZYZNA,35
FRANEK,MĘŻCZYZNA,35
MICHAEL,MĘŻCZYZNA,34
NATHANIEL,MĘŻCZYZNA,32
OLEK,MĘŻCZYZNA,32
TEO,MĘŻCZYZNA,31
EMANUEL,MĘŻCZYZNA,30
ZYGMUNT,MĘŻCZYZNA,28
BOGUMIŁ,MĘŻCZYZNA,28
NIKITA,MĘŻCZYZNA,27
ANATOL,MĘŻCZYZNA,27
WILLIAM,MĘŻCZYZNA,27
IVO,MĘŻCZYZNA,27
MAXYMILIAN,MĘŻCZYZNA,26
ANTONIO,MĘŻCZYZNA,26
COLIN,MĘŻCZYZNA,26
FELICJAN,MĘŻCZYZNA,25
ALEK,MĘŻCZYZNA,25
IRENEUSZ,MĘŻCZYZNA,25
KLEMENS,MĘŻCZYZNA,25
NOE,MĘŻCZYZNA,25
NOAH,MĘŻCZYZNA,24
IVAN,MĘŻCZYZNA,24
DANIIL,MĘŻCZYZNA,24
EDMUND,MĘŻCZYZNA,24
HENRY,MĘŻCZYZNA,24
KRYSPIN,MĘŻCZYZNA,24
ANTHONY,MĘŻCZYZNA,24
JANUSZ,MĘŻCZYZNA,24
MARIAN,MĘŻCZYZNA,24
ANTON,MĘŻCZYZNA,23
TIMUR,MĘŻCZYZNA,23
GNIEWOSZ,MĘŻCZYZNA,23
BENEDYKT,MĘŻCZYZNA,23
THEO,MĘŻCZYZNA,23
HEKTOR,MĘŻCZYZNA,23
KAI,MĘŻCZYZNA,23
GERARD,MĘŻCZYZNA,22
KASPER,MĘŻCZYZNA,22
BRAYAN,MĘŻCZYZNA,22
AUGUST,MĘŻCZYZNA,21
THOMAS,MĘŻCZYZNA,21
BRONISŁAW,MĘŻCZYZNA,21
FELIX,MĘŻCZYZNA,21
LOUIS,MĘŻCZYZNA,20
LUKAS,MĘŻCZYZNA,20
AUGUSTYN,MĘŻCZYZNA,20
WIT,MĘŻCZYZNA,20
BARTEK,MĘŻCZYZNA,20
ZACHARIASZ,MĘŻCZYZNA,20
DYLAN,MĘŻCZYZNA,19
LEV,MĘŻCZYZNA,19
OREST,MĘŻCZYZNA,19
ERWIN,MĘŻCZYZNA,19
ERIK,MĘŻCZYZNA,19
LUCAS,MĘŻCZYZNA,19
ARMIN,MĘŻCZYZNA,19
KEWIN,MĘŻCZYZNA,19
MAKSIM,MĘŻCZYZNA,18
ANDRII,MĘŻCZYZNA,18
MAXIM,MĘŻCZYZNA,18
NOEL,MĘŻCZYZNA,17
IWAN,MĘŻCZYZNA,17
SIMON,MĘŻCZYZNA,17
LEW,MĘŻCZYZNA,17
ANTEK,MĘŻCZYZNA,17
RAFAEL,MĘŻCZYZNA,17
SAMBOR,MĘŻCZYZNA,17
OLEKSANDR,MĘŻCZYZNA,17
DOMINIC,MĘŻCZYZNA,16
MATEO,MĘŻCZYZNA,16
LUIS,MĘŻCZYZNA,16
DMYTRO,MĘŻCZYZNA,15
MATVII,MĘŻCZYZNA,15
CYRYL,MĘŻCZYZNA,15
MAKAR,MĘŻCZYZNA,15
VLADYSLAV,MĘŻCZYZNA,15
PHILIP,MĘŻCZYZNA,15
WOJTEK,MĘŻCZYZNA,14
ARIEL,MĘŻCZYZNA,14
JACOB,MĘŻCZYZNA,14
DIEGO,MĘŻCZYZNA,14
KLAUDIUSZ,MĘŻCZYZNA,14
PATRICK,MĘŻCZYZNA,14
KARIM,MĘŻCZYZNA,14
LUKA,MĘŻCZYZNA,14
HIERONIM,MĘŻCZYZNA,14
JOEL,MĘŻCZYZNA,14
AMIR,MĘŻCZYZNA,13
NIKO,MĘŻCZYZNA,13
RADOMIR,MĘŻCZYZNA,13
SERAFIN,MĘŻCZYZNA,13
MATTEO,MĘŻCZYZNA,13
ARTHUR,MĘŻCZYZNA,13
HARRY,MĘŻCZYZNA,13
MARKUS,MĘŻCZYZNA,13
DANYLO,MĘŻCZYZNA,13
AXEL,MĘŻCZYZNA,13
EDGAR,MĘŻCZYZNA,13
ALEKSANDR,MĘŻCZYZNA,12
DAMIR,MĘŻCZYZNA,12
ITAN,MĘŻCZYZNA,12
KILIAN,MĘŻCZYZNA,12
MAKARY,MĘŻCZYZNA,12
KAJ,MĘŻCZYZNA,12
NAZAR,MĘŻCZYZNA,12
MARKO,MĘŻCZYZNA,12
BASTIAN,MĘŻCZYZNA,12
TYMOFII,MĘŻCZYZNA,12
XAWERY,MĘŻCZYZNA,12
WŁODZIMIERZ,MĘŻCZYZNA,12
RUBEN,MĘŻCZYZNA,11
FABIO,MĘŻCZYZNA,11
JAKOB,MĘŻCZYZNA,11
JAMES,MĘŻCZYZNA,11
DANIL,MĘŻCZYZNA,11
TOBIAS,MĘŻCZYZNA,11
JORDAN,MĘŻCZYZNA,11
EMILIO,MĘŻCZYZNA,11
WALDEMAR,MĘŻCZYZNA,11
ETHAN,MĘŻCZYZNA,11
THEODORE,MĘŻCZYZNA,11
WILHELM,MĘŻCZYZNA,10
FRANCESCO,MĘŻCZYZNA,10
DAJAN,MĘŻCZYZNA,10
DAVYD,MĘŻCZYZNA,10
ELIAS,MĘŻCZYZNA,10
TYBERIUSZ,MĘŻCZYZNA,10
BRIAN,MĘŻCZYZNA,10
MARCO,MĘŻCZYZNA,10
MILO,MĘŻCZYZNA,10
MANUEL,MĘŻCZYZNA,10
ZENON,MĘŻCZYZNA,9
LECH,MĘŻCZYZNA,9
PAUL,MĘŻCZYZNA,9
KIRIL,MĘŻCZYZNA,9
DOBROMIR,MĘŻCZYZNA,9
RYAN,MĘŻCZYZNA,9
ALFRED,MĘŻCZYZNA,9
ALEXANDRE,MĘŻCZYZNA,9
RAYAN,MĘŻCZYZNA,9
FRANK,MĘŻCZYZNA,9
DIONIZY,MĘŻCZYZNA,9
LUCA,MĘŻCZYZNA,9
JAROMIR,MĘŻCZYZNA,9
BAZYLI,MĘŻCZYZNA,8
ARSEN,MĘŻCZYZNA,8
ALI,MĘŻCZYZNA,8
ARIAN,MĘŻCZYZNA,8
TIMOTHY,MĘŻCZYZNA,8
ALLAN,MĘŻCZYZNA,8
STANISLAW,MĘŻCZYZNA,8
ILLIA,MĘŻCZYZNA,8
AMBROŻY,MĘŻCZYZNA,8
KONSTANTYN,MĘŻCZYZNA,8
BRYAN,MĘŻCZYZNA,8
NOLAN,MĘŻCZYZNA,8
BOHDAN,MĘŻCZYZNA,8
STANISLAV,MĘŻCZYZNA,8
LORENZO,MĘŻCZYZNA,8
MYKHAILO,MĘŻCZYZNA,8
CHRISTOPHER,MĘŻCZYZNA,8
JANEK,MĘŻCZYZNA,7
HERBERT,MĘŻCZYZNA,7
DENIZ,MĘŻCZYZNA,7
GERALT,MĘŻCZYZNA,7
MIKE,MĘŻCZYZNA,7
WIESŁAW,MĘŻCZYZNA,7
GILBERT,MĘŻCZYZNA,7
ERIC,MĘŻCZYZNA,7
KRISTIAN,MĘŻCZYZNA,7
GUSTAV,MĘŻCZYZNA,7
PASCAL,MĘŻCZYZNA,7
NICHOLAS,MĘŻCZYZNA,7
MIKHAIL,MĘŻCZYZNA,7
ROLAND,MĘŻCZYZNA,7
MARSEL,MĘŻCZYZNA,7
OLEH,MĘŻCZYZNA,7
KIRILL,MĘŻCZYZNA,7
JEGOR,MĘŻCZYZNA,7
LESŁAW,MĘŻCZYZNA,7
MUHAMMAD,MĘŻCZYZNA,7
TYCJAN,MĘŻCZYZNA,7
ALESSANDRO,MĘŻCZYZNA,7
BEN,MĘŻCZYZNA,7
IAN,MĘŻCZYZNA,7
JOSEF,MĘŻCZYZNA,7
FREDERICK,MĘŻCZYZNA,7
YAROSLAV,MĘŻCZYZNA,7
WAWRZYNIEC,MĘŻCZYZNA,7
ROBIN,MĘŻCZYZNA,7
EUGENIUSZ,MĘŻCZYZNA,7
CARLOS,MĘŻCZYZNA,7
JOSHUA,MĘŻCZYZNA,7
AURELIUSZ,MĘŻCZYZNA,6
JOHN,MĘŻCZYZNA,6
TEOFIL,MĘŻCZYZNA,6
CHRISTIAN,MĘŻCZYZNA,6
OMAR,MĘŻCZYZNA,6
PHILIPP,MĘŻCZYZNA,6
SIEMOWIT,MĘŻCZYZNA,6
TIMO,MĘŻCZYZNA,6
TIM,MĘŻCZYZNA,6
YUSUF,MĘŻCZYZNA,6
LOGAN,MĘŻCZYZNA,6
JUSTIN,MĘŻCZYZNA,6
JONATHAN,MĘŻCZYZNA,6
OSTAP,MĘŻCZYZNA,6
DANTE,MĘŻCZYZNA,6
RAGNAR,MĘŻCZYZNA,6
MAXIME,MĘŻCZYZNA,6
ARYAN,MĘŻCZYZNA,6
EDWIN,MĘŻCZYZNA,6
AKSEL,MĘŻCZYZNA,6
LEONID,MĘŻCZYZNA,6
NICO,MĘŻCZYZNA,5
HORACY,MĘŻCZYZNA,5
MARCUS,MĘŻCZYZNA,5
ILIAN,MĘŻCZYZNA,5
MASON,MĘŻCZYZNA,5
TRISTAN,MĘŻCZYZNA,5
BRAIAN,MĘŻCZYZNA,5
GORAN,MĘŻCZYZNA,5
ZAHAR,MĘŻCZYZNA,5
VALENTINO,MĘŻCZYZNA,5
MICHAL,MĘŻCZYZNA,5
GEORGE,MĘŻCZYZNA,5
IBRAHIM,MĘŻCZYZNA,5
LUCJUSZ,MĘŻCZYZNA,5
DENYS,MĘŻCZYZNA,5
SANTIAGO,MĘŻCZYZNA,5
MIGUEL,MĘŻCZYZNA,5
LUKE,MĘŻCZYZNA,5
LÉON,MĘŻCZYZNA,5
ANDREI,MĘŻCZYZNA,5
TIAGO,MĘŻCZYZNA,5
MINH,MĘŻCZYZNA,5
ROMUALD,MĘŻCZYZNA,5
JOSEPH,MĘŻCZYZNA,5
MATTHEW,MĘŻCZYZNA,5
ZAKHAR,MĘŻCZYZNA,5
THEODOR,MĘŻCZYZNA,5
ELIOT,MĘŻCZYZNA,5
ALEN,MĘŻCZYZNA,5
NIKOLAJ,MĘŻCZYZNA,5
LUBOMIR,MĘŻCZYZNA,5
BRANDON,MĘŻCZYZNA,5
PABLO,MĘŻCZYZNA,5
ANDRIY,MĘŻCZYZNA,5
ELLIOT,MĘŻCZYZNA,5
MATVIY,MĘŻCZYZNA,5
KALEB,MĘŻCZYZNA,5
ISMAEL,MĘŻCZYZNA,4
FRANCISCO,MĘŻCZYZNA,4
ANDREAS,MĘŻCZYZNA,4
MIROSLAV,MĘŻCZYZNA,4
NIKOLAI,MĘŻCZYZNA,4
HENRI,MĘŻCZYZNA,4
KOSTEK,MĘŻCZYZNA,4
CHARLIE,MĘŻCZYZNA,4
RICCARDO,MĘŻCZYZNA,4
IZAAK,MĘŻCZYZNA,4
BARNABA,MĘŻCZYZNA,4
ALOJZY,MĘŻCZYZNA,4
NATANAEL,MĘŻCZYZNA,4
CZAREK,MĘŻCZYZNA,4
AIDEN,MĘŻCZYZNA,4
NESTOR,MĘŻCZYZNA,4
JESSE,MĘŻCZYZNA,4
ORION,MĘŻCZYZNA,4
DEMIAN,MĘŻCZYZNA,4
OCTAVIAN,MĘŻCZYZNA,4
KLIMEK,MĘŻCZYZNA,4
LIONEL,MĘŻCZYZNA,4
XANDER,MĘŻCZYZNA,4
KYRYL,MĘŻCZYZNA,4
TYMOFIJ,MĘŻCZYZNA,4
TIMOFEY,MĘŻCZYZNA,4
SVIATOSLAV,MĘŻCZYZNA,4
LÉO,MĘŻCZYZNA,4
MYKOLA,MĘŻCZYZNA,4
NIKON,MĘŻCZYZNA,4
SERHII,MĘŻCZYZNA,4
JAMIE,MĘŻCZYZNA,4
MATVEY,MĘŻCZYZNA,4
ZACHAR,MĘŻCZYZNA,4
IVAR,MĘŻCZYZNA,4
EMMANUEL,MĘŻCZYZNA,4
BALTAZAR,MĘŻCZYZNA,4
ARAM,MĘŻCZYZNA,4
YOUSEF,MĘŻCZYZNA,4
VITALII,MĘŻCZYZNA,4
YAN,MĘŻCZYZNA,4
ARMAN,MĘŻCZYZNA,4
BOLEBOR,MĘŻCZYZNA,4
ZBYSZKO,MĘŻCZYZNA,4
EMIR,MĘŻCZYZNA,4
MATVEI,MĘŻCZYZNA,4
MIKOLAJ,MĘŻCZYZNA,4
BENON,MĘŻCZYZNA,4
THIAGO,MĘŻCZYZNA,4
MAXIMILLIAN,MĘŻCZYZNA,4
MIHAIL,MĘŻCZYZNA,4
TOMAS,MĘŻCZYZNA,4
HARVEY,MĘŻCZYZNA,4
SAMI,MĘŻCZYZNA,4
VLADISLAV,MĘŻCZYZNA,4
SYRIUSZ,MĘŻCZYZNA,4
MAIK,MĘŻCZYZNA,3
VITO,MĘŻCZYZNA,3
HARRISON,MĘŻCZYZNA,3
MARIO,MĘŻCZYZNA,3
ARCHIE,MĘŻCZYZNA,3
BORIS,MĘŻCZYZNA,3
XAWIER,MĘŻCZYZNA,3
NICK,MĘŻCZYZNA,3
GABRIELE,MĘŻCZYZNA,3
HUGON,MĘŻCZYZNA,3
NICOLAI,MĘŻCZYZNA,3
CASPER,MĘŻCZYZNA,3
RICHARD,MĘŻCZYZNA,3
GIANLUCA,MĘŻCZYZNA,3
DENNIS,MĘŻCZYZNA,3
AKIM,MĘŻCZYZNA,3
ARASH,MĘŻCZYZNA,3
THÉO,MĘŻCZYZNA,3
TOMEK,MĘŻCZYZNA,3
PAVLO,MĘŻCZYZNA,3
FILIPPO,MĘŻCZYZNA,3
DASTAN,MĘŻCZYZNA,3
ANGUS,MĘŻCZYZNA,3
JANUARY,MĘŻCZYZNA,3
CONOR,MĘŻCZYZNA,3
DAGMAR,MĘŻCZYZNA,3
ANDREW,MĘŻCZYZNA,3
YEHOR,MĘŻCZYZNA,3
IGNACIO,MĘŻCZYZNA,3
ANAS,MĘŻCZYZNA,3
IZAJASZ,MĘŻCZYZNA,3
NATHANAEL,MĘŻCZYZNA,3
JACK,MĘŻCZYZNA,3
AYAAN,MĘŻCZYZNA,3
ENES,MĘŻCZYZNA,3
DŻULIANO,MĘŻCZYZNA,3
ARAS,MĘŻCZYZNA,3
STANISLAS,MĘŻCZYZNA,3
LUCIANO,MĘŻCZYZNA,3
NICOLAE,MĘŻCZYZNA,3
ADEM,MĘŻCZYZNA,3
ALESSIO,MĘŻCZYZNA,3
JASON,MĘŻCZYZNA,3
MALIK,MĘŻCZYZNA,3
MICHAIL,MĘŻCZYZNA,3
IHOR,MĘŻCZYZNA,3
WITOSŁAW,MĘŻCZYZNA,3
GIORGI,MĘŻCZYZNA,3
NAREK,MĘŻCZYZNA,3
HERMAN,MĘŻCZYZNA,3
APOLLO,MĘŻCZYZNA,3
YURII,MĘŻCZYZNA,3
JAROSLAV,MĘŻCZYZNA,3
TOMIR,MĘŻCZYZNA,3
ZORIAN,MĘŻCZYZNA,3
ZDZISŁAW,MĘŻCZYZNA,3
VALENTIN,MĘŻCZYZNA,3
AYAN,MĘŻCZYZNA,3
SAMSON,MĘŻCZYZNA,3
ILAI,MĘŻCZYZNA,3
TRAIAN,MĘŻCZYZNA,3
IDRIS,MĘŻCZYZNA,3
MAXIMILIANO,MĘŻCZYZNA,3
ZACK,MĘŻCZYZNA,3
PRZEMEK,MĘŻCZYZNA,3
DYMITR,MĘŻCZYZNA,3
AMIN,MĘŻCZYZNA,3
LEONEL,MĘŻCZYZNA,3
YAKUP,MĘŻCZYZNA,3
MATHIAS,MĘŻCZYZNA,3
MATWIEJ,MĘŻCZYZNA,3
MARCOS,MĘŻCZYZNA,3
BOGUSZ,MĘŻCZYZNA,3
KIRIŁ,MĘŻCZYZNA,3
XSAVIER,MĘŻCZYZNA,3
PHILIPPE,MĘŻCZYZNA,3
KONSTANTINOS,MĘŻCZYZNA,3
SAM,MĘŻCZYZNA,3
WINICJUSZ,MĘŻCZYZNA,3
NICODEM,MĘŻCZYZNA,3
OLLIE,MĘŻCZYZNA,3
ANDRIJ,MĘŻCZYZNA,3
RAJAN,MĘŻCZYZNA,3
LUKASZ,MĘŻCZYZNA,3
FEDERICO,MĘŻCZYZNA,3
VOLODYMYR,MĘŻCZYZNA,3
MELCHIOR,MĘŻCZYZNA,3
ROSTISLAV,MĘŻCZYZNA,3
ANTONY,MĘŻCZYZNA,3
JONAS,MĘŻCZYZNA,3
GLEB,MĘŻCZYZNA,3
OZAN,MĘŻCZYZNA,3
HENRIK,MĘŻCZYZNA,3
EREN,MĘŻCZYZNA,3
ZAWISZA,MĘŻCZYZNA,3
KADIR,MĘŻCZYZNA,3
GERALD,MĘŻCZYZNA,3
OKTAWIUSZ,MĘŻCZYZNA,3
ILYA,MĘŻCZYZNA,3
TYMUR,MĘŻCZYZNA,3
JOZUE,MĘŻCZYZNA,2
NAM,MĘŻCZYZNA,2
NADIR,MĘŻCZYZNA,2
VIVAAN,MĘŻCZYZNA,2
YICHENG,MĘŻCZYZNA,2
TARAS,MĘŻCZYZNA,2
JAREMA,MĘŻCZYZNA,2
CEZAR,MĘŻCZYZNA,2
SYMEON,MĘŻCZYZNA,2
ACHIM,MĘŻCZYZNA,2
DANG KHOA,MĘŻCZYZNA,2
BJÖRN,MĘŻCZYZNA,2
SAMIR,MĘŻCZYZNA,2
ARDIAN,MĘŻCZYZNA,2
NICOLO',MĘŻCZYZNA,2
JEREMIAH,MĘŻCZYZNA,2
ARISH,MĘŻCZYZNA,2
YASIN,MĘŻCZYZNA,2
MATIN,MĘŻCZYZNA,2
BARNIM,MĘŻCZYZNA,2
TIMOFEI,MĘŻCZYZNA,2
STEPAN,MĘŻCZYZNA,2
JAKE,MĘŻCZYZNA,2
DRAGOMIR,MĘŻCZYZNA,2
MIKALAI,MĘŻCZYZNA,2
MILOSZ,MĘŻCZYZNA,2
PAWEL,MĘŻCZYZNA,2
ILJA,MĘŻCZYZNA,2
LUBOSZ,MĘŻCZYZNA,2
MARCELL,MĘŻCZYZNA,2
NORMAN,MĘŻCZYZNA,2
MALEK,MĘŻCZYZNA,2
ROGER,MĘŻCZYZNA,2
VALENTYN,MĘŻCZYZNA,2
FRANKLIN,MĘŻCZYZNA,2
FIODOR,MĘŻCZYZNA,2
KRISTOF,MĘŻCZYZNA,2
KSAVIER,MĘŻCZYZNA,2
RENAT,MĘŻCZYZNA,2
ENZO,MĘŻCZYZNA,2
GIA HUY,MĘŻCZYZNA,2
MAGNUS,MĘŻCZYZNA,2
ARMANI,MĘŻCZYZNA,2
MATE,MĘŻCZYZNA,2
NAZARIJ,MĘŻCZYZNA,2
CODY,MĘŻCZYZNA,2
JAMAL,MĘŻCZYZNA,2
ZHIYUAN,MĘŻCZYZNA,2
SEVERYN,MĘŻCZYZNA,2
EDUARD,MĘŻCZYZNA,2
ROSTYSLAV,MĘŻCZYZNA,2
WITEK,MĘŻCZYZNA,2
KONSTANTIN,MĘŻCZYZNA,2
SALVADOR,MĘŻCZYZNA,2
OKTAVIAN,MĘŻCZYZNA,2
CELESTYN,MĘŻCZYZNA,2
MATWIJ,MĘŻCZYZNA,2
HIPOLIT,MĘŻCZYZNA,2
ANGELO,MĘŻCZYZNA,2
RAYEN,MĘŻCZYZNA,2
RODRIGO,MĘŻCZYZNA,2
DOBROSŁAW,MĘŻCZYZNA,2
RADZIMIR,MĘŻCZYZNA,2
YEVHEN,MĘŻCZYZNA,2
ANTONIUSZ,MĘŻCZYZNA,2
WITOSZ,MĘŻCZYZNA,2
FURKAN,MĘŻCZYZNA,2
ERICK,MĘŻCZYZNA,2
EGOR,MĘŻCZYZNA,2
ZBYSŁAW,MĘŻCZYZNA,2
ANGEL,MĘŻCZYZNA,2
MUKHAMMAD,MĘŻCZYZNA,2
GUSTAVO,MĘŻCZYZNA,2
XAVERY,MĘŻCZYZNA,2
GASPAR,MĘŻCZYZNA,2
YANN,MĘŻCZYZNA,2
DUC ANH,MĘŻCZYZNA,2
ALEXANDRU,MĘŻCZYZNA,2
HASAN,MĘŻCZYZNA,2
MARCELLO,MĘŻCZYZNA,2
MIRAN,MĘŻCZYZNA,2
MERT,MĘŻCZYZNA,2
ELLIOTT,MĘŻCZYZNA,2
PIETRO,MĘŻCZYZNA,2
NAZARII,MĘŻCZYZNA,2
AYAZ,MĘŻCZYZNA,2
MAXIMUS,MĘŻCZYZNA,2
CRISTIANO,MĘŻCZYZNA,2
PHILLIP,MĘŻCZYZNA,2
KYLIAN,MĘŻCZYZNA,2
SEVERIN,MĘŻCZYZNA,2
CARSTEN,MĘŻCZYZNA,2
PHOENIX,MĘŻCZYZNA,2
MORITZ,MĘŻCZYZNA,2
JIM,MĘŻCZYZNA,2
SANTOS,MĘŻCZYZNA,2
ADHAM,MĘŻCZYZNA,2
CASSIAN,MĘŻCZYZNA,2
SEMILIANO,MĘŻCZYZNA,2
UMUT,MĘŻCZYZNA,2
JAYDEN,MĘŻCZYZNA,2
CRISTIAN,MĘŻCZYZNA,2
PLATON,MĘŻCZYZNA,2
LAUREN,MĘŻCZYZNA,2
ELIA,MĘŻCZYZNA,2
FINN,MĘŻCZYZNA,2
VLADIMIR,MĘŻCZYZNA,2
MUSTAFA,MĘŻCZYZNA,2
ANTONII,MĘŻCZYZNA,2
YAKUB,MĘŻCZYZNA,2
ZACHEUSZ,MĘŻCZYZNA,2
GAWEŁ,MĘŻCZYZNA,2
OTTO,MĘŻCZYZNA,2
VUK,MĘŻCZYZNA,2
MATAS,MĘŻCZYZNA,2
NICOLÒ,MĘŻCZYZNA,2
PARYS,MĘŻCZYZNA,2
METODY,MĘŻCZYZNA,2
MACIEK,MĘŻCZYZNA,2
YI,MĘŻCZYZNA,2
JĀNIS,MĘŻCZYZNA,2
IZYDOR,MĘŻCZYZNA,2
LÉONARD,MĘŻCZYZNA,2
TOLEK,MĘŻCZYZNA,2
AYDIN,MĘŻCZYZNA,2
DONATAN,MĘŻCZYZNA,2
HOANG MINH,MĘŻCZYZNA,2
DAWYD,MĘŻCZYZNA,2
LUDWIG,MĘŻCZYZNA,2
MIŁOSŁAW,MĘŻCZYZNA,2
JOSZKO,MĘŻCZYZNA,2
AIDAN,MĘŻCZYZNA,2
NIKOLA,MĘŻCZYZNA,2
YEGOR,MĘŻCZYZNA,2
TOMA,MĘŻCZYZNA,2
EZECHIEL,MĘŻCZYZNA,2
CHARLES,MĘŻCZYZNA,2
CHRISTOPH,MĘŻCZYZNA,2
SAID,MĘŻCZYZNA,2
ELIZEUSZ,MĘŻCZYZNA,2
MAXYM,MĘŻCZYZNA,2
ATLAS,MĘŻCZYZNA,2
ASIM,MĘŻCZYZNA,2
MIVAAN,MĘŻCZYZNA,2
PETER,MĘŻCZYZNA,2
MINH KHOI,MĘŻCZYZNA,2
EUZEBIUSZ,MĘŻCZYZNA,2
MYKHAIL,MĘŻCZYZNA,2
EVAN,MĘŻCZYZNA,2
ARJUN,MĘŻCZYZNA,2
GWIDON,MĘŻCZYZNA,2
RODION,MĘŻCZYZNA,2
NIKOS,MĘŻCZYZNA,2
MATVIJ,MĘŻCZYZNA,2
KYRYŁO,MĘŻCZYZNA,2
OSMAN,MĘŻCZYZNA,2
TIMOFEJ,MĘŻCZYZNA,2
DÁNIEL,MĘŻCZYZNA,2
MYRON,MĘŻCZYZNA,2
MORFEUSZ,MĘŻCZYZNA,2
EMILIANO,MĘŻCZYZNA,2
JURIJ,MĘŻCZYZNA,2
KARL,MĘŻCZYZNA,2
WENANTY,MĘŻCZYZNA,2
ELIGIUSZ,MĘŻCZYZNA,2
GEORGII,MĘŻCZYZNA,2
JOZEF,MĘŻCZYZNA,2
DANYIL,MĘŻCZYZNA,2
DMITRIJ,MĘŻCZYZNA,2
TYMEK,MĘŻCZYZNA,2
ABDULLAH,MĘŻCZYZNA,2
CHRISTOFER,MĘŻCZYZNA,2
SAJMON,MĘŻCZYZNA,2
DORJAN,MĘŻCZYZNA,2
ILLARION,MĘŻCZYZNA,2
CHRISTOS,MĘŻCZYZNA,2
DAVI,MĘŻCZYZNA,2
ILIA,MĘŻCZYZNA,2
FABIEN,MĘŻCZYZNA,2
BAO NAM,MĘŻCZYZNA,2
ANTOINE,MĘŻCZYZNA,2
VINCENZO,MĘŻCZYZNA,2
MARKIYAN,MĘŻCZYZNA,2
MUSA,MĘŻCZYZNA,2
ZAKARIA,MĘŻCZYZNA,2
AUGUSTIN,MĘŻCZYZNA,2
CARTER,MĘŻCZYZNA,2
KENAN,MĘŻCZYZNA,2
FERNANDO,MĘŻCZYZNA,2
FILON,MĘŻCZYZNA,2
DEMID,MĘŻCZYZNA,2
LAMBERT,MĘŻCZYZNA,2
DACJAN,MĘŻCZYZNA,2
MALO,MĘŻCZYZNA,2
MINH TRÍ,MĘŻCZYZNA,2
LILIAN,MĘŻCZYZNA,2
JEREMY,MĘŻCZYZNA,2
OKTAVIO,MĘŻCZYZNA,2
FRANCK,MĘŻCZYZNA,2
ION,MĘŻCZYZNA,2
KYRYLO,MĘŻCZYZNA,2
HAMZA,MĘŻCZYZNA,2
ARNOLD,MĘŻCZYZNA,2
PEDRO,MĘŻCZYZNA,2
ANAND,MĘŻCZYZNA,2
ELIJAH,MĘŻCZYZNA,2
JAVIER,MĘŻCZYZNA,2
MATTHIAS,MĘŻCZYZNA,2
KHALED,MĘŻCZYZNA,2
OLEKSANDER,MĘŻCZYZNA,2
STEVEN,MĘŻCZYZNA,2
RAPHAEL,MĘŻCZYZNA,2
LARS,MĘŻCZYZNA,2
VIAAN,MĘŻCZYZNA,2
ISLAM,MĘŻCZYZNA,2
