WOJ,WOJEWÓDZTWO,IMIĘ_DRUGIE,PŁEĆ,LICZBA_WYSTĄPIEŃ
02,DOLNOŚLĄSKIE,MARIA,KOBIETA,505
02,DOLNOŚLĄSKIE,ANNA,KOBIETA,430
02,DOLNOŚLĄSKIE,ZOFIA,KOBIETA,173
02,DOLNOŚLĄSKIE,ALEKSANDRA,KOBIETA,128
02,DOLNOŚLĄSKIE,HELENA,KOBIETA,127
02,DOLNOŚLĄSKIE,WIKTORIA,KOBIETA,115
02,DOLNOŚLĄSKIE,JULIA,KOBIETA,114
02,DOLNOŚLĄSKIE,MAŁGORZATA,KOBIETA,112
02,DOLNOŚLĄSKIE,ALICJA,KOBIETA,109
02,DOLNOŚLĄSKIE,BARBARA,KOBIETA,105
02,DOLNOŚLĄSKIE,MAGDALENA,KOBIETA,103
02,DOLNOŚLĄSKIE,KATARZYNA,KOBIETA,102
02,DOLNOŚLĄSKIE,EWA,KOBIETA,99
02,DOLNOŚLĄSKIE,ZUZANNA,KOBIETA,82
02,DOLNOŚLĄSKIE,LAURA,KOBIETA,72
02,DOLNOŚLĄSKIE,JOANNA,KOBIETA,70
02,DOLNOŚLĄSKIE,ANTONINA,KOBIETA,69
02,DOLNOŚLĄSKIE,WERONIKA,KOBIETA,69
02,DOLNOŚLĄSKIE,ELŻBIETA,KOBIETA,68
02,DOLNOŚLĄSKIE,NATALIA,KOBIETA,67
02,DOLNOŚLĄSKIE,HANNA,KOBIETA,66
02,DOLNOŚLĄSKIE,ŁUCJA,KOBIETA,66
02,DOLNOŚLĄSKIE,KRYSTYNA,KOBIETA,65
02,DOLNOŚLĄSKIE,OLIWIA,KOBIETA,65
02,DOLNOŚLĄSKIE,KAROLINA,KOBIETA,63
02,DOLNOŚLĄSKIE,AGNIESZKA,KOBIETA,62
02,DOLNOŚLĄSKIE,EMILIA,KOBIETA,61
02,DOLNOŚLĄSKIE,JANINA,KOBIETA,54
02,DOLNOŚLĄSKIE,TERESA,KOBIETA,54
02,DOLNOŚLĄSKIE,JADWIGA,KOBIETA,52
02,DOLNOŚLĄSKIE,MAJA,KOBIETA,52
02,DOLNOŚLĄSKIE,MARIANNA,KOBIETA,49
02,DOLNOŚLĄSKIE,MARTA,KOBIETA,49
02,DOLNOŚLĄSKIE,RÓŻA,KOBIETA,49
02,DOLNOŚLĄSKIE,ANASTAZJA,KOBIETA,48
02,DOLNOŚLĄSKIE,IRENA,KOBIETA,44
02,DOLNOŚLĄSKIE,MICHALINA,KOBIETA,44
02,DOLNOŚLĄSKIE,MONIKA,KOBIETA,43
02,DOLNOŚLĄSKIE,AMELIA,KOBIETA,42
02,DOLNOŚLĄSKIE,GABRIELA,KOBIETA,41
02,DOLNOŚLĄSKIE,KLARA,KOBIETA,39
02,DOLNOŚLĄSKIE,IZABELA,KOBIETA,38
02,DOLNOŚLĄSKIE,ANIELA,KOBIETA,36
02,DOLNOŚLĄSKIE,BEATA,KOBIETA,36
02,DOLNOŚLĄSKIE,WANDA,KOBIETA,36
02,DOLNOŚLĄSKIE,AGATA,KOBIETA,35
02,DOLNOŚLĄSKIE,DANUTA,KOBIETA,35
02,DOLNOŚLĄSKIE,URSZULA,KOBIETA,35
02,DOLNOŚLĄSKIE,DOROTA,KOBIETA,34
02,DOLNOŚLĄSKIE,RITA,KOBIETA,33
02,DOLNOŚLĄSKIE,PATRYCJA,KOBIETA,32
02,DOLNOŚLĄSKIE,PAULINA,KOBIETA,31
02,DOLNOŚLĄSKIE,POLA,KOBIETA,30
02,DOLNOŚLĄSKIE,LENA,KOBIETA,29
02,DOLNOŚLĄSKIE,GRAŻYNA,KOBIETA,28
02,DOLNOŚLĄSKIE,KAMILA,KOBIETA,28
02,DOLNOŚLĄSKIE,JOLANTA,KOBIETA,26
02,DOLNOŚLĄSKIE,JAGODA,KOBIETA,25
02,DOLNOŚLĄSKIE,MARCELINA,KOBIETA,25
02,DOLNOŚLĄSKIE,HALINA,KOBIETA,24
02,DOLNOŚLĄSKIE,STEFANIA,KOBIETA,24
02,DOLNOŚLĄSKIE,AURELIA,KOBIETA,23
02,DOLNOŚLĄSKIE,JUSTYNA,KOBIETA,23
02,DOLNOŚLĄSKIE,NADIA,KOBIETA,23
02,DOLNOŚLĄSKIE,BOŻENA,KOBIETA,22
02,DOLNOŚLĄSKIE,DOMINIKA,KOBIETA,22
02,DOLNOŚLĄSKIE,NIKOLA,KOBIETA,22
02,DOLNOŚLĄSKIE,IWONA,KOBIETA,21
02,DOLNOŚLĄSKIE,KLAUDIA,KOBIETA,21
02,DOLNOŚLĄSKIE,LIDIA,KOBIETA,21
02,DOLNOŚLĄSKIE,ROZALIA,KOBIETA,21
02,DOLNOŚLĄSKIE,SARA,KOBIETA,21
02,DOLNOŚLĄSKIE,STANISŁAWA,KOBIETA,21
02,DOLNOŚLĄSKIE,IGA,KOBIETA,19
02,DOLNOŚLĄSKIE,MARTYNA,KOBIETA,19
02,DOLNOŚLĄSKIE,SYLWIA,KOBIETA,19
02,DOLNOŚLĄSKIE,LILIANNA,KOBIETA,18
02,DOLNOŚLĄSKIE,NINA,KOBIETA,18
02,DOLNOŚLĄSKIE,DARIA,KOBIETA,16
02,DOLNOŚLĄSKIE,LILIANA,KOBIETA,16
02,DOLNOŚLĄSKIE,RENATA,KOBIETA,16
02,DOLNOŚLĄSKIE,KINGA,KOBIETA,15
02,DOLNOŚLĄSKIE,KORNELIA,KOBIETA,15
02,DOLNOŚLĄSKIE,BLANKA,KOBIETA,14
02,DOLNOŚLĄSKIE,EDYTA,KOBIETA,14
02,DOLNOŚLĄSKIE,LUCYNA,KOBIETA,14
02,DOLNOŚLĄSKIE,MIA,KOBIETA,14
02,DOLNOŚLĄSKIE,ADRIANNA,KOBIETA,13
02,DOLNOŚLĄSKIE,ALINA,KOBIETA,12
02,DOLNOŚLĄSKIE,EWELINA,KOBIETA,12
02,DOLNOŚLĄSKIE,FRANCISZKA,KOBIETA,12
02,DOLNOŚLĄSKIE,JÓZEFINA,KOBIETA,12
02,DOLNOŚLĄSKIE,KALINA,KOBIETA,12
02,DOLNOŚLĄSKIE,LIWIA,KOBIETA,12
02,DOLNOŚLĄSKIE,MARZENA,KOBIETA,12
02,DOLNOŚLĄSKIE,MILENA,KOBIETA,12
02,DOLNOŚLĄSKIE,ANETA,KOBIETA,11
02,DOLNOŚLĄSKIE,APOLONIA,KOBIETA,11
02,DOLNOŚLĄSKIE,CECYLIA,KOBIETA,11
02,DOLNOŚLĄSKIE,CELINA,KOBIETA,11
02,DOLNOŚLĄSKIE,ELIZA,KOBIETA,11
02,DOLNOŚLĄSKIE,GAJA,KOBIETA,11
02,DOLNOŚLĄSKIE,MATYLDA,KOBIETA,11
02,DOLNOŚLĄSKIE,ADELA,KOBIETA,10
02,DOLNOŚLĄSKIE,ANITA,KOBIETA,10
02,DOLNOŚLĄSKIE,BIANKA,KOBIETA,10
02,DOLNOŚLĄSKIE,FAUSTYNA,KOBIETA,10
02,DOLNOŚLĄSKIE,IDA,KOBIETA,10
02,DOLNOŚLĄSKIE,KONSTANCJA,KOBIETA,10
02,DOLNOŚLĄSKIE,MARLENA,KOBIETA,10
02,DOLNOŚLĄSKIE,AURORA,KOBIETA,9
02,DOLNOŚLĄSKIE,BOGUSŁAWA,KOBIETA,9
02,DOLNOŚLĄSKIE,DANIELA,KOBIETA,9
02,DOLNOŚLĄSKIE,KAZIMIERA,KOBIETA,9
02,DOLNOŚLĄSKIE,NELA,KOBIETA,9
02,DOLNOŚLĄSKIE,WIOLETTA,KOBIETA,9
02,DOLNOŚLĄSKIE,DIANA,KOBIETA,8
02,DOLNOŚLĄSKIE,GENOWEFA,KOBIETA,8
02,DOLNOŚLĄSKIE,JÓZEFA,KOBIETA,8
02,DOLNOŚLĄSKIE,KAJA,KOBIETA,8
02,DOLNOŚLĄSKIE,MALWINA,KOBIETA,8
02,DOLNOŚLĄSKIE,VICTORIA,KOBIETA,8
02,DOLNOŚLĄSKIE,WIESŁAWA,KOBIETA,8
02,DOLNOŚLĄSKIE,ILONA,KOBIETA,7
02,DOLNOŚLĄSKIE,LEA,KOBIETA,7
02,DOLNOŚLĄSKIE,MARIOLA,KOBIETA,7
02,DOLNOŚLĄSKIE,PAULA,KOBIETA,7
02,DOLNOŚLĄSKIE,REGINA,KOBIETA,7
02,DOLNOŚLĄSKIE,ROKSANA,KOBIETA,7
02,DOLNOŚLĄSKIE,SABINA,KOBIETA,7
02,DOLNOŚLĄSKIE,SANDRA,KOBIETA,7
02,DOLNOŚLĄSKIE,ANGELIKA,KOBIETA,6
02,DOLNOŚLĄSKIE,FELICJA,KOBIETA,6
02,DOLNOŚLĄSKIE,MELANIA,KOBIETA,6
02,DOLNOŚLĄSKIE,MIROSŁAWA,KOBIETA,6
02,DOLNOŚLĄSKIE,OLGA,KOBIETA,6
02,DOLNOŚLĄSKIE,SOFIA,KOBIETA,6
02,DOLNOŚLĄSKIE,BOGUMIŁA,KOBIETA,5
02,DOLNOŚLĄSKIE,CZESŁAWA,KOBIETA,5
02,DOLNOŚLĄSKIE,ESTERA,KOBIETA,5
02,DOLNOŚLĄSKIE,HONORATA,KOBIETA,5
02,DOLNOŚLĄSKIE,KARINA,KOBIETA,5
02,DOLNOŚLĄSKIE,LEOKADIA,KOBIETA,5
02,DOLNOŚLĄSKIE,MARIKA,KOBIETA,5
02,DOLNOŚLĄSKIE,ADA,KOBIETA,4
02,DOLNOŚLĄSKIE,ALEXANDRA,KOBIETA,4
02,DOLNOŚLĄSKIE,DAGMARA,KOBIETA,4
02,DOLNOŚLĄSKIE,ELENA,KOBIETA,4
02,DOLNOŚLĄSKIE,ELIZABETH,KOBIETA,4
02,DOLNOŚLĄSKIE,EMMA,KOBIETA,4
02,DOLNOŚLĄSKIE,ERYKA,KOBIETA,4
02,DOLNOŚLĄSKIE,JAŚMINA,KOBIETA,4
02,DOLNOŚLĄSKIE,JULIANNA,KOBIETA,4
02,DOLNOŚLĄSKIE,JULITA,KOBIETA,4
02,DOLNOŚLĄSKIE,MALINA,KOBIETA,4
02,DOLNOŚLĄSKIE,TAMARA,KOBIETA,4
02,DOLNOŚLĄSKIE,TATIANA,KOBIETA,4
02,DOLNOŚLĄSKIE,VIKTORIA,KOBIETA,4
02,DOLNOŚLĄSKIE,WALERIA,KOBIETA,4
02,DOLNOŚLĄSKIE,ZOJA,KOBIETA,4
02,DOLNOŚLĄSKIE,ADRIANA,KOBIETA,3
02,DOLNOŚLĄSKIE,DALIA,KOBIETA,3
02,DOLNOŚLĄSKIE,ELWIRA,KOBIETA,3
02,DOLNOŚLĄSKIE,HENRYKA,KOBIETA,3
02,DOLNOŚLĄSKIE,HIACYNTA,KOBIETA,3
02,DOLNOŚLĄSKIE,INEZ,KOBIETA,3
02,DOLNOŚLĄSKIE,IZABELLA,KOBIETA,3
02,DOLNOŚLĄSKIE,JUDYTA,KOBIETA,3
02,DOLNOŚLĄSKIE,LILIA,KOBIETA,3
02,DOLNOŚLĄSKIE,LUIZA,KOBIETA,3
02,DOLNOŚLĄSKIE,LUNA,KOBIETA,3
02,DOLNOŚLĄSKIE,MIRIAM,KOBIETA,3
02,DOLNOŚLĄSKIE,NADZIEJA,KOBIETA,3
02,DOLNOŚLĄSKIE,OLIVIA,KOBIETA,3
02,DOLNOŚLĄSKIE,TEODORA,KOBIETA,3
02,DOLNOŚLĄSKIE,VALENTINA,KOBIETA,3
02,DOLNOŚLĄSKIE,WIOLETA,KOBIETA,3
02,DOLNOŚLĄSKIE,WŁADYSŁAWA,KOBIETA,3
02,DOLNOŚLĄSKIE,ALBINA,KOBIETA,2
02,DOLNOŚLĄSKIE,ANASTASIA,KOBIETA,2
02,DOLNOŚLĄSKIE,ARLETA,KOBIETA,2
02,DOLNOŚLĄSKIE,BRONISŁAWA,KOBIETA,2
02,DOLNOŚLĄSKIE,BRYGIDA,KOBIETA,2
02,DOLNOŚLĄSKIE,CIRILLA,KOBIETA,2
02,DOLNOŚLĄSKIE,DOBROCHNA,KOBIETA,2
02,DOLNOŚLĄSKIE,ELEONORA,KOBIETA,2
02,DOLNOŚLĄSKIE,ELISA,KOBIETA,2
02,DOLNOŚLĄSKIE,EVA,KOBIETA,2
02,DOLNOŚLĄSKIE,GLORIA,KOBIETA,2
02,DOLNOŚLĄSKIE,HANIA,KOBIETA,2
02,DOLNOŚLĄSKIE,INGA,KOBIETA,2
02,DOLNOŚLĄSKIE,JESSICA,KOBIETA,2
02,DOLNOŚLĄSKIE,KIRA,KOBIETA,2
02,DOLNOŚLĄSKIE,LARA,KOBIETA,2
02,DOLNOŚLĄSKIE,LARYSA,KOBIETA,2
02,DOLNOŚLĄSKIE,LIVIA,KOBIETA,2
02,DOLNOŚLĄSKIE,MAGDA,KOBIETA,2
02,DOLNOŚLĄSKIE,MARCJANNA,KOBIETA,2
02,DOLNOŚLĄSKIE,MAYA,KOBIETA,2
02,DOLNOŚLĄSKIE,MERCEDES,KOBIETA,2
02,DOLNOŚLĄSKIE,NEL,KOBIETA,2
02,DOLNOŚLĄSKIE,OKTAWIA,KOBIETA,2
02,DOLNOŚLĄSKIE,OLA,KOBIETA,2
02,DOLNOŚLĄSKIE,OLIMPIA,KOBIETA,2
02,DOLNOŚLĄSKIE,ORIANA,KOBIETA,2
02,DOLNOŚLĄSKIE,POLINA,KOBIETA,2
02,DOLNOŚLĄSKIE,SOPHIA,KOBIETA,2
02,DOLNOŚLĄSKIE,TEKLA,KOBIETA,2
02,DOLNOŚLĄSKIE,VERONIKA,KOBIETA,2
02,DOLNOŚLĄSKIE,VIVIEN,KOBIETA,2
02,DOLNOŚLĄSKIE,ZDZISŁAWA,KOBIETA,2
02,DOLNOŚLĄSKIE,ŻANETA,KOBIETA,2
04,KUJAWSKO-POMORSKIE,MARIA,KOBIETA,235
04,KUJAWSKO-POMORSKIE,ANNA,KOBIETA,164
04,KUJAWSKO-POMORSKIE,ZOFIA,KOBIETA,72
04,KUJAWSKO-POMORSKIE,MAGDALENA,KOBIETA,68
04,KUJAWSKO-POMORSKIE,HELENA,KOBIETA,51
04,KUJAWSKO-POMORSKIE,MAŁGORZATA,KOBIETA,46
04,KUJAWSKO-POMORSKIE,BARBARA,KOBIETA,44
04,KUJAWSKO-POMORSKIE,EWA,KOBIETA,44
04,KUJAWSKO-POMORSKIE,WIKTORIA,KOBIETA,44
04,KUJAWSKO-POMORSKIE,KATARZYNA,KOBIETA,39
04,KUJAWSKO-POMORSKIE,JADWIGA,KOBIETA,35
04,KUJAWSKO-POMORSKIE,TERESA,KOBIETA,35
04,KUJAWSKO-POMORSKIE,ZUZANNA,KOBIETA,35
04,KUJAWSKO-POMORSKIE,ŁUCJA,KOBIETA,34
04,KUJAWSKO-POMORSKIE,ALEKSANDRA,KOBIETA,32
04,KUJAWSKO-POMORSKIE,HANNA,KOBIETA,32
04,KUJAWSKO-POMORSKIE,ELŻBIETA,KOBIETA,31
04,KUJAWSKO-POMORSKIE,WERONIKA,KOBIETA,31
04,KUJAWSKO-POMORSKIE,ALICJA,KOBIETA,30
04,KUJAWSKO-POMORSKIE,JULIA,KOBIETA,29
04,KUJAWSKO-POMORSKIE,JOANNA,KOBIETA,28
04,KUJAWSKO-POMORSKIE,MARTA,KOBIETA,28
04,KUJAWSKO-POMORSKIE,ANASTAZJA,KOBIETA,27
04,KUJAWSKO-POMORSKIE,ANTONINA,KOBIETA,26
04,KUJAWSKO-POMORSKIE,URSZULA,KOBIETA,26
04,KUJAWSKO-POMORSKIE,MONIKA,KOBIETA,24
04,KUJAWSKO-POMORSKIE,IRENA,KOBIETA,23
04,KUJAWSKO-POMORSKIE,NATALIA,KOBIETA,23
04,KUJAWSKO-POMORSKIE,KRYSTYNA,KOBIETA,22
04,KUJAWSKO-POMORSKIE,DANUTA,KOBIETA,21
04,KUJAWSKO-POMORSKIE,JANINA,KOBIETA,21
04,KUJAWSKO-POMORSKIE,DOMINIKA,KOBIETA,20
04,KUJAWSKO-POMORSKIE,EMILIA,KOBIETA,20
04,KUJAWSKO-POMORSKIE,KAROLINA,KOBIETA,20
04,KUJAWSKO-POMORSKIE,MAJA,KOBIETA,20
04,KUJAWSKO-POMORSKIE,AGNIESZKA,KOBIETA,19
04,KUJAWSKO-POMORSKIE,BEATA,KOBIETA,19
04,KUJAWSKO-POMORSKIE,KLARA,KOBIETA,19
04,KUJAWSKO-POMORSKIE,AMELIA,KOBIETA,18
04,KUJAWSKO-POMORSKIE,JAGODA,KOBIETA,18
04,KUJAWSKO-POMORSKIE,KORNELIA,KOBIETA,18
04,KUJAWSKO-POMORSKIE,LAURA,KOBIETA,17
04,KUJAWSKO-POMORSKIE,RÓŻA,KOBIETA,17
04,KUJAWSKO-POMORSKIE,ANIELA,KOBIETA,16
04,KUJAWSKO-POMORSKIE,BOŻENA,KOBIETA,16
04,KUJAWSKO-POMORSKIE,WANDA,KOBIETA,16
04,KUJAWSKO-POMORSKIE,AGATA,KOBIETA,15
04,KUJAWSKO-POMORSKIE,KINGA,KOBIETA,15
04,KUJAWSKO-POMORSKIE,OLIWIA,KOBIETA,15
04,KUJAWSKO-POMORSKIE,DOROTA,KOBIETA,14
04,KUJAWSKO-POMORSKIE,GRAŻYNA,KOBIETA,14
04,KUJAWSKO-POMORSKIE,GABRIELA,KOBIETA,13
04,KUJAWSKO-POMORSKIE,MARIANNA,KOBIETA,13
04,KUJAWSKO-POMORSKIE,PATRYCJA,KOBIETA,13
04,KUJAWSKO-POMORSKIE,RITA,KOBIETA,12
04,KUJAWSKO-POMORSKIE,KAMILA,KOBIETA,11
04,KUJAWSKO-POMORSKIE,LENA,KOBIETA,11
04,KUJAWSKO-POMORSKIE,MARCELINA,KOBIETA,11
04,KUJAWSKO-POMORSKIE,PAULINA,KOBIETA,11
04,KUJAWSKO-POMORSKIE,LIDIA,KOBIETA,10
04,KUJAWSKO-POMORSKIE,MARTYNA,KOBIETA,10
04,KUJAWSKO-POMORSKIE,IZABELA,KOBIETA,9
04,KUJAWSKO-POMORSKIE,NADIA,KOBIETA,9
04,KUJAWSKO-POMORSKIE,DARIA,KOBIETA,8
04,KUJAWSKO-POMORSKIE,EWELINA,KOBIETA,8
04,KUJAWSKO-POMORSKIE,JOLANTA,KOBIETA,8
04,KUJAWSKO-POMORSKIE,LUCYNA,KOBIETA,8
04,KUJAWSKO-POMORSKIE,RENATA,KOBIETA,8
04,KUJAWSKO-POMORSKIE,ROZALIA,KOBIETA,8
04,KUJAWSKO-POMORSKIE,STEFANIA,KOBIETA,8
04,KUJAWSKO-POMORSKIE,ANGELIKA,KOBIETA,7
04,KUJAWSKO-POMORSKIE,BLANKA,KOBIETA,7
04,KUJAWSKO-POMORSKIE,HALINA,KOBIETA,7
04,KUJAWSKO-POMORSKIE,IWONA,KOBIETA,7
04,KUJAWSKO-POMORSKIE,MICHALINA,KOBIETA,7
04,KUJAWSKO-POMORSKIE,MILENA,KOBIETA,7
04,KUJAWSKO-POMORSKIE,NINA,KOBIETA,7
04,KUJAWSKO-POMORSKIE,SYLWIA,KOBIETA,7
04,KUJAWSKO-POMORSKIE,ADRIANNA,KOBIETA,6
04,KUJAWSKO-POMORSKIE,ALINA,KOBIETA,6
04,KUJAWSKO-POMORSKIE,AURELIA,KOBIETA,6
04,KUJAWSKO-POMORSKIE,BOGUMIŁA,KOBIETA,6
04,KUJAWSKO-POMORSKIE,IGA,KOBIETA,6
04,KUJAWSKO-POMORSKIE,LEOKADIA,KOBIETA,6
04,KUJAWSKO-POMORSKIE,POLA,KOBIETA,6
04,KUJAWSKO-POMORSKIE,REGINA,KOBIETA,6
04,KUJAWSKO-POMORSKIE,SANDRA,KOBIETA,6
04,KUJAWSKO-POMORSKIE,SARA,KOBIETA,6
04,KUJAWSKO-POMORSKIE,ELIZA,KOBIETA,5
04,KUJAWSKO-POMORSKIE,FAUSTYNA,KOBIETA,5
04,KUJAWSKO-POMORSKIE,JÓZEFA,KOBIETA,5
04,KUJAWSKO-POMORSKIE,JUSTYNA,KOBIETA,5
04,KUJAWSKO-POMORSKIE,KLAUDIA,KOBIETA,5
04,KUJAWSKO-POMORSKIE,LILIANA,KOBIETA,5
04,KUJAWSKO-POMORSKIE,MIA,KOBIETA,5
04,KUJAWSKO-POMORSKIE,ROKSANA,KOBIETA,5
04,KUJAWSKO-POMORSKIE,ANETA,KOBIETA,4
04,KUJAWSKO-POMORSKIE,APOLONIA,KOBIETA,4
04,KUJAWSKO-POMORSKIE,BIANKA,KOBIETA,4
04,KUJAWSKO-POMORSKIE,CECYLIA,KOBIETA,4
04,KUJAWSKO-POMORSKIE,CZESŁAWA,KOBIETA,4
04,KUJAWSKO-POMORSKIE,FRANCISZKA,KOBIETA,4
04,KUJAWSKO-POMORSKIE,LILIANNA,KOBIETA,4
04,KUJAWSKO-POMORSKIE,LUIZA,KOBIETA,4
04,KUJAWSKO-POMORSKIE,MARIOLA,KOBIETA,4
04,KUJAWSKO-POMORSKIE,MATYLDA,KOBIETA,4
04,KUJAWSKO-POMORSKIE,SABINA,KOBIETA,4
04,KUJAWSKO-POMORSKIE,ADELA,KOBIETA,3
04,KUJAWSKO-POMORSKIE,BRYGIDA,KOBIETA,3
04,KUJAWSKO-POMORSKIE,CARMEN,KOBIETA,3
04,KUJAWSKO-POMORSKIE,DANIELA,KOBIETA,3
04,KUJAWSKO-POMORSKIE,GENOWEFA,KOBIETA,3
04,KUJAWSKO-POMORSKIE,IDA,KOBIETA,3
04,KUJAWSKO-POMORSKIE,IZABELLA,KOBIETA,3
04,KUJAWSKO-POMORSKIE,LUDWIKA,KOBIETA,3
04,KUJAWSKO-POMORSKIE,MALWINA,KOBIETA,3
04,KUJAWSKO-POMORSKIE,MARZENA,KOBIETA,3
04,KUJAWSKO-POMORSKIE,NIKOLA,KOBIETA,3
04,KUJAWSKO-POMORSKIE,OLGA,KOBIETA,3
04,KUJAWSKO-POMORSKIE,STANISŁAWA,KOBIETA,3
04,KUJAWSKO-POMORSKIE,VICTORIA,KOBIETA,3
04,KUJAWSKO-POMORSKIE,WALENTYNA,KOBIETA,3
04,KUJAWSKO-POMORSKIE,BERNADETA,KOBIETA,2
04,KUJAWSKO-POMORSKIE,DAGMARA,KOBIETA,2
04,KUJAWSKO-POMORSKIE,DIANA,KOBIETA,2
04,KUJAWSKO-POMORSKIE,EDYTA,KOBIETA,2
04,KUJAWSKO-POMORSKIE,ELENA,KOBIETA,2
04,KUJAWSKO-POMORSKIE,EMMA,KOBIETA,2
04,KUJAWSKO-POMORSKIE,FELICJA,KOBIETA,2
04,KUJAWSKO-POMORSKIE,GAJA,KOBIETA,2
04,KUJAWSKO-POMORSKIE,JÓZEFINA,KOBIETA,2
04,KUJAWSKO-POMORSKIE,KAJA,KOBIETA,2
04,KUJAWSKO-POMORSKIE,KAZIMIERA,KOBIETA,2
04,KUJAWSKO-POMORSKIE,KONSTANCJA,KOBIETA,2
04,KUJAWSKO-POMORSKIE,LEA,KOBIETA,2
04,KUJAWSKO-POMORSKIE,LEIA,KOBIETA,2
04,KUJAWSKO-POMORSKIE,LIWIA,KOBIETA,2
04,KUJAWSKO-POMORSKIE,MARZANNA,KOBIETA,2
04,KUJAWSKO-POMORSKIE,MELANIA,KOBIETA,2
04,KUJAWSKO-POMORSKIE,MIRIAM,KOBIETA,2
04,KUJAWSKO-POMORSKIE,NEL,KOBIETA,2
04,KUJAWSKO-POMORSKIE,NELA,KOBIETA,2
04,KUJAWSKO-POMORSKIE,NOEMI,KOBIETA,2
04,KUJAWSKO-POMORSKIE,OKTAWIA,KOBIETA,2
04,KUJAWSKO-POMORSKIE,OTYLIA,KOBIETA,2
04,KUJAWSKO-POMORSKIE,SOPHIE,KOBIETA,2
04,KUJAWSKO-POMORSKIE,VANESSA,KOBIETA,2
04,KUJAWSKO-POMORSKIE,VIKTORIA,KOBIETA,2
04,KUJAWSKO-POMORSKIE,WALERIA,KOBIETA,2
04,KUJAWSKO-POMORSKIE,WŁADYSŁAWA,KOBIETA,2
04,KUJAWSKO-POMORSKIE,ZOE,KOBIETA,2
04,KUJAWSKO-POMORSKIE,ZOJA,KOBIETA,2
04,KUJAWSKO-POMORSKIE,ZOSIA,KOBIETA,2
06,LUBELSKIE,MARIA,KOBIETA,193
06,LUBELSKIE,ANNA,KOBIETA,111
06,LUBELSKIE,ZOFIA,KOBIETA,56
06,LUBELSKIE,ALICJA,KOBIETA,38
06,LUBELSKIE,MAGDALENA,KOBIETA,35
06,LUBELSKIE,KATARZYNA,KOBIETA,34
06,LUBELSKIE,ELŻBIETA,KOBIETA,30
06,LUBELSKIE,JULIA,KOBIETA,28
06,LUBELSKIE,WIKTORIA,KOBIETA,28
06,LUBELSKIE,ALEKSANDRA,KOBIETA,27
06,LUBELSKIE,HELENA,KOBIETA,26
06,LUBELSKIE,BARBARA,KOBIETA,25
06,LUBELSKIE,LAURA,KOBIETA,24
06,LUBELSKIE,ŁUCJA,KOBIETA,24
06,LUBELSKIE,WERONIKA,KOBIETA,24
06,LUBELSKIE,EWA,KOBIETA,23
06,LUBELSKIE,JOANNA,KOBIETA,23
06,LUBELSKIE,ANASTAZJA,KOBIETA,20
06,LUBELSKIE,ZUZANNA,KOBIETA,20
06,LUBELSKIE,KRYSTYNA,KOBIETA,19
06,LUBELSKIE,TERESA,KOBIETA,19
06,LUBELSKIE,MARIANNA,KOBIETA,18
06,LUBELSKIE,KAROLINA,KOBIETA,17
06,LUBELSKIE,MAJA,KOBIETA,17
06,LUBELSKIE,MONIKA,KOBIETA,17
06,LUBELSKIE,RÓŻA,KOBIETA,17
06,LUBELSKIE,AGNIESZKA,KOBIETA,16
06,LUBELSKIE,DOROTA,KOBIETA,16
06,LUBELSKIE,HANNA,KOBIETA,16
06,LUBELSKIE,RITA,KOBIETA,16
06,LUBELSKIE,LENA,KOBIETA,15
06,LUBELSKIE,MICHALINA,KOBIETA,15
06,LUBELSKIE,ANIELA,KOBIETA,14
06,LUBELSKIE,AMELIA,KOBIETA,13
06,LUBELSKIE,EMILIA,KOBIETA,13
06,LUBELSKIE,IRENA,KOBIETA,13
06,LUBELSKIE,JADWIGA,KOBIETA,13
06,LUBELSKIE,JANINA,KOBIETA,13
06,LUBELSKIE,KLARA,KOBIETA,13
06,LUBELSKIE,MAŁGORZATA,KOBIETA,13
06,LUBELSKIE,ANTONINA,KOBIETA,12
06,LUBELSKIE,NATALIA,KOBIETA,12
06,LUBELSKIE,DANUTA,KOBIETA,11
06,LUBELSKIE,JAGODA,KOBIETA,11
06,LUBELSKIE,IZABELA,KOBIETA,10
06,LUBELSKIE,MARTA,KOBIETA,10
06,LUBELSKIE,NIKOLA,KOBIETA,10
06,LUBELSKIE,POLA,KOBIETA,10
06,LUBELSKIE,BOŻENA,KOBIETA,9
06,LUBELSKIE,JOLANTA,KOBIETA,9
06,LUBELSKIE,ROZALIA,KOBIETA,9
06,LUBELSKIE,DOMINIKA,KOBIETA,8
06,LUBELSKIE,LILIANA,KOBIETA,8
06,LUBELSKIE,NADIA,KOBIETA,8
06,LUBELSKIE,PAULINA,KOBIETA,8
06,LUBELSKIE,AGATA,KOBIETA,7
06,LUBELSKIE,GABRIELA,KOBIETA,7
06,LUBELSKIE,JÓZEFINA,KOBIETA,7
06,LUBELSKIE,JUSTYNA,KOBIETA,7
06,LUBELSKIE,KINGA,KOBIETA,7
06,LUBELSKIE,KORNELIA,KOBIETA,7
06,LUBELSKIE,MARCELINA,KOBIETA,7
06,LUBELSKIE,OLIWIA,KOBIETA,7
06,LUBELSKIE,STANISŁAWA,KOBIETA,7
06,LUBELSKIE,URSZULA,KOBIETA,7
06,LUBELSKIE,BEATA,KOBIETA,6
06,LUBELSKIE,BLANKA,KOBIETA,6
06,LUBELSKIE,HALINA,KOBIETA,6
06,LUBELSKIE,KAMILA,KOBIETA,6
06,LUBELSKIE,SABINA,KOBIETA,6
06,LUBELSKIE,FAUSTYNA,KOBIETA,5
06,LUBELSKIE,GRAŻYNA,KOBIETA,5
06,LUBELSKIE,IGA,KOBIETA,5
06,LUBELSKIE,KONSTANCJA,KOBIETA,5
06,LUBELSKIE,APOLONIA,KOBIETA,4
06,LUBELSKIE,AURELIA,KOBIETA,4
06,LUBELSKIE,CECYLIA,KOBIETA,4
06,LUBELSKIE,CELINA,KOBIETA,4
06,LUBELSKIE,DARIA,KOBIETA,4
06,LUBELSKIE,ELIZA,KOBIETA,4
06,LUBELSKIE,EWELINA,KOBIETA,4
06,LUBELSKIE,FRANCISZKA,KOBIETA,4
06,LUBELSKIE,LEOKADIA,KOBIETA,4
06,LUBELSKIE,LUIZA,KOBIETA,4
06,LUBELSKIE,MARTYNA,KOBIETA,4
06,LUBELSKIE,MARZENA,KOBIETA,4
06,LUBELSKIE,MILENA,KOBIETA,4
06,LUBELSKIE,NINA,KOBIETA,4
06,LUBELSKIE,OLGA,KOBIETA,4
06,LUBELSKIE,RENATA,KOBIETA,4
06,LUBELSKIE,SYLWIA,KOBIETA,4
06,LUBELSKIE,ADRIANNA,KOBIETA,3
06,LUBELSKIE,ALINA,KOBIETA,3
06,LUBELSKIE,ANDŻELIKA,KOBIETA,3
06,LUBELSKIE,ANGELIKA,KOBIETA,3
06,LUBELSKIE,AURORA,KOBIETA,3
06,LUBELSKIE,BOGUMIŁA,KOBIETA,3
06,LUBELSKIE,DAGMARA,KOBIETA,3
06,LUBELSKIE,EDYTA,KOBIETA,3
06,LUBELSKIE,HENRYKA,KOBIETA,3
06,LUBELSKIE,IWONA,KOBIETA,3
06,LUBELSKIE,IZABELLA,KOBIETA,3
06,LUBELSKIE,JÓZEFA,KOBIETA,3
06,LUBELSKIE,KAJA,KOBIETA,3
06,LUBELSKIE,KLAUDIA,KOBIETA,3
06,LUBELSKIE,LILIANNA,KOBIETA,3
06,LUBELSKIE,LIWIA,KOBIETA,3
06,LUBELSKIE,LUCYNA,KOBIETA,3
06,LUBELSKIE,MELANIA,KOBIETA,3
06,LUBELSKIE,MIA,KOBIETA,3
06,LUBELSKIE,NELA,KOBIETA,3
06,LUBELSKIE,PATRYCJA,KOBIETA,3
06,LUBELSKIE,SANDRA,KOBIETA,3
06,LUBELSKIE,STEFANIA,KOBIETA,3
06,LUBELSKIE,WANDA,KOBIETA,3
06,LUBELSKIE,ADA,KOBIETA,2
06,LUBELSKIE,ADELA,KOBIETA,2
06,LUBELSKIE,BRYGIDA,KOBIETA,2
06,LUBELSKIE,DIANA,KOBIETA,2
06,LUBELSKIE,ESTERA,KOBIETA,2
06,LUBELSKIE,GAJA,KOBIETA,2
06,LUBELSKIE,GLORIA,KOBIETA,2
06,LUBELSKIE,HIACYNTA,KOBIETA,2
06,LUBELSKIE,ILONA,KOBIETA,2
06,LUBELSKIE,INGA,KOBIETA,2
06,LUBELSKIE,JAŚMINA,KOBIETA,2
06,LUBELSKIE,JULIANNA,KOBIETA,2
06,LUBELSKIE,KAZIMIERA,KOBIETA,2
06,LUBELSKIE,KLEMENTYNA,KOBIETA,2
06,LUBELSKIE,LEA,KOBIETA,2
06,LUBELSKIE,LIDIA,KOBIETA,2
06,LUBELSKIE,LILIA,KOBIETA,2
06,LUBELSKIE,LILLA,KOBIETA,2
06,LUBELSKIE,NADZIEJA,KOBIETA,2
06,LUBELSKIE,SARA,KOBIETA,2
06,LUBELSKIE,STELLA,KOBIETA,2
06,LUBELSKIE,VANESSA,KOBIETA,2
06,LUBELSKIE,WALERIA,KOBIETA,2
08,LUBUSKIE,MARIA,KOBIETA,108
08,LUBUSKIE,ANNA,KOBIETA,81
08,LUBUSKIE,ZOFIA,KOBIETA,40
08,LUBUSKIE,HELENA,KOBIETA,37
08,LUBUSKIE,MAGDALENA,KOBIETA,28
08,LUBUSKIE,EWA,KOBIETA,27
08,LUBUSKIE,WIKTORIA,KOBIETA,27
08,LUBUSKIE,MAŁGORZATA,KOBIETA,25
08,LUBUSKIE,ELŻBIETA,KOBIETA,22
08,LUBUSKIE,ALICJA,KOBIETA,21
08,LUBUSKIE,ANTONINA,KOBIETA,21
08,LUBUSKIE,JULIA,KOBIETA,21
08,LUBUSKIE,NATALIA,KOBIETA,21
08,LUBUSKIE,MAJA,KOBIETA,20
08,LUBUSKIE,BARBARA,KOBIETA,19
08,LUBUSKIE,EMILIA,KOBIETA,19
08,LUBUSKIE,KATARZYNA,KOBIETA,19
08,LUBUSKIE,DANUTA,KOBIETA,18
08,LUBUSKIE,TERESA,KOBIETA,18
08,LUBUSKIE,ALEKSANDRA,KOBIETA,17
08,LUBUSKIE,ZUZANNA,KOBIETA,17
08,LUBUSKIE,JANINA,KOBIETA,16
08,LUBUSKIE,JOANNA,KOBIETA,16
08,LUBUSKIE,ANASTAZJA,KOBIETA,14
08,LUBUSKIE,KLARA,KOBIETA,14
08,LUBUSKIE,DOMINIKA,KOBIETA,13
08,LUBUSKIE,KRYSTYNA,KOBIETA,13
08,LUBUSKIE,MICHALINA,KOBIETA,13
08,LUBUSKIE,OLIWIA,KOBIETA,13
08,LUBUSKIE,URSZULA,KOBIETA,13
08,LUBUSKIE,JADWIGA,KOBIETA,12
08,LUBUSKIE,JOLANTA,KOBIETA,12
08,LUBUSKIE,ŁUCJA,KOBIETA,12
08,LUBUSKIE,MARIANNA,KOBIETA,12
08,LUBUSKIE,WERONIKA,KOBIETA,12
08,LUBUSKIE,AGNIESZKA,KOBIETA,11
08,LUBUSKIE,DOROTA,KOBIETA,11
08,LUBUSKIE,HANNA,KOBIETA,11
08,LUBUSKIE,IWONA,KOBIETA,11
08,LUBUSKIE,GABRIELA,KOBIETA,10
08,LUBUSKIE,IRENA,KOBIETA,10
08,LUBUSKIE,JAGODA,KOBIETA,10
08,LUBUSKIE,MARTA,KOBIETA,10
08,LUBUSKIE,WANDA,KOBIETA,10
08,LUBUSKIE,BEATA,KOBIETA,9
08,LUBUSKIE,KAROLINA,KOBIETA,9
08,LUBUSKIE,LENA,KOBIETA,9
08,LUBUSKIE,MIA,KOBIETA,9
08,LUBUSKIE,NADIA,KOBIETA,9
08,LUBUSKIE,NIKOLA,KOBIETA,9
08,LUBUSKIE,PATRYCJA,KOBIETA,9
08,LUBUSKIE,PAULINA,KOBIETA,9
08,LUBUSKIE,IGA,KOBIETA,8
08,LUBUSKIE,IZABELA,KOBIETA,8
08,LUBUSKIE,LUCYNA,KOBIETA,8
08,LUBUSKIE,RENATA,KOBIETA,8
08,LUBUSKIE,SARA,KOBIETA,8
08,LUBUSKIE,ANIELA,KOBIETA,7
08,LUBUSKIE,JUSTYNA,KOBIETA,7
08,LUBUSKIE,KAMILA,KOBIETA,7
08,LUBUSKIE,LAURA,KOBIETA,7
08,LUBUSKIE,MARCELINA,KOBIETA,7
08,LUBUSKIE,AGATA,KOBIETA,6
08,LUBUSKIE,AMELIA,KOBIETA,6
08,LUBUSKIE,GAJA,KOBIETA,6
08,LUBUSKIE,HALINA,KOBIETA,6
08,LUBUSKIE,MARIOLA,KOBIETA,6
08,LUBUSKIE,MATYLDA,KOBIETA,6
08,LUBUSKIE,ROZALIA,KOBIETA,6
08,LUBUSKIE,SABINA,KOBIETA,6
08,LUBUSKIE,SANDRA,KOBIETA,6
08,LUBUSKIE,STEFANIA,KOBIETA,6
08,LUBUSKIE,SYLWIA,KOBIETA,6
08,LUBUSKIE,KLAUDIA,KOBIETA,5
08,LUBUSKIE,MIROSŁAWA,KOBIETA,5
08,LUBUSKIE,STANISŁAWA,KOBIETA,5
08,LUBUSKIE,ANETA,KOBIETA,4
08,LUBUSKIE,AURELIA,KOBIETA,4
08,LUBUSKIE,BLANKA,KOBIETA,4
08,LUBUSKIE,BOGUSŁAWA,KOBIETA,4
08,LUBUSKIE,CECYLIA,KOBIETA,4
08,LUBUSKIE,CZESŁAWA,KOBIETA,4
08,LUBUSKIE,EDYTA,KOBIETA,4
08,LUBUSKIE,EWELINA,KOBIETA,4
08,LUBUSKIE,JOWITA,KOBIETA,4
08,LUBUSKIE,KAJA,KOBIETA,4
08,LUBUSKIE,KORNELIA,KOBIETA,4
08,LUBUSKIE,LILIANA,KOBIETA,4
08,LUBUSKIE,MALWINA,KOBIETA,4
08,LUBUSKIE,MONIKA,KOBIETA,4
08,LUBUSKIE,NELA,KOBIETA,4
08,LUBUSKIE,NINA,KOBIETA,4
08,LUBUSKIE,POLA,KOBIETA,4
08,LUBUSKIE,RÓŻA,KOBIETA,4
08,LUBUSKIE,ADRIANNA,KOBIETA,3
08,LUBUSKIE,ALINA,KOBIETA,3
08,LUBUSKIE,BIANKA,KOBIETA,3
08,LUBUSKIE,BOŻENA,KOBIETA,3
08,LUBUSKIE,DIANA,KOBIETA,3
08,LUBUSKIE,ELIZA,KOBIETA,3
08,LUBUSKIE,FRANCISZKA,KOBIETA,3
08,LUBUSKIE,KALINA,KOBIETA,3
08,LUBUSKIE,KINGA,KOBIETA,3
08,LUBUSKIE,LARA,KOBIETA,3
08,LUBUSKIE,LILIANNA,KOBIETA,3
08,LUBUSKIE,MELANIA,KOBIETA,3
08,LUBUSKIE,RITA,KOBIETA,3
08,LUBUSKIE,ZOJA,KOBIETA,3
08,LUBUSKIE,ALDONA,KOBIETA,2
08,LUBUSKIE,ANGELIKA,KOBIETA,2
08,LUBUSKIE,BOGUMIŁA,KOBIETA,2
08,LUBUSKIE,CELINA,KOBIETA,2
08,LUBUSKIE,EMMA,KOBIETA,2
08,LUBUSKIE,EUGENIA,KOBIETA,2
08,LUBUSKIE,GENOWEFA,KOBIETA,2
08,LUBUSKIE,HONORATA,KOBIETA,2
08,LUBUSKIE,IDA,KOBIETA,2
08,LUBUSKIE,INGA,KOBIETA,2
08,LUBUSKIE,KAZIMIERA,KOBIETA,2
08,LUBUSKIE,LIDIA,KOBIETA,2
08,LUBUSKIE,LILA,KOBIETA,2
08,LUBUSKIE,LIWIA,KOBIETA,2
08,LUBUSKIE,LUDWIKA,KOBIETA,2
08,LUBUSKIE,LUIZA,KOBIETA,2
08,LUBUSKIE,MARZENA,KOBIETA,2
08,LUBUSKIE,MILANA,KOBIETA,2
08,LUBUSKIE,NADZIEJA,KOBIETA,2
08,LUBUSKIE,NOEMI,KOBIETA,2
08,LUBUSKIE,OLIVIA,KOBIETA,2
08,LUBUSKIE,PAULA,KOBIETA,2
08,LUBUSKIE,ROKSANA,KOBIETA,2
08,LUBUSKIE,WIOLETTA,KOBIETA,2
08,LUBUSKIE,WŁADYSŁAWA,KOBIETA,2
10,ŁÓDZKIE,MARIA,KOBIETA,444
10,ŁÓDZKIE,ANNA,KOBIETA,311
10,ŁÓDZKIE,ZOFIA,KOBIETA,178
10,ŁÓDZKIE,WIKTORIA,KOBIETA,122
10,ŁÓDZKIE,JULIA,KOBIETA,116
10,ŁÓDZKIE,MAGDALENA,KOBIETA,100
10,ŁÓDZKIE,KATARZYNA,KOBIETA,95
10,ŁÓDZKIE,EWA,KOBIETA,93
10,ŁÓDZKIE,HELENA,KOBIETA,92
10,ŁÓDZKIE,ALEKSANDRA,KOBIETA,87
10,ŁÓDZKIE,ALICJA,KOBIETA,87
10,ŁÓDZKIE,ZUZANNA,KOBIETA,82
10,ŁÓDZKIE,LAURA,KOBIETA,80
10,ŁÓDZKIE,BARBARA,KOBIETA,79
10,ŁÓDZKIE,MAŁGORZATA,KOBIETA,78
10,ŁÓDZKIE,ŁUCJA,KOBIETA,75
10,ŁÓDZKIE,OLIWIA,KOBIETA,72
10,ŁÓDZKIE,HANNA,KOBIETA,64
10,ŁÓDZKIE,NATALIA,KOBIETA,63
10,ŁÓDZKIE,TERESA,KOBIETA,60
10,ŁÓDZKIE,MAJA,KOBIETA,58
10,ŁÓDZKIE,WERONIKA,KOBIETA,58
10,ŁÓDZKIE,AGNIESZKA,KOBIETA,56
10,ŁÓDZKIE,ANTONINA,KOBIETA,52
10,ŁÓDZKIE,JADWIGA,KOBIETA,50
10,ŁÓDZKIE,MARIANNA,KOBIETA,47
10,ŁÓDZKIE,AMELIA,KOBIETA,46
10,ŁÓDZKIE,MARTA,KOBIETA,46
10,ŁÓDZKIE,ELŻBIETA,KOBIETA,45
10,ŁÓDZKIE,KRYSTYNA,KOBIETA,44
10,ŁÓDZKIE,PAULINA,KOBIETA,44
10,ŁÓDZKIE,ANASTAZJA,KOBIETA,43
10,ŁÓDZKIE,JOANNA,KOBIETA,42
10,ŁÓDZKIE,LENA,KOBIETA,42
10,ŁÓDZKIE,MICHALINA,KOBIETA,42
10,ŁÓDZKIE,MONIKA,KOBIETA,42
10,ŁÓDZKIE,EMILIA,KOBIETA,41
10,ŁÓDZKIE,KAROLINA,KOBIETA,39
10,ŁÓDZKIE,RÓŻA,KOBIETA,39
10,ŁÓDZKIE,JANINA,KOBIETA,35
10,ŁÓDZKIE,KLARA,KOBIETA,35
10,ŁÓDZKIE,KORNELIA,KOBIETA,30
10,ŁÓDZKIE,IZABELA,KOBIETA,29
10,ŁÓDZKIE,DOROTA,KOBIETA,28
10,ŁÓDZKIE,MARCELINA,KOBIETA,28
10,ŁÓDZKIE,POLA,KOBIETA,28
10,ŁÓDZKIE,DANUTA,KOBIETA,26
10,ŁÓDZKIE,GABRIELA,KOBIETA,26
10,ŁÓDZKIE,URSZULA,KOBIETA,25
10,ŁÓDZKIE,AGATA,KOBIETA,24
10,ŁÓDZKIE,JAGODA,KOBIETA,24
10,ŁÓDZKIE,MARTYNA,KOBIETA,24
10,ŁÓDZKIE,NADIA,KOBIETA,23
10,ŁÓDZKIE,BLANKA,KOBIETA,21
10,ŁÓDZKIE,IRENA,KOBIETA,21
10,ŁÓDZKIE,JOLANTA,KOBIETA,21
10,ŁÓDZKIE,PATRYCJA,KOBIETA,21
10,ŁÓDZKIE,IGA,KOBIETA,20
10,ŁÓDZKIE,SYLWIA,KOBIETA,20
10,ŁÓDZKIE,HALINA,KOBIETA,19
10,ŁÓDZKIE,KINGA,KOBIETA,19
10,ŁÓDZKIE,RITA,KOBIETA,19
10,ŁÓDZKIE,WANDA,KOBIETA,19
10,ŁÓDZKIE,ANIELA,KOBIETA,18
10,ŁÓDZKIE,DARIA,KOBIETA,18
10,ŁÓDZKIE,DOMINIKA,KOBIETA,18
10,ŁÓDZKIE,IWONA,KOBIETA,18
10,ŁÓDZKIE,BEATA,KOBIETA,16
10,ŁÓDZKIE,EWELINA,KOBIETA,16
10,ŁÓDZKIE,JUSTYNA,KOBIETA,16
10,ŁÓDZKIE,KAMILA,KOBIETA,16
10,ŁÓDZKIE,KLAUDIA,KOBIETA,16
10,ŁÓDZKIE,LILIANA,KOBIETA,16
10,ŁÓDZKIE,MILENA,KOBIETA,14
10,ŁÓDZKIE,BOŻENA,KOBIETA,13
10,ŁÓDZKIE,MATYLDA,KOBIETA,13
10,ŁÓDZKIE,ROZALIA,KOBIETA,13
10,ŁÓDZKIE,CECYLIA,KOBIETA,12
10,ŁÓDZKIE,FAUSTYNA,KOBIETA,12
10,ŁÓDZKIE,NIKOLA,KOBIETA,12
10,ŁÓDZKIE,NINA,KOBIETA,12
10,ŁÓDZKIE,KAJA,KOBIETA,11
10,ŁÓDZKIE,LILIANNA,KOBIETA,11
10,ŁÓDZKIE,MIA,KOBIETA,11
10,ŁÓDZKIE,ANGELIKA,KOBIETA,10
10,ŁÓDZKIE,APOLONIA,KOBIETA,10
10,ŁÓDZKIE,GAJA,KOBIETA,10
10,ŁÓDZKIE,GRAŻYNA,KOBIETA,10
10,ŁÓDZKIE,NELA,KOBIETA,10
10,ŁÓDZKIE,SARA,KOBIETA,10
10,ŁÓDZKIE,STEFANIA,KOBIETA,10
10,ŁÓDZKIE,ADRIANNA,KOBIETA,9
10,ŁÓDZKIE,AURELIA,KOBIETA,9
10,ŁÓDZKIE,MARZENA,KOBIETA,9
10,ŁÓDZKIE,STANISŁAWA,KOBIETA,9
10,ŁÓDZKIE,ADA,KOBIETA,8
10,ŁÓDZKIE,CELINA,KOBIETA,8
10,ŁÓDZKIE,FELICJA,KOBIETA,8
10,ŁÓDZKIE,LIWIA,KOBIETA,8
10,ŁÓDZKIE,WIOLETTA,KOBIETA,8
10,ŁÓDZKIE,ALINA,KOBIETA,7
10,ŁÓDZKIE,ANETA,KOBIETA,7
10,ŁÓDZKIE,EDYTA,KOBIETA,7
10,ŁÓDZKIE,LIDIA,KOBIETA,7
10,ŁÓDZKIE,MARIOLA,KOBIETA,7
10,ŁÓDZKIE,ROKSANA,KOBIETA,7
10,ŁÓDZKIE,SABINA,KOBIETA,7
10,ŁÓDZKIE,DAGMARA,KOBIETA,6
10,ŁÓDZKIE,LEOKADIA,KOBIETA,6
10,ŁÓDZKIE,NADZIEJA,KOBIETA,6
10,ŁÓDZKIE,OLGA,KOBIETA,6
10,ŁÓDZKIE,ANITA,KOBIETA,5
10,ŁÓDZKIE,DIANA,KOBIETA,5
10,ŁÓDZKIE,ELIZA,KOBIETA,5
10,ŁÓDZKIE,IDA,KOBIETA,5
10,ŁÓDZKIE,JÓZEFA,KOBIETA,5
10,ŁÓDZKIE,JULIANNA,KOBIETA,5
10,ŁÓDZKIE,KARINA,KOBIETA,5
10,ŁÓDZKIE,KONSTANCJA,KOBIETA,5
10,ŁÓDZKIE,LUCYNA,KOBIETA,5
10,ŁÓDZKIE,RENATA,KOBIETA,5
10,ŁÓDZKIE,SONIA,KOBIETA,5
10,ŁÓDZKIE,WIOLETA,KOBIETA,5
10,ŁÓDZKIE,BOGUMIŁA,KOBIETA,4
10,ŁÓDZKIE,CZESŁAWA,KOBIETA,4
10,ŁÓDZKIE,FRANCISZKA,KOBIETA,4
10,ŁÓDZKIE,JAŚMINA,KOBIETA,4
10,ŁÓDZKIE,KALINA,KOBIETA,4
10,ŁÓDZKIE,LUIZA,KOBIETA,4
10,ŁÓDZKIE,MALWINA,KOBIETA,4
10,ŁÓDZKIE,MARIKA,KOBIETA,4
10,ŁÓDZKIE,WIESŁAWA,KOBIETA,4
10,ŁÓDZKIE,ZOJA,KOBIETA,4
10,ŁÓDZKIE,ŻANETA,KOBIETA,4
10,ŁÓDZKIE,ADELA,KOBIETA,3
10,ŁÓDZKIE,AMANDA,KOBIETA,3
10,ŁÓDZKIE,BIANKA,KOBIETA,3
10,ŁÓDZKIE,BOGUSŁAWA,KOBIETA,3
10,ŁÓDZKIE,DANIELA,KOBIETA,3
10,ŁÓDZKIE,ELENA,KOBIETA,3
10,ŁÓDZKIE,EMMA,KOBIETA,3
10,ŁÓDZKIE,FLORENTYNA,KOBIETA,3
10,ŁÓDZKIE,HENRYKA,KOBIETA,3
10,ŁÓDZKIE,HONORATA,KOBIETA,3
10,ŁÓDZKIE,IDALIA,KOBIETA,3
10,ŁÓDZKIE,ILONA,KOBIETA,3
10,ŁÓDZKIE,IZABELLA,KOBIETA,3
10,ŁÓDZKIE,KAZIMIERA,KOBIETA,3
10,ŁÓDZKIE,LEA,KOBIETA,3
10,ŁÓDZKIE,LILA,KOBIETA,3
10,ŁÓDZKIE,MARLENA,KOBIETA,3
10,ŁÓDZKIE,REGINA,KOBIETA,3
10,ŁÓDZKIE,STELLA,KOBIETA,3
10,ŁÓDZKIE,VANESSA,KOBIETA,3
10,ŁÓDZKIE,VIOLETTA,KOBIETA,3
10,ŁÓDZKIE,WALENTYNA,KOBIETA,3
10,ŁÓDZKIE,WALERIA,KOBIETA,3
10,ŁÓDZKIE,ANTONIA,KOBIETA,2
10,ŁÓDZKIE,AURORA,KOBIETA,2
10,ŁÓDZKIE,BRONISŁAWA,KOBIETA,2
10,ŁÓDZKIE,CIRILLA,KOBIETA,2
10,ŁÓDZKIE,CYRYLA,KOBIETA,2
10,ŁÓDZKIE,DALIA,KOBIETA,2
10,ŁÓDZKIE,ESTERA,KOBIETA,2
10,ŁÓDZKIE,EVA,KOBIETA,2
10,ŁÓDZKIE,HIACYNTA,KOBIETA,2
10,ŁÓDZKIE,INEZ,KOBIETA,2
10,ŁÓDZKIE,JOWITA,KOBIETA,2
10,ŁÓDZKIE,JUDYTA,KOBIETA,2
10,ŁÓDZKIE,JULITA,KOBIETA,2
10,ŁÓDZKIE,KLEMENTYNA,KOBIETA,2
10,ŁÓDZKIE,LAYLA,KOBIETA,2
10,ŁÓDZKIE,LETYCJA,KOBIETA,2
10,ŁÓDZKIE,LIVIA,KOBIETA,2
10,ŁÓDZKIE,LUDMIŁA,KOBIETA,2
10,ŁÓDZKIE,MAGDA,KOBIETA,2
10,ŁÓDZKIE,MIECZYSŁAWA,KOBIETA,2
10,ŁÓDZKIE,MIROSŁAWA,KOBIETA,2
10,ŁÓDZKIE,NATASZA,KOBIETA,2
10,ŁÓDZKIE,NAWOJKA,KOBIETA,2
10,ŁÓDZKIE,NEL,KOBIETA,2
10,ŁÓDZKIE,NICOLE,KOBIETA,2
10,ŁÓDZKIE,NOEMI,KOBIETA,2
10,ŁÓDZKIE,OLIVIA,KOBIETA,2
10,ŁÓDZKIE,PELAGIA,KOBIETA,2
10,ŁÓDZKIE,ROSE,KOBIETA,2
10,ŁÓDZKIE,SANDRA,KOBIETA,2
10,ŁÓDZKIE,SOFIA,KOBIETA,2
10,ŁÓDZKIE,VICTORIA,KOBIETA,2
12,MAŁOPOLSKIE,MARIA,KOBIETA,1340
12,MAŁOPOLSKIE,ANNA,KOBIETA,898
12,MAŁOPOLSKIE,ZOFIA,KOBIETA,469
12,MAŁOPOLSKIE,HELENA,KOBIETA,266
12,MAŁOPOLSKIE,MAGDALENA,KOBIETA,263
12,MAŁOPOLSKIE,KATARZYNA,KOBIETA,257
12,MAŁOPOLSKIE,JULIA,KOBIETA,246
12,MAŁOPOLSKIE,RITA,KOBIETA,230
12,MAŁOPOLSKIE,WIKTORIA,KOBIETA,223
12,MAŁOPOLSKIE,BARBARA,KOBIETA,218
12,MAŁOPOLSKIE,MAŁGORZATA,KOBIETA,198
12,MAŁOPOLSKIE,JOANNA,KOBIETA,186
12,MAŁOPOLSKIE,KAROLINA,KOBIETA,180
12,MAŁOPOLSKIE,ALEKSANDRA,KOBIETA,178
12,MAŁOPOLSKIE,WERONIKA,KOBIETA,168
12,MAŁOPOLSKIE,ŁUCJA,KOBIETA,163
12,MAŁOPOLSKIE,EWA,KOBIETA,156
12,MAŁOPOLSKIE,EMILIA,KOBIETA,150
12,MAŁOPOLSKIE,NATALIA,KOBIETA,148
12,MAŁOPOLSKIE,ALICJA,KOBIETA,143
12,MAŁOPOLSKIE,ZUZANNA,KOBIETA,141
12,MAŁOPOLSKIE,AGNIESZKA,KOBIETA,136
12,MAŁOPOLSKIE,ELŻBIETA,KOBIETA,129
12,MAŁOPOLSKIE,LAURA,KOBIETA,121
12,MAŁOPOLSKIE,TERESA,KOBIETA,112
12,MAŁOPOLSKIE,MONIKA,KOBIETA,111
12,MAŁOPOLSKIE,ANTONINA,KOBIETA,102
12,MAŁOPOLSKIE,OLIWIA,KOBIETA,100
12,MAŁOPOLSKIE,KRYSTYNA,KOBIETA,99
12,MAŁOPOLSKIE,MARTA,KOBIETA,94
12,MAŁOPOLSKIE,JANINA,KOBIETA,93
12,MAŁOPOLSKIE,KINGA,KOBIETA,86
12,MAŁOPOLSKIE,MICHALINA,KOBIETA,84
12,MAŁOPOLSKIE,MAJA,KOBIETA,83
12,MAŁOPOLSKIE,HANNA,KOBIETA,82
12,MAŁOPOLSKIE,ANIELA,KOBIETA,81
12,MAŁOPOLSKIE,PAULINA,KOBIETA,81
12,MAŁOPOLSKIE,GABRIELA,KOBIETA,78
12,MAŁOPOLSKIE,IZABELA,KOBIETA,78
12,MAŁOPOLSKIE,JADWIGA,KOBIETA,78
12,MAŁOPOLSKIE,LENA,KOBIETA,72
12,MAŁOPOLSKIE,RÓŻA,KOBIETA,72
12,MAŁOPOLSKIE,DANUTA,KOBIETA,71
12,MAŁOPOLSKIE,FAUSTYNA,KOBIETA,70
12,MAŁOPOLSKIE,DOROTA,KOBIETA,68
12,MAŁOPOLSKIE,AMELIA,KOBIETA,66
12,MAŁOPOLSKIE,AGATA,KOBIETA,65
12,MAŁOPOLSKIE,ROZALIA,KOBIETA,64
12,MAŁOPOLSKIE,ANASTAZJA,KOBIETA,63
12,MAŁOPOLSKIE,DOMINIKA,KOBIETA,60
12,MAŁOPOLSKIE,KLARA,KOBIETA,57
12,MAŁOPOLSKIE,URSZULA,KOBIETA,57
12,MAŁOPOLSKIE,JUSTYNA,KOBIETA,55
12,MAŁOPOLSKIE,IRENA,KOBIETA,50
12,MAŁOPOLSKIE,KLAUDIA,KOBIETA,50
12,MAŁOPOLSKIE,MARIANNA,KOBIETA,50
12,MAŁOPOLSKIE,PATRYCJA,KOBIETA,49
12,MAŁOPOLSKIE,EWELINA,KOBIETA,47
12,MAŁOPOLSKIE,HALINA,KOBIETA,47
12,MAŁOPOLSKIE,JOLANTA,KOBIETA,46
12,MAŁOPOLSKIE,STANISŁAWA,KOBIETA,46
12,MAŁOPOLSKIE,BEATA,KOBIETA,45
12,MAŁOPOLSKIE,KAMILA,KOBIETA,44
12,MAŁOPOLSKIE,SYLWIA,KOBIETA,44
12,MAŁOPOLSKIE,STEFANIA,KOBIETA,43
12,MAŁOPOLSKIE,IWONA,KOBIETA,39
12,MAŁOPOLSKIE,NADIA,KOBIETA,39
12,MAŁOPOLSKIE,LIDIA,KOBIETA,37
12,MAŁOPOLSKIE,WANDA,KOBIETA,37
12,MAŁOPOLSKIE,KORNELIA,KOBIETA,36
12,MAŁOPOLSKIE,MARCELINA,KOBIETA,36
12,MAŁOPOLSKIE,JÓZEFA,KOBIETA,35
12,MAŁOPOLSKIE,BOŻENA,KOBIETA,30
12,MAŁOPOLSKIE,IGA,KOBIETA,30
12,MAŁOPOLSKIE,MARTYNA,KOBIETA,30
12,MAŁOPOLSKIE,RENATA,KOBIETA,29
12,MAŁOPOLSKIE,EDYTA,KOBIETA,28
12,MAŁOPOLSKIE,JAGODA,KOBIETA,28
12,MAŁOPOLSKIE,MILENA,KOBIETA,28
12,MAŁOPOLSKIE,POLA,KOBIETA,25
12,MAŁOPOLSKIE,FRANCISZKA,KOBIETA,23
12,MAŁOPOLSKIE,GRAŻYNA,KOBIETA,23
12,MAŁOPOLSKIE,NIKOLA,KOBIETA,23
12,MAŁOPOLSKIE,ELIZA,KOBIETA,22
12,MAŁOPOLSKIE,SARA,KOBIETA,22
12,MAŁOPOLSKIE,DIANA,KOBIETA,21
12,MAŁOPOLSKIE,ANETA,KOBIETA,20
12,MAŁOPOLSKIE,DARIA,KOBIETA,20
12,MAŁOPOLSKIE,MIA,KOBIETA,20
12,MAŁOPOLSKIE,CECYLIA,KOBIETA,18
12,MAŁOPOLSKIE,LILIANA,KOBIETA,17
12,MAŁOPOLSKIE,MATYLDA,KOBIETA,17
12,MAŁOPOLSKIE,ANGELIKA,KOBIETA,16
12,MAŁOPOLSKIE,ADRIANNA,KOBIETA,15
12,MAŁOPOLSKIE,BLANKA,KOBIETA,15
12,MAŁOPOLSKIE,KAJA,KOBIETA,15
12,MAŁOPOLSKIE,LUCYNA,KOBIETA,15
12,MAŁOPOLSKIE,AURELIA,KOBIETA,14
12,MAŁOPOLSKIE,JÓZEFINA,KOBIETA,14
12,MAŁOPOLSKIE,LILIANNA,KOBIETA,14
12,MAŁOPOLSKIE,OLGA,KOBIETA,14
12,MAŁOPOLSKIE,BOGUMIŁA,KOBIETA,13
12,MAŁOPOLSKIE,GAJA,KOBIETA,13
12,MAŁOPOLSKIE,LIWIA,KOBIETA,13
12,MAŁOPOLSKIE,NINA,KOBIETA,13
12,MAŁOPOLSKIE,WIOLETTA,KOBIETA,13
12,MAŁOPOLSKIE,LUIZA,KOBIETA,12
12,MAŁOPOLSKIE,MARZENA,KOBIETA,12
12,MAŁOPOLSKIE,MELANIA,KOBIETA,12
12,MAŁOPOLSKIE,BERNADETA,KOBIETA,11
12,MAŁOPOLSKIE,BRONISŁAWA,KOBIETA,11
12,MAŁOPOLSKIE,SANDRA,KOBIETA,11
12,MAŁOPOLSKIE,ANITA,KOBIETA,10
12,MAŁOPOLSKIE,ESTERA,KOBIETA,10
12,MAŁOPOLSKIE,HONORATA,KOBIETA,10
12,MAŁOPOLSKIE,SABINA,KOBIETA,10
12,MAŁOPOLSKIE,WIESŁAWA,KOBIETA,10
12,MAŁOPOLSKIE,WŁADYSŁAWA,KOBIETA,10
12,MAŁOPOLSKIE,CZESŁAWA,KOBIETA,9
12,MAŁOPOLSKIE,ILONA,KOBIETA,9
12,MAŁOPOLSKIE,MARIOLA,KOBIETA,9
12,MAŁOPOLSKIE,ALINA,KOBIETA,8
12,MAŁOPOLSKIE,BIANKA,KOBIETA,8
12,MAŁOPOLSKIE,KAZIMIERA,KOBIETA,8
12,MAŁOPOLSKIE,LEOKADIA,KOBIETA,8
12,MAŁOPOLSKIE,MARIKA,KOBIETA,8
12,MAŁOPOLSKIE,VICTORIA,KOBIETA,8
12,MAŁOPOLSKIE,ADELA,KOBIETA,7
12,MAŁOPOLSKIE,BOGUSŁAWA,KOBIETA,7
12,MAŁOPOLSKIE,CELINA,KOBIETA,7
12,MAŁOPOLSKIE,IDA,KOBIETA,7
12,MAŁOPOLSKIE,JULIANNA,KOBIETA,7
12,MAŁOPOLSKIE,MALINA,KOBIETA,7
12,MAŁOPOLSKIE,MALWINA,KOBIETA,7
12,MAŁOPOLSKIE,SOFIA,KOBIETA,7
12,MAŁOPOLSKIE,APOLONIA,KOBIETA,6
12,MAŁOPOLSKIE,AURORA,KOBIETA,6
12,MAŁOPOLSKIE,ELEONORA,KOBIETA,6
12,MAŁOPOLSKIE,GENOWEFA,KOBIETA,6
12,MAŁOPOLSKIE,IZABELLA,KOBIETA,6
12,MAŁOPOLSKIE,LILIA,KOBIETA,6
12,MAŁOPOLSKIE,LUDWIKA,KOBIETA,6
12,MAŁOPOLSKIE,NADZIEJA,KOBIETA,6
12,MAŁOPOLSKIE,NELA,KOBIETA,6
12,MAŁOPOLSKIE,ROMA,KOBIETA,6
12,MAŁOPOLSKIE,WIOLETA,KOBIETA,6
12,MAŁOPOLSKIE,DANIELA,KOBIETA,5
12,MAŁOPOLSKIE,ELENA,KOBIETA,5
12,MAŁOPOLSKIE,FELICJA,KOBIETA,5
12,MAŁOPOLSKIE,GLORIA,KOBIETA,5
12,MAŁOPOLSKIE,HIACYNTA,KOBIETA,5
12,MAŁOPOLSKIE,JOWITA,KOBIETA,5
12,MAŁOPOLSKIE,JUDYTA,KOBIETA,5
12,MAŁOPOLSKIE,JULITA,KOBIETA,5
12,MAŁOPOLSKIE,KARINA,KOBIETA,5
12,MAŁOPOLSKIE,KONSTANCJA,KOBIETA,5
12,MAŁOPOLSKIE,LEA,KOBIETA,5
12,MAŁOPOLSKIE,LUNA,KOBIETA,5
12,MAŁOPOLSKIE,OLIVIA,KOBIETA,5
12,MAŁOPOLSKIE,OTYLIA,KOBIETA,5
12,MAŁOPOLSKIE,ROKSANA,KOBIETA,5
12,MAŁOPOLSKIE,ADA,KOBIETA,4
12,MAŁOPOLSKIE,KALINA,KOBIETA,4
12,MAŁOPOLSKIE,LILA,KOBIETA,4
12,MAŁOPOLSKIE,LUDMIŁA,KOBIETA,4
12,MAŁOPOLSKIE,NICOLA,KOBIETA,4
12,MAŁOPOLSKIE,REGINA,KOBIETA,4
12,MAŁOPOLSKIE,WALERIA,KOBIETA,4
12,MAŁOPOLSKIE,ALBINA,KOBIETA,3
12,MAŁOPOLSKIE,ALDONA,KOBIETA,3
12,MAŁOPOLSKIE,BERNADETTA,KOBIETA,3
12,MAŁOPOLSKIE,DAGMARA,KOBIETA,3
12,MAŁOPOLSKIE,ELISABETH,KOBIETA,3
12,MAŁOPOLSKIE,ELIZABETH,KOBIETA,3
12,MAŁOPOLSKIE,EMMA,KOBIETA,3
12,MAŁOPOLSKIE,INGA,KOBIETA,3
12,MAŁOPOLSKIE,JANA,KOBIETA,3
12,MAŁOPOLSKIE,JAŚMINA,KOBIETA,3
12,MAŁOPOLSKIE,MARLENA,KOBIETA,3
12,MAŁOPOLSKIE,MIRA,KOBIETA,3
12,MAŁOPOLSKIE,MIROSŁAWA,KOBIETA,3
12,MAŁOPOLSKIE,OKTAWIA,KOBIETA,3
12,MAŁOPOLSKIE,ZDZISŁAWA,KOBIETA,3
12,MAŁOPOLSKIE,ZOJA,KOBIETA,3
12,MAŁOPOLSKIE,ZYTA,KOBIETA,3
12,MAŁOPOLSKIE,ADRIANA,KOBIETA,2
12,MAŁOPOLSKIE,ALEXANDRA,KOBIETA,2
12,MAŁOPOLSKIE,AMALIA,KOBIETA,2
12,MAŁOPOLSKIE,AMANDA,KOBIETA,2
12,MAŁOPOLSKIE,ANGELA,KOBIETA,2
12,MAŁOPOLSKIE,ANTONIA,KOBIETA,2
12,MAŁOPOLSKIE,BELLA,KOBIETA,2
12,MAŁOPOLSKIE,BERENIKA,KOBIETA,2
12,MAŁOPOLSKIE,CELESTYNA,KOBIETA,2
12,MAŁOPOLSKIE,DAJANA,KOBIETA,2
12,MAŁOPOLSKIE,DOBRAWA,KOBIETA,2
12,MAŁOPOLSKIE,ELISA,KOBIETA,2
12,MAŁOPOLSKIE,EUGENIA,KOBIETA,2
12,MAŁOPOLSKIE,FILOMENA,KOBIETA,2
12,MAŁOPOLSKIE,INKA,KOBIETA,2
12,MAŁOPOLSKIE,JAGNA,KOBIETA,2
12,MAŁOPOLSKIE,JESSICA,KOBIETA,2
12,MAŁOPOLSKIE,KASANDRA,KOBIETA,2
12,MAŁOPOLSKIE,KLEMENTYNA,KOBIETA,2
12,MAŁOPOLSKIE,MARIETTA,KOBIETA,2
12,MAŁOPOLSKIE,MELISSA,KOBIETA,2
12,MAŁOPOLSKIE,MIECZYSŁAWA,KOBIETA,2
12,MAŁOPOLSKIE,NATASZA,KOBIETA,2
12,MAŁOPOLSKIE,NICOLE,KOBIETA,2
12,MAŁOPOLSKIE,NIKOLETTA,KOBIETA,2
12,MAŁOPOLSKIE,NOEMI,KOBIETA,2
12,MAŁOPOLSKIE,OLA,KOBIETA,2
12,MAŁOPOLSKIE,OLIMPIA,KOBIETA,2
12,MAŁOPOLSKIE,PIA,KOBIETA,2
12,MAŁOPOLSKIE,SALOMEA,KOBIETA,2
12,MAŁOPOLSKIE,SONIA,KOBIETA,2
12,MAŁOPOLSKIE,SOPHIE,KOBIETA,2
12,MAŁOPOLSKIE,STELLA,KOBIETA,2
12,MAŁOPOLSKIE,TAMARA,KOBIETA,2
12,MAŁOPOLSKIE,TEODORA,KOBIETA,2
12,MAŁOPOLSKIE,VIVIENNE,KOBIETA,2
12,MAŁOPOLSKIE,ZENONA,KOBIETA,2
12,MAŁOPOLSKIE,ŻANETA,KOBIETA,2
14,MAZOWIECKIE,MARIA,KOBIETA,759
14,MAZOWIECKIE,ANNA,KOBIETA,520
14,MAZOWIECKIE,ZOFIA,KOBIETA,272
14,MAZOWIECKIE,HELENA,KOBIETA,166
14,MAZOWIECKIE,ALEKSANDRA,KOBIETA,159
14,MAZOWIECKIE,EWA,KOBIETA,155
14,MAZOWIECKIE,ALICJA,KOBIETA,153
14,MAZOWIECKIE,WIKTORIA,KOBIETA,142
14,MAZOWIECKIE,BARBARA,KOBIETA,136
14,MAZOWIECKIE,KATARZYNA,KOBIETA,122
14,MAZOWIECKIE,JULIA,KOBIETA,121
14,MAZOWIECKIE,MAŁGORZATA,KOBIETA,112
14,MAZOWIECKIE,HANNA,KOBIETA,105
14,MAZOWIECKIE,ANTONINA,KOBIETA,104
14,MAZOWIECKIE,MAGDALENA,KOBIETA,100
14,MAZOWIECKIE,ELŻBIETA,KOBIETA,96
14,MAZOWIECKIE,ŁUCJA,KOBIETA,95
14,MAZOWIECKIE,LAURA,KOBIETA,94
14,MAZOWIECKIE,JOANNA,KOBIETA,90
14,MAZOWIECKIE,RÓŻA,KOBIETA,88
14,MAZOWIECKIE,TERESA,KOBIETA,86
14,MAZOWIECKIE,ZUZANNA,KOBIETA,85
14,MAZOWIECKIE,KRYSTYNA,KOBIETA,78
14,MAZOWIECKIE,MARIANNA,KOBIETA,76
14,MAZOWIECKIE,KLARA,KOBIETA,75
14,MAZOWIECKIE,MAJA,KOBIETA,70
14,MAZOWIECKIE,NATALIA,KOBIETA,68
14,MAZOWIECKIE,AGNIESZKA,KOBIETA,67
14,MAZOWIECKIE,JADWIGA,KOBIETA,67
14,MAZOWIECKIE,KAROLINA,KOBIETA,67
14,MAZOWIECKIE,OLIWIA,KOBIETA,67
14,MAZOWIECKIE,EMILIA,KOBIETA,65
14,MAZOWIECKIE,GABRIELA,KOBIETA,63
14,MAZOWIECKIE,MICHALINA,KOBIETA,62
14,MAZOWIECKIE,RITA,KOBIETA,62
14,MAZOWIECKIE,IRENA,KOBIETA,61
14,MAZOWIECKIE,WERONIKA,KOBIETA,60
14,MAZOWIECKIE,ANASTAZJA,KOBIETA,56
14,MAZOWIECKIE,IZABELA,KOBIETA,55
14,MAZOWIECKIE,JANINA,KOBIETA,55
14,MAZOWIECKIE,AMELIA,KOBIETA,50
14,MAZOWIECKIE,MARTA,KOBIETA,50
14,MAZOWIECKIE,WANDA,KOBIETA,50
14,MAZOWIECKIE,STEFANIA,KOBIETA,47
14,MAZOWIECKIE,LENA,KOBIETA,43
14,MAZOWIECKIE,MARCELINA,KOBIETA,43
14,MAZOWIECKIE,JAGODA,KOBIETA,42
14,MAZOWIECKIE,MONIKA,KOBIETA,42
14,MAZOWIECKIE,AGATA,KOBIETA,36
14,MAZOWIECKIE,IGA,KOBIETA,36
14,MAZOWIECKIE,DOROTA,KOBIETA,35
14,MAZOWIECKIE,HALINA,KOBIETA,35
14,MAZOWIECKIE,POLA,KOBIETA,33
14,MAZOWIECKIE,URSZULA,KOBIETA,33
14,MAZOWIECKIE,ANIELA,KOBIETA,32
14,MAZOWIECKIE,MIA,KOBIETA,32
14,MAZOWIECKIE,DANUTA,KOBIETA,29
14,MAZOWIECKIE,BEATA,KOBIETA,28
14,MAZOWIECKIE,KAMILA,KOBIETA,28
14,MAZOWIECKIE,PAULINA,KOBIETA,28
14,MAZOWIECKIE,AURELIA,KOBIETA,26
14,MAZOWIECKIE,JÓZEFINA,KOBIETA,26
14,MAZOWIECKIE,LIDIA,KOBIETA,26
14,MAZOWIECKIE,IWONA,KOBIETA,24
14,MAZOWIECKIE,JUSTYNA,KOBIETA,24
14,MAZOWIECKIE,DOMINIKA,KOBIETA,23
14,MAZOWIECKIE,LILIANA,KOBIETA,23
14,MAZOWIECKIE,ROZALIA,KOBIETA,23
14,MAZOWIECKIE,GAJA,KOBIETA,21
14,MAZOWIECKIE,JOLANTA,KOBIETA,21
14,MAZOWIECKIE,KORNELIA,KOBIETA,21
14,MAZOWIECKIE,SARA,KOBIETA,20
14,MAZOWIECKIE,STANISŁAWA,KOBIETA,20
14,MAZOWIECKIE,BLANKA,KOBIETA,19
14,MAZOWIECKIE,BOŻENA,KOBIETA,19
14,MAZOWIECKIE,OLGA,KOBIETA,19
14,MAZOWIECKIE,KLAUDIA,KOBIETA,18
14,MAZOWIECKIE,EDYTA,KOBIETA,17
14,MAZOWIECKIE,FAUSTYNA,KOBIETA,17
14,MAZOWIECKIE,NADIA,KOBIETA,17
14,MAZOWIECKIE,NINA,KOBIETA,17
14,MAZOWIECKIE,GRAŻYNA,KOBIETA,16
14,MAZOWIECKIE,IDA,KOBIETA,16
14,MAZOWIECKIE,LILIANNA,KOBIETA,16
14,MAZOWIECKIE,NIKOLA,KOBIETA,16
14,MAZOWIECKIE,SYLWIA,KOBIETA,16
14,MAZOWIECKIE,CECYLIA,KOBIETA,15
14,MAZOWIECKIE,DARIA,KOBIETA,15
14,MAZOWIECKIE,KINGA,KOBIETA,15
14,MAZOWIECKIE,KONSTANCJA,KOBIETA,15
14,MAZOWIECKIE,LIWIA,KOBIETA,15
14,MAZOWIECKIE,MATYLDA,KOBIETA,14
14,MAZOWIECKIE,RENATA,KOBIETA,14
14,MAZOWIECKIE,ALINA,KOBIETA,13
14,MAZOWIECKIE,DIANA,KOBIETA,13
14,MAZOWIECKIE,ELIZA,KOBIETA,13
14,MAZOWIECKIE,JULIANNA,KOBIETA,13
14,MAZOWIECKIE,LUCYNA,KOBIETA,13
14,MAZOWIECKIE,MARTYNA,KOBIETA,13
14,MAZOWIECKIE,PATRYCJA,KOBIETA,13
14,MAZOWIECKIE,KAJA,KOBIETA,12
14,MAZOWIECKIE,LEA,KOBIETA,12
14,MAZOWIECKIE,EMMA,KOBIETA,11
14,MAZOWIECKIE,FELICJA,KOBIETA,11
14,MAZOWIECKIE,ADELA,KOBIETA,10
14,MAZOWIECKIE,ADRIANNA,KOBIETA,10
14,MAZOWIECKIE,ESTERA,KOBIETA,10
14,MAZOWIECKIE,JÓZEFA,KOBIETA,10
14,MAZOWIECKIE,KALINA,KOBIETA,10
14,MAZOWIECKIE,MARZENA,KOBIETA,10
14,MAZOWIECKIE,NADZIEJA,KOBIETA,10
14,MAZOWIECKIE,SABINA,KOBIETA,10
14,MAZOWIECKIE,APOLONIA,KOBIETA,9
14,MAZOWIECKIE,EWELINA,KOBIETA,9
14,MAZOWIECKIE,FRANCISZKA,KOBIETA,9
14,MAZOWIECKIE,LARA,KOBIETA,9
14,MAZOWIECKIE,LUIZA,KOBIETA,9
14,MAZOWIECKIE,MALINA,KOBIETA,9
14,MAZOWIECKIE,NELA,KOBIETA,9
14,MAZOWIECKIE,WIOLETTA,KOBIETA,9
14,MAZOWIECKIE,CELINA,KOBIETA,8
14,MAZOWIECKIE,ELEONORA,KOBIETA,8
14,MAZOWIECKIE,IZABELLA,KOBIETA,8
14,MAZOWIECKIE,JAGNA,KOBIETA,8
14,MAZOWIECKIE,REGINA,KOBIETA,8
14,MAZOWIECKIE,ANETA,KOBIETA,7
14,MAZOWIECKIE,ANGELIKA,KOBIETA,7
14,MAZOWIECKIE,AURORA,KOBIETA,7
14,MAZOWIECKIE,ELENA,KOBIETA,7
14,MAZOWIECKIE,INKA,KOBIETA,7
14,MAZOWIECKIE,JAŚMINA,KOBIETA,7
14,MAZOWIECKIE,LEOKADIA,KOBIETA,7
14,MAZOWIECKIE,LUNA,KOBIETA,7
14,MAZOWIECKIE,MARIOLA,KOBIETA,7
14,MAZOWIECKIE,VICTORIA,KOBIETA,7
14,MAZOWIECKIE,BIANKA,KOBIETA,6
14,MAZOWIECKIE,GLORIA,KOBIETA,6
14,MAZOWIECKIE,LILA,KOBIETA,6
14,MAZOWIECKIE,MELANIA,KOBIETA,6
14,MAZOWIECKIE,MIRA,KOBIETA,6
14,MAZOWIECKIE,MIROSŁAWA,KOBIETA,6
14,MAZOWIECKIE,NEL,KOBIETA,6
14,MAZOWIECKIE,SOFIA,KOBIETA,6
14,MAZOWIECKIE,WIESŁAWA,KOBIETA,6
14,MAZOWIECKIE,BOŻENNA,KOBIETA,5
14,MAZOWIECKIE,DAGMARA,KOBIETA,5
14,MAZOWIECKIE,FLORA,KOBIETA,5
14,MAZOWIECKIE,ILONA,KOBIETA,5
14,MAZOWIECKIE,KAZIMIERA,KOBIETA,5
14,MAZOWIECKIE,LILIA,KOBIETA,5
14,MAZOWIECKIE,LIVIA,KOBIETA,5
14,MAZOWIECKIE,MARIE,KOBIETA,5
14,MAZOWIECKIE,MILENA,KOBIETA,5
14,MAZOWIECKIE,MIRIAM,KOBIETA,5
14,MAZOWIECKIE,ROSA,KOBIETA,5
14,MAZOWIECKIE,ADRIANA,KOBIETA,4
14,MAZOWIECKIE,ATENA,KOBIETA,4
14,MAZOWIECKIE,DANIELA,KOBIETA,4
14,MAZOWIECKIE,EUGENIA,KOBIETA,4
14,MAZOWIECKIE,GENOWEFA,KOBIETA,4
14,MAZOWIECKIE,INES,KOBIETA,4
14,MAZOWIECKIE,JUDYTA,KOBIETA,4
14,MAZOWIECKIE,MALWINA,KOBIETA,4
14,MAZOWIECKIE,MARLENA,KOBIETA,4
14,MAZOWIECKIE,OKTAWIA,KOBIETA,4
14,MAZOWIECKIE,PAULA,KOBIETA,4
14,MAZOWIECKIE,ROSE,KOBIETA,4
14,MAZOWIECKIE,ZOJA,KOBIETA,4
14,MAZOWIECKIE,ADA,KOBIETA,3
14,MAZOWIECKIE,ARIANA,KOBIETA,3
14,MAZOWIECKIE,BOGUMIŁA,KOBIETA,3
14,MAZOWIECKIE,BRONISŁAWA,KOBIETA,3
14,MAZOWIECKIE,ELWIRA,KOBIETA,3
14,MAZOWIECKIE,ERYKA,KOBIETA,3
14,MAZOWIECKIE,GRACE,KOBIETA,3
14,MAZOWIECKIE,GRACJA,KOBIETA,3
14,MAZOWIECKIE,HENRYKA,KOBIETA,3
14,MAZOWIECKIE,HIACYNTA,KOBIETA,3
14,MAZOWIECKIE,HONORATA,KOBIETA,3
14,MAZOWIECKIE,IDALIA,KOBIETA,3
14,MAZOWIECKIE,INGA,KOBIETA,3
14,MAZOWIECKIE,JANA,KOBIETA,3
14,MAZOWIECKIE,KARINA,KOBIETA,3
14,MAZOWIECKIE,KAUR,KOBIETA,3
14,MAZOWIECKIE,MAYA,KOBIETA,3
14,MAZOWIECKIE,NOEMI,KOBIETA,3
14,MAZOWIECKIE,OLIVIA,KOBIETA,3
14,MAZOWIECKIE,ROMA,KOBIETA,3
14,MAZOWIECKIE,SALOMEA,KOBIETA,3
14,MAZOWIECKIE,SAMANTA,KOBIETA,3
14,MAZOWIECKIE,STELLA,KOBIETA,3
14,MAZOWIECKIE,ZOE,KOBIETA,3
14,MAZOWIECKIE,ALEXANDRA,KOBIETA,2
14,MAZOWIECKIE,AMANDA,KOBIETA,2
14,MAZOWIECKIE,ANITA,KOBIETA,2
14,MAZOWIECKIE,ANTONIA,KOBIETA,2
14,MAZOWIECKIE,AVA,KOBIETA,2
14,MAZOWIECKIE,BELLA,KOBIETA,2
14,MAZOWIECKIE,BOGUSŁAWA,KOBIETA,2
14,MAZOWIECKIE,CHANEL,KOBIETA,2
14,MAZOWIECKIE,CHLOE,KOBIETA,2
14,MAZOWIECKIE,CHRISTINE,KOBIETA,2
14,MAZOWIECKIE,CZESŁAWA,KOBIETA,2
14,MAZOWIECKIE,DALIA,KOBIETA,2
14,MAZOWIECKIE,DOBRAWA,KOBIETA,2
14,MAZOWIECKIE,EUFEMIA,KOBIETA,2
14,MAZOWIECKIE,FELIKSA,KOBIETA,2
14,MAZOWIECKIE,FILOMENA,KOBIETA,2
14,MAZOWIECKIE,FLORENTYNA,KOBIETA,2
14,MAZOWIECKIE,GRETA,KOBIETA,2
14,MAZOWIECKIE,INA,KOBIETA,2
14,MAZOWIECKIE,IRIS,KOBIETA,2
14,MAZOWIECKIE,JOWITA,KOBIETA,2
14,MAZOWIECKIE,JULITA,KOBIETA,2
14,MAZOWIECKIE,KIRA,KOBIETA,2
14,MAZOWIECKIE,KORA,KOBIETA,2
14,MAZOWIECKIE,KRISTINA,KOBIETA,2
14,MAZOWIECKIE,LARYSA,KOBIETA,2
14,MAZOWIECKIE,LEJLA,KOBIETA,2
14,MAZOWIECKIE,LILY,KOBIETA,2
14,MAZOWIECKIE,LISA,KOBIETA,2
14,MAZOWIECKIE,LUCJA,KOBIETA,2
14,MAZOWIECKIE,LUDMIŁA,KOBIETA,2
14,MAZOWIECKIE,MAGDA,KOBIETA,2
14,MAZOWIECKIE,MAJKA,KOBIETA,2
14,MAZOWIECKIE,MAŁGORZTA,KOBIETA,2
14,MAZOWIECKIE,MANUELA,KOBIETA,2
14,MAZOWIECKIE,MARCELA,KOBIETA,2
14,MAZOWIECKIE,MARGARET,KOBIETA,2
14,MAZOWIECKIE,MARIETTA,KOBIETA,2
14,MAZOWIECKIE,MARINA,KOBIETA,2
14,MAZOWIECKIE,MARZANNA,KOBIETA,2
14,MAZOWIECKIE,MELISA,KOBIETA,2
14,MAZOWIECKIE,MELODY,KOBIETA,2
14,MAZOWIECKIE,MERCEDES,KOBIETA,2
14,MAZOWIECKIE,MIKA,KOBIETA,2
14,MAZOWIECKIE,MILA,KOBIETA,2
14,MAZOWIECKIE,NAOMI,KOBIETA,2
14,MAZOWIECKIE,NICOLE,KOBIETA,2
14,MAZOWIECKIE,OFELIA,KOBIETA,2
14,MAZOWIECKIE,OLIMPIA,KOBIETA,2
14,MAZOWIECKIE,RADOCHNA,KOBIETA,2
14,MAZOWIECKIE,RADOSŁAWA,KOBIETA,2
14,MAZOWIECKIE,RANA,KOBIETA,2
14,MAZOWIECKIE,ROKSANA,KOBIETA,2
14,MAZOWIECKIE,SANDRA,KOBIETA,2
14,MAZOWIECKIE,SOPHIA,KOBIETA,2
14,MAZOWIECKIE,SOPHIE,KOBIETA,2
14,MAZOWIECKIE,TAMARA,KOBIETA,2
14,MAZOWIECKIE,TEODORA,KOBIETA,2
14,MAZOWIECKIE,TEODOZJA,KOBIETA,2
14,MAZOWIECKIE,VERA,KOBIETA,2
14,MAZOWIECKIE,WALENTYNA,KOBIETA,2
14,MAZOWIECKIE,WŁADYSŁAWA,KOBIETA,2
14,MAZOWIECKIE,ŻYWIA,KOBIETA,2
16,OPOLSKIE,MARIA,KOBIETA,279
16,OPOLSKIE,ANNA,KOBIETA,244
16,OPOLSKIE,ZOFIA,KOBIETA,69
16,OPOLSKIE,MAGDALENA,KOBIETA,64
16,OPOLSKIE,KATARZYNA,KOBIETA,61
16,OPOLSKIE,JULIA,KOBIETA,50
16,OPOLSKIE,HELENA,KOBIETA,48
16,OPOLSKIE,ALEKSANDRA,KOBIETA,47
16,OPOLSKIE,ALICJA,KOBIETA,47
16,OPOLSKIE,ŁUCJA,KOBIETA,46
16,OPOLSKIE,ZUZANNA,KOBIETA,43
16,OPOLSKIE,MARTA,KOBIETA,42
16,OPOLSKIE,WIKTORIA,KOBIETA,42
16,OPOLSKIE,BARBARA,KOBIETA,41
16,OPOLSKIE,MAŁGORZATA,KOBIETA,41
16,OPOLSKIE,HANNA,KOBIETA,39
16,OPOLSKIE,TERESA,KOBIETA,37
16,OPOLSKIE,ELŻBIETA,KOBIETA,35
16,OPOLSKIE,NATALIA,KOBIETA,35
16,OPOLSKIE,AGNIESZKA,KOBIETA,34
16,OPOLSKIE,EMILIA,KOBIETA,33
16,OPOLSKIE,LAURA,KOBIETA,33
16,OPOLSKIE,WERONIKA,KOBIETA,32
16,OPOLSKIE,KLARA,KOBIETA,31
16,OPOLSKIE,KRYSTYNA,KOBIETA,31
16,OPOLSKIE,OLIWIA,KOBIETA,30
16,OPOLSKIE,EWA,KOBIETA,29
16,OPOLSKIE,MAJA,KOBIETA,28
16,OPOLSKIE,ANTONINA,KOBIETA,24
16,OPOLSKIE,MONIKA,KOBIETA,24
16,OPOLSKIE,KAROLINA,KOBIETA,23
16,OPOLSKIE,LENA,KOBIETA,23
16,OPOLSKIE,AMELIA,KOBIETA,22
16,OPOLSKIE,JANINA,KOBIETA,22
16,OPOLSKIE,JOANNA,KOBIETA,22
16,OPOLSKIE,BEATA,KOBIETA,21
16,OPOLSKIE,IRENA,KOBIETA,21
16,OPOLSKIE,IZABELA,KOBIETA,19
16,OPOLSKIE,DOROTA,KOBIETA,18
16,OPOLSKIE,GABRIELA,KOBIETA,18
16,OPOLSKIE,JADWIGA,KOBIETA,18
16,OPOLSKIE,PAULINA,KOBIETA,17
16,OPOLSKIE,RITA,KOBIETA,17
16,OPOLSKIE,KINGA,KOBIETA,16
16,OPOLSKIE,PATRYCJA,KOBIETA,16
16,OPOLSKIE,NADIA,KOBIETA,15
16,OPOLSKIE,POLA,KOBIETA,15
16,OPOLSKIE,DOMINIKA,KOBIETA,14
16,OPOLSKIE,URSZULA,KOBIETA,14
16,OPOLSKIE,ANASTAZJA,KOBIETA,13
16,OPOLSKIE,ROZALIA,KOBIETA,13
16,OPOLSKIE,RÓŻA,KOBIETA,13
16,OPOLSKIE,BOŻENA,KOBIETA,12
16,OPOLSKIE,JOLANTA,KOBIETA,12
16,OPOLSKIE,MARTYNA,KOBIETA,12
16,OPOLSKIE,MICHALINA,KOBIETA,11
16,OPOLSKIE,AGATA,KOBIETA,10
16,OPOLSKIE,DANUTA,KOBIETA,10
16,OPOLSKIE,MARCELINA,KOBIETA,10
16,OPOLSKIE,MARIANNA,KOBIETA,10
16,OPOLSKIE,HALINA,KOBIETA,9
16,OPOLSKIE,JUSTYNA,KOBIETA,9
16,OPOLSKIE,NINA,KOBIETA,9
16,OPOLSKIE,SABINA,KOBIETA,9
16,OPOLSKIE,ANIELA,KOBIETA,8
16,OPOLSKIE,EWELINA,KOBIETA,8
16,OPOLSKIE,LIDIA,KOBIETA,8
16,OPOLSKIE,SANDRA,KOBIETA,8
16,OPOLSKIE,BLANKA,KOBIETA,7
16,OPOLSKIE,GRAŻYNA,KOBIETA,7
16,OPOLSKIE,JÓZEFA,KOBIETA,7
16,OPOLSKIE,KAMILA,KOBIETA,7
16,OPOLSKIE,LUIZA,KOBIETA,7
16,OPOLSKIE,SARA,KOBIETA,7
16,OPOLSKIE,STANISŁAWA,KOBIETA,7
16,OPOLSKIE,STEFANIA,KOBIETA,7
16,OPOLSKIE,SYLWIA,KOBIETA,7
16,OPOLSKIE,ANGELIKA,KOBIETA,6
16,OPOLSKIE,ELIZA,KOBIETA,6
16,OPOLSKIE,FRANCISZKA,KOBIETA,6
16,OPOLSKIE,IWONA,KOBIETA,6
16,OPOLSKIE,KLAUDIA,KOBIETA,6
16,OPOLSKIE,MATYLDA,KOBIETA,6
16,OPOLSKIE,MIA,KOBIETA,6
16,OPOLSKIE,MILENA,KOBIETA,6
16,OPOLSKIE,RENATA,KOBIETA,6
16,OPOLSKIE,WANDA,KOBIETA,6
16,OPOLSKIE,BRYGIDA,KOBIETA,5
16,OPOLSKIE,ELENA,KOBIETA,5
16,OPOLSKIE,EMMA,KOBIETA,5
16,OPOLSKIE,FAUSTYNA,KOBIETA,5
16,OPOLSKIE,ILONA,KOBIETA,5
16,OPOLSKIE,WIESŁAWA,KOBIETA,5
16,OPOLSKIE,ADELA,KOBIETA,4
16,OPOLSKIE,ALINA,KOBIETA,4
16,OPOLSKIE,ANETA,KOBIETA,4
16,OPOLSKIE,DAGMARA,KOBIETA,4
16,OPOLSKIE,EDYTA,KOBIETA,4
16,OPOLSKIE,IGA,KOBIETA,4
16,OPOLSKIE,INGA,KOBIETA,4
16,OPOLSKIE,KORNELIA,KOBIETA,4
16,OPOLSKIE,LILIANNA,KOBIETA,4
16,OPOLSKIE,MARIOLA,KOBIETA,4
16,OPOLSKIE,VIOLETTA,KOBIETA,4
16,OPOLSKIE,ANITA,KOBIETA,3
16,OPOLSKIE,APOLONIA,KOBIETA,3
16,OPOLSKIE,BIANKA,KOBIETA,3
16,OPOLSKIE,BRONISŁAWA,KOBIETA,3
16,OPOLSKIE,CELINA,KOBIETA,3
16,OPOLSKIE,DARIA,KOBIETA,3
16,OPOLSKIE,DIANA,KOBIETA,3
16,OPOLSKIE,ESTERA,KOBIETA,3
16,OPOLSKIE,JAGODA,KOBIETA,3
16,OPOLSKIE,JUDYTA,KOBIETA,3
16,OPOLSKIE,JULIANNA,KOBIETA,3
16,OPOLSKIE,LIWIA,KOBIETA,3
16,OPOLSKIE,MARINA,KOBIETA,3
16,OPOLSKIE,MARZENA,KOBIETA,3
16,OPOLSKIE,NELA,KOBIETA,3
16,OPOLSKIE,OLGA,KOBIETA,3
16,OPOLSKIE,ROKSANA,KOBIETA,3
16,OPOLSKIE,WŁADYSŁAWA,KOBIETA,3
16,OPOLSKIE,ŻANETA,KOBIETA,3
16,OPOLSKIE,ADRIANNA,KOBIETA,2
16,OPOLSKIE,AURELIA,KOBIETA,2
16,OPOLSKIE,BERNADETA,KOBIETA,2
16,OPOLSKIE,BOGUMIŁA,KOBIETA,2
16,OPOLSKIE,CECYLIA,KOBIETA,2
16,OPOLSKIE,ELEONORA,KOBIETA,2
16,OPOLSKIE,ERYKA,KOBIETA,2
16,OPOLSKIE,GAJA,KOBIETA,2
16,OPOLSKIE,GIZELA,KOBIETA,2
16,OPOLSKIE,GLORIA,KOBIETA,2
16,OPOLSKIE,JÓZEFINA,KOBIETA,2
16,OPOLSKIE,JULITA,KOBIETA,2
16,OPOLSKIE,KAJA,KOBIETA,2
16,OPOLSKIE,KAZIMIERA,KOBIETA,2
16,OPOLSKIE,KONSTANCJA,KOBIETA,2
16,OPOLSKIE,LEOKADIA,KOBIETA,2
16,OPOLSKIE,LILIANA,KOBIETA,2
16,OPOLSKIE,LIVIA,KOBIETA,2
16,OPOLSKIE,LUCYNA,KOBIETA,2
16,OPOLSKIE,MALWINA,KOBIETA,2
16,OPOLSKIE,MELANIA,KOBIETA,2
16,OPOLSKIE,MICHAELA,KOBIETA,2
16,OPOLSKIE,MIRIAM,KOBIETA,2
16,OPOLSKIE,NELLY,KOBIETA,2
16,OPOLSKIE,NIKOLA,KOBIETA,2
16,OPOLSKIE,OTYLIA,KOBIETA,2
16,OPOLSKIE,ROMANA,KOBIETA,2
16,OPOLSKIE,VANESSA,KOBIETA,2
16,OPOLSKIE,WALERIA,KOBIETA,2
16,OPOLSKIE,WIOLETA,KOBIETA,2
18,PODKARPACKIE,MARIA,KOBIETA,714
18,PODKARPACKIE,ANNA,KOBIETA,331
18,PODKARPACKIE,ZOFIA,KOBIETA,258
18,PODKARPACKIE,MAGDALENA,KOBIETA,109
18,PODKARPACKIE,WIKTORIA,KOBIETA,108
18,PODKARPACKIE,JULIA,KOBIETA,106
18,PODKARPACKIE,HELENA,KOBIETA,103
18,PODKARPACKIE,KATARZYNA,KOBIETA,94
18,PODKARPACKIE,WERONIKA,KOBIETA,88
18,PODKARPACKIE,ŁUCJA,KOBIETA,84
18,PODKARPACKIE,ALEKSANDRA,KOBIETA,77
18,PODKARPACKIE,EMILIA,KOBIETA,76
18,PODKARPACKIE,MAŁGORZATA,KOBIETA,73
18,PODKARPACKIE,RITA,KOBIETA,69
18,PODKARPACKIE,ALICJA,KOBIETA,63
18,PODKARPACKIE,EWA,KOBIETA,63
18,PODKARPACKIE,BARBARA,KOBIETA,57
18,PODKARPACKIE,KAROLINA,KOBIETA,57
18,PODKARPACKIE,TERESA,KOBIETA,55
18,PODKARPACKIE,ZUZANNA,KOBIETA,54
18,PODKARPACKIE,AGNIESZKA,KOBIETA,52
18,PODKARPACKIE,ELŻBIETA,KOBIETA,51
18,PODKARPACKIE,KRYSTYNA,KOBIETA,49
18,PODKARPACKIE,LAURA,KOBIETA,49
18,PODKARPACKIE,KLARA,KOBIETA,48
18,PODKARPACKIE,MAJA,KOBIETA,47
18,PODKARPACKIE,ANIELA,KOBIETA,44
18,PODKARPACKIE,GABRIELA,KOBIETA,39
18,PODKARPACKIE,FAUSTYNA,KOBIETA,38
18,PODKARPACKIE,OLIWIA,KOBIETA,38
18,PODKARPACKIE,ANTONINA,KOBIETA,37
18,PODKARPACKIE,JANINA,KOBIETA,35
18,PODKARPACKIE,JOANNA,KOBIETA,34
18,PODKARPACKIE,MICHALINA,KOBIETA,34
18,PODKARPACKIE,DANUTA,KOBIETA,32
18,PODKARPACKIE,KINGA,KOBIETA,31
18,PODKARPACKIE,LENA,KOBIETA,30
18,PODKARPACKIE,DOMINIKA,KOBIETA,29
18,PODKARPACKIE,HANNA,KOBIETA,29
18,PODKARPACKIE,DOROTA,KOBIETA,28
18,PODKARPACKIE,NATALIA,KOBIETA,27
18,PODKARPACKIE,JADWIGA,KOBIETA,26
18,PODKARPACKIE,STANISŁAWA,KOBIETA,26
18,PODKARPACKIE,RÓŻA,KOBIETA,25
18,PODKARPACKIE,AMELIA,KOBIETA,24
18,PODKARPACKIE,IRENA,KOBIETA,24
18,PODKARPACKIE,MONIKA,KOBIETA,22
18,PODKARPACKIE,ANASTAZJA,KOBIETA,21
18,PODKARPACKIE,NIKOLA,KOBIETA,21
18,PODKARPACKIE,PAULINA,KOBIETA,21
18,PODKARPACKIE,KLAUDIA,KOBIETA,20
18,PODKARPACKIE,AGATA,KOBIETA,19
18,PODKARPACKIE,IZABELA,KOBIETA,18
18,PODKARPACKIE,JAGODA,KOBIETA,18
18,PODKARPACKIE,JÓZEFA,KOBIETA,17
18,PODKARPACKIE,MILENA,KOBIETA,17
18,PODKARPACKIE,ROZALIA,KOBIETA,17
18,PODKARPACKIE,LILIANA,KOBIETA,16
18,PODKARPACKIE,MARIANNA,KOBIETA,16
18,PODKARPACKIE,STEFANIA,KOBIETA,16
18,PODKARPACKIE,NADIA,KOBIETA,15
18,PODKARPACKIE,BLANKA,KOBIETA,14
18,PODKARPACKIE,HALINA,KOBIETA,14
18,PODKARPACKIE,KORNELIA,KOBIETA,14
18,PODKARPACKIE,MARTA,KOBIETA,14
18,PODKARPACKIE,PATRYCJA,KOBIETA,14
18,PODKARPACKIE,JOLANTA,KOBIETA,13
18,PODKARPACKIE,JUSTYNA,KOBIETA,13
18,PODKARPACKIE,MARCELINA,KOBIETA,13
18,PODKARPACKIE,ELIZA,KOBIETA,12
18,PODKARPACKIE,EWELINA,KOBIETA,12
18,PODKARPACKIE,IGA,KOBIETA,12
18,PODKARPACKIE,SARA,KOBIETA,12
18,PODKARPACKIE,WANDA,KOBIETA,12
18,PODKARPACKIE,DARIA,KOBIETA,11
18,PODKARPACKIE,LILIANNA,KOBIETA,11
18,PODKARPACKIE,BEATA,KOBIETA,10
18,PODKARPACKIE,DIANA,KOBIETA,10
18,PODKARPACKIE,JÓZEFINA,KOBIETA,10
18,PODKARPACKIE,POLA,KOBIETA,10
18,PODKARPACKIE,RENATA,KOBIETA,10
18,PODKARPACKIE,SYLWIA,KOBIETA,10
18,PODKARPACKIE,URSZULA,KOBIETA,10
18,PODKARPACKIE,ANETA,KOBIETA,9
18,PODKARPACKIE,BERNADETA,KOBIETA,9
18,PODKARPACKIE,FRANCISZKA,KOBIETA,9
18,PODKARPACKIE,KAMILA,KOBIETA,9
18,PODKARPACKIE,LUCYNA,KOBIETA,9
18,PODKARPACKIE,ADRIANNA,KOBIETA,8
18,PODKARPACKIE,CECYLIA,KOBIETA,8
18,PODKARPACKIE,IWONA,KOBIETA,8
18,PODKARPACKIE,KAJA,KOBIETA,8
18,PODKARPACKIE,LIDIA,KOBIETA,8
18,PODKARPACKIE,MARTYNA,KOBIETA,8
18,PODKARPACKIE,AURELIA,KOBIETA,7
18,PODKARPACKIE,FELICJA,KOBIETA,7
18,PODKARPACKIE,GRAŻYNA,KOBIETA,7
18,PODKARPACKIE,KAZIMIERA,KOBIETA,7
18,PODKARPACKIE,MATYLDA,KOBIETA,7
18,PODKARPACKIE,NINA,KOBIETA,7
18,PODKARPACKIE,BOGUSŁAWA,KOBIETA,6
18,PODKARPACKIE,BOŻENA,KOBIETA,6
18,PODKARPACKIE,SABINA,KOBIETA,6
18,PODKARPACKIE,ADELA,KOBIETA,5
18,PODKARPACKIE,APOLONIA,KOBIETA,5
18,PODKARPACKIE,GLORIA,KOBIETA,5
18,PODKARPACKIE,JUDYTA,KOBIETA,5
18,PODKARPACKIE,JULITA,KOBIETA,5
18,PODKARPACKIE,OLGA,KOBIETA,5
18,PODKARPACKIE,ROSE,KOBIETA,5
18,PODKARPACKIE,CELINA,KOBIETA,4
18,PODKARPACKIE,ELENA,KOBIETA,4
18,PODKARPACKIE,ESTERA,KOBIETA,4
18,PODKARPACKIE,MARIOLA,KOBIETA,4
18,PODKARPACKIE,MARLENA,KOBIETA,4
18,PODKARPACKIE,MELANIA,KOBIETA,4
18,PODKARPACKIE,MIA,KOBIETA,4
18,PODKARPACKIE,MIRIAM,KOBIETA,4
18,PODKARPACKIE,WIOLETTA,KOBIETA,4
18,PODKARPACKIE,WŁADYSŁAWA,KOBIETA,4
18,PODKARPACKIE,ANDŻELIKA,KOBIETA,3
18,PODKARPACKIE,BOGUMIŁA,KOBIETA,3
18,PODKARPACKIE,BRYGIDA,KOBIETA,3
18,PODKARPACKIE,DAGMARA,KOBIETA,3
18,PODKARPACKIE,EDYTA,KOBIETA,3
18,PODKARPACKIE,KALINA,KOBIETA,3
18,PODKARPACKIE,LEA,KOBIETA,3
18,PODKARPACKIE,MARZENA,KOBIETA,3
18,PODKARPACKIE,NADZIEJA,KOBIETA,3
18,PODKARPACKIE,NELA,KOBIETA,3
18,PODKARPACKIE,OLIVIA,KOBIETA,3
18,PODKARPACKIE,REGINA,KOBIETA,3
18,PODKARPACKIE,SANDRA,KOBIETA,3
18,PODKARPACKIE,WALERIA,KOBIETA,3
18,PODKARPACKIE,ALINA,KOBIETA,2
18,PODKARPACKIE,BERENIKA,KOBIETA,2
18,PODKARPACKIE,BERNADETTA,KOBIETA,2
18,PODKARPACKIE,BRONISŁAWA,KOBIETA,2
18,PODKARPACKIE,CZESŁAWA,KOBIETA,2
18,PODKARPACKIE,ELEONORA,KOBIETA,2
18,PODKARPACKIE,ELIZABETH,KOBIETA,2
18,PODKARPACKIE,ILONA,KOBIETA,2
18,PODKARPACKIE,IZABELLA,KOBIETA,2
18,PODKARPACKIE,JAGNA,KOBIETA,2
18,PODKARPACKIE,JOWITA,KOBIETA,2
18,PODKARPACKIE,KONSTANCJA,KOBIETA,2
18,PODKARPACKIE,LILIA,KOBIETA,2
18,PODKARPACKIE,LIWIA,KOBIETA,2
18,PODKARPACKIE,LUIZA,KOBIETA,2
18,PODKARPACKIE,MALWINA,KOBIETA,2
18,PODKARPACKIE,MATHILDA,KOBIETA,2
18,PODKARPACKIE,MIECZYSŁAWA,KOBIETA,2
18,PODKARPACKIE,PAULA,KOBIETA,2
18,PODKARPACKIE,WIESŁAWA,KOBIETA,2
18,PODKARPACKIE,WIOLETA,KOBIETA,2
18,PODKARPACKIE,ZDZISŁAWA,KOBIETA,2
18,PODKARPACKIE,ŻANETA,KOBIETA,2
20,PODLASKIE,MARIA,KOBIETA,39
20,PODLASKIE,ANNA,KOBIETA,24
20,PODLASKIE,EWA,KOBIETA,14
20,PODLASKIE,HELENA,KOBIETA,13
20,PODLASKIE,RÓŻA,KOBIETA,11
20,PODLASKIE,ZOFIA,KOBIETA,10
20,PODLASKIE,JADWIGA,KOBIETA,8
20,PODLASKIE,LAURA,KOBIETA,8
20,PODLASKIE,ŁUCJA,KOBIETA,8
20,PODLASKIE,ALICJA,KOBIETA,7
20,PODLASKIE,HANNA,KOBIETA,7
20,PODLASKIE,WIKTORIA,KOBIETA,7
20,PODLASKIE,ALEKSANDRA,KOBIETA,6
20,PODLASKIE,JULIA,KOBIETA,6
20,PODLASKIE,MAJA,KOBIETA,6
20,PODLASKIE,AMELIA,KOBIETA,5
20,PODLASKIE,ANASTAZJA,KOBIETA,5
20,PODLASKIE,MAŁGORZATA,KOBIETA,5
20,PODLASKIE,DOROTA,KOBIETA,4
20,PODLASKIE,GABRIELA,KOBIETA,4
20,PODLASKIE,KLARA,KOBIETA,4
20,PODLASKIE,LIDIA,KOBIETA,4
20,PODLASKIE,MAGDALENA,KOBIETA,4
20,PODLASKIE,MONIKA,KOBIETA,4
20,PODLASKIE,RITA,KOBIETA,4
20,PODLASKIE,SARA,KOBIETA,4
20,PODLASKIE,TERESA,KOBIETA,4
20,PODLASKIE,ANTONINA,KOBIETA,3
20,PODLASKIE,BLANKA,KOBIETA,3
20,PODLASKIE,ELŻBIETA,KOBIETA,3
20,PODLASKIE,IRENA,KOBIETA,3
20,PODLASKIE,JOANNA,KOBIETA,3
20,PODLASKIE,KAMILA,KOBIETA,3
20,PODLASKIE,KATARZYNA,KOBIETA,3
20,PODLASKIE,KRYSTYNA,KOBIETA,3
20,PODLASKIE,LENA,KOBIETA,3
20,PODLASKIE,MARIANNA,KOBIETA,3
20,PODLASKIE,NADIA,KOBIETA,3
20,PODLASKIE,POLA,KOBIETA,3
20,PODLASKIE,REGINA,KOBIETA,3
20,PODLASKIE,STANISŁAWA,KOBIETA,3
20,PODLASKIE,SYLWIA,KOBIETA,3
20,PODLASKIE,ALINA,KOBIETA,2
20,PODLASKIE,ELENA,KOBIETA,2
20,PODLASKIE,ELEONORA,KOBIETA,2
20,PODLASKIE,GAJA,KOBIETA,2
20,PODLASKIE,HALINA,KOBIETA,2
20,PODLASKIE,KAROLINA,KOBIETA,2
20,PODLASKIE,KORNELIA,KOBIETA,2
20,PODLASKIE,LILIANA,KOBIETA,2
20,PODLASKIE,MARCELINA,KOBIETA,2
20,PODLASKIE,MARTYNA,KOBIETA,2
20,PODLASKIE,MIA,KOBIETA,2
20,PODLASKIE,MICHALINA,KOBIETA,2
20,PODLASKIE,OLIWIA,KOBIETA,2
20,PODLASKIE,ROZALIA,KOBIETA,2
20,PODLASKIE,STEFANIA,KOBIETA,2
20,PODLASKIE,URSZULA,KOBIETA,2
20,PODLASKIE,WERONIKA,KOBIETA,2
20,PODLASKIE,ZUZANNA,KOBIETA,2
22,POMORSKIE,MARIA,KOBIETA,536
22,POMORSKIE,ANNA,KOBIETA,434
22,POMORSKIE,ZOFIA,KOBIETA,172
22,POMORSKIE,MAGDALENA,KOBIETA,137
22,POMORSKIE,HELENA,KOBIETA,124
22,POMORSKIE,EWA,KOBIETA,120
22,POMORSKIE,KATARZYNA,KOBIETA,118
22,POMORSKIE,TERESA,KOBIETA,111
22,POMORSKIE,ŁUCJA,KOBIETA,106
22,POMORSKIE,MAŁGORZATA,KOBIETA,104
22,POMORSKIE,ALEKSANDRA,KOBIETA,99
22,POMORSKIE,ELŻBIETA,KOBIETA,93
22,POMORSKIE,JADWIGA,KOBIETA,86
22,POMORSKIE,BARBARA,KOBIETA,83
22,POMORSKIE,MARTA,KOBIETA,82
22,POMORSKIE,ALICJA,KOBIETA,81
22,POMORSKIE,KAROLINA,KOBIETA,81
22,POMORSKIE,WIKTORIA,KOBIETA,81
22,POMORSKIE,AGNIESZKA,KOBIETA,79
22,POMORSKIE,WERONIKA,KOBIETA,78
22,POMORSKIE,JULIA,KOBIETA,76
22,POMORSKIE,JOANNA,KOBIETA,71
22,POMORSKIE,KRYSTYNA,KOBIETA,70
22,POMORSKIE,MONIKA,KOBIETA,67
22,POMORSKIE,NATALIA,KOBIETA,62
22,POMORSKIE,ANTONINA,KOBIETA,58
22,POMORSKIE,DANUTA,KOBIETA,58
22,POMORSKIE,HANNA,KOBIETA,56
22,POMORSKIE,URSZULA,KOBIETA,53
22,POMORSKIE,ZUZANNA,KOBIETA,50
22,POMORSKIE,LAURA,KOBIETA,49
22,POMORSKIE,OLIWIA,KOBIETA,49
22,POMORSKIE,AGATA,KOBIETA,48
22,POMORSKIE,ANASTAZJA,KOBIETA,48
22,POMORSKIE,EMILIA,KOBIETA,48
22,POMORSKIE,KLARA,KOBIETA,48
22,POMORSKIE,PAULINA,KOBIETA,48
22,POMORSKIE,IRENA,KOBIETA,43
22,POMORSKIE,MAJA,KOBIETA,40
22,POMORSKIE,WANDA,KOBIETA,40
22,POMORSKIE,DOROTA,KOBIETA,39
22,POMORSKIE,LIDIA,KOBIETA,37
22,POMORSKIE,JANINA,KOBIETA,35
22,POMORSKIE,BEATA,KOBIETA,33
22,POMORSKIE,GABRIELA,KOBIETA,33
22,POMORSKIE,ANIELA,KOBIETA,32
22,POMORSKIE,PATRYCJA,KOBIETA,32
22,POMORSKIE,ROZALIA,KOBIETA,32
22,POMORSKIE,AMELIA,KOBIETA,31
22,POMORSKIE,MARIANNA,KOBIETA,31
22,POMORSKIE,MICHALINA,KOBIETA,30
22,POMORSKIE,JOLANTA,KOBIETA,29
22,POMORSKIE,KINGA,KOBIETA,29
22,POMORSKIE,MARCELINA,KOBIETA,29
22,POMORSKIE,RÓŻA,KOBIETA,29
22,POMORSKIE,HALINA,KOBIETA,28
22,POMORSKIE,MARTYNA,KOBIETA,27
22,POMORSKIE,IZABELA,KOBIETA,26
22,POMORSKIE,LENA,KOBIETA,26
22,POMORSKIE,NADIA,KOBIETA,26
22,POMORSKIE,RITA,KOBIETA,26
22,POMORSKIE,KORNELIA,KOBIETA,25
22,POMORSKIE,POLA,KOBIETA,25
22,POMORSKIE,IWONA,KOBIETA,24
22,POMORSKIE,DOMINIKA,KOBIETA,23
22,POMORSKIE,BOŻENA,KOBIETA,22
22,POMORSKIE,GRAŻYNA,KOBIETA,22
22,POMORSKIE,BLANKA,KOBIETA,21
22,POMORSKIE,DARIA,KOBIETA,21
22,POMORSKIE,KLAUDIA,KOBIETA,21
22,POMORSKIE,RENATA,KOBIETA,21
22,POMORSKIE,JUSTYNA,KOBIETA,20
22,POMORSKIE,JAGODA,KOBIETA,19
22,POMORSKIE,LILIANA,KOBIETA,19
22,POMORSKIE,ANETA,KOBIETA,18
22,POMORSKIE,MARZENA,KOBIETA,17
22,POMORSKIE,STEFANIA,KOBIETA,17
22,POMORSKIE,AURELIA,KOBIETA,15
22,POMORSKIE,MILENA,KOBIETA,15
22,POMORSKIE,SANDRA,KOBIETA,15
22,POMORSKIE,SYLWIA,KOBIETA,15
22,POMORSKIE,FAUSTYNA,KOBIETA,14
22,POMORSKIE,MIA,KOBIETA,14
22,POMORSKIE,CECYLIA,KOBIETA,13
22,POMORSKIE,KAMILA,KOBIETA,13
22,POMORSKIE,MATYLDA,KOBIETA,13
22,POMORSKIE,ANGELIKA,KOBIETA,12
22,POMORSKIE,EWELINA,KOBIETA,12
22,POMORSKIE,IGA,KOBIETA,12
22,POMORSKIE,SABINA,KOBIETA,12
22,POMORSKIE,STANISŁAWA,KOBIETA,12
22,POMORSKIE,FELICJA,KOBIETA,11
22,POMORSKIE,NIKOLA,KOBIETA,11
22,POMORSKIE,NINA,KOBIETA,11
22,POMORSKIE,REGINA,KOBIETA,11
22,POMORSKIE,BOGUMIŁA,KOBIETA,10
22,POMORSKIE,KAJA,KOBIETA,10
22,POMORSKIE,LEOKADIA,KOBIETA,10
22,POMORSKIE,LUCYNA,KOBIETA,10
22,POMORSKIE,MALWINA,KOBIETA,10
22,POMORSKIE,MARIOLA,KOBIETA,10
22,POMORSKIE,NADZIEJA,KOBIETA,10
22,POMORSKIE,OLGA,KOBIETA,10
22,POMORSKIE,IDA,KOBIETA,9
22,POMORSKIE,SARA,KOBIETA,9
22,POMORSKIE,WIOLETTA,KOBIETA,9
22,POMORSKIE,BIANKA,KOBIETA,8
22,POMORSKIE,ELIZA,KOBIETA,8
22,POMORSKIE,JÓZEFINA,KOBIETA,8
22,POMORSKIE,LEA,KOBIETA,8
22,POMORSKIE,BERNADETA,KOBIETA,7
22,POMORSKIE,FRANCISZKA,KOBIETA,7
22,POMORSKIE,GAJA,KOBIETA,7
22,POMORSKIE,JULIANNA,KOBIETA,7
22,POMORSKIE,LILIANNA,KOBIETA,7
22,POMORSKIE,LUIZA,KOBIETA,7
22,POMORSKIE,MARLENA,KOBIETA,7
22,POMORSKIE,ROKSANA,KOBIETA,7
22,POMORSKIE,WIESŁAWA,KOBIETA,7
22,POMORSKIE,ADRIANNA,KOBIETA,6
22,POMORSKIE,DANIELA,KOBIETA,6
22,POMORSKIE,EDYTA,KOBIETA,6
22,POMORSKIE,GERTRUDA,KOBIETA,6
22,POMORSKIE,ILONA,KOBIETA,6
22,POMORSKIE,JÓZEFA,KOBIETA,6
22,POMORSKIE,KONSTANCJA,KOBIETA,6
22,POMORSKIE,LIWIA,KOBIETA,6
22,POMORSKIE,LUDWIKA,KOBIETA,6
22,POMORSKIE,PAULA,KOBIETA,6
22,POMORSKIE,ALINA,KOBIETA,5
22,POMORSKIE,BRYGIDA,KOBIETA,5
22,POMORSKIE,DAGMARA,KOBIETA,5
22,POMORSKIE,ELEONORA,KOBIETA,5
22,POMORSKIE,ESTERA,KOBIETA,5
22,POMORSKIE,MIROSŁAWA,KOBIETA,5
22,POMORSKIE,NEL,KOBIETA,5
22,POMORSKIE,NELA,KOBIETA,5
22,POMORSKIE,WIOLETA,KOBIETA,5
22,POMORSKIE,ADELA,KOBIETA,4
22,POMORSKIE,AURORA,KOBIETA,4
22,POMORSKIE,BRONISŁAWA,KOBIETA,4
22,POMORSKIE,CZESŁAWA,KOBIETA,4
22,POMORSKIE,ELENA,KOBIETA,4
22,POMORSKIE,EMMA,KOBIETA,4
22,POMORSKIE,KLEMENTYNA,KOBIETA,4
22,POMORSKIE,OTYLIA,KOBIETA,4
22,POMORSKIE,VICTORIA,KOBIETA,4
22,POMORSKIE,WŁADYSŁAWA,KOBIETA,4
22,POMORSKIE,ADA,KOBIETA,3
22,POMORSKIE,ADRIANA,KOBIETA,3
22,POMORSKIE,ALICE,KOBIETA,3
22,POMORSKIE,AMANDA,KOBIETA,3
22,POMORSKIE,ANITA,KOBIETA,3
22,POMORSKIE,ANTONIA,KOBIETA,3
22,POMORSKIE,APOLONIA,KOBIETA,3
22,POMORSKIE,BOGUSŁAWA,KOBIETA,3
22,POMORSKIE,EUGENIA,KOBIETA,3
22,POMORSKIE,HONORATA,KOBIETA,3
22,POMORSKIE,JAŚMINA,KOBIETA,3
22,POMORSKIE,JUDYTA,KOBIETA,3
22,POMORSKIE,JULITA,KOBIETA,3
22,POMORSKIE,KALINA,KOBIETA,3
22,POMORSKIE,KAZIMIERA,KOBIETA,3
22,POMORSKIE,LUNA,KOBIETA,3
22,POMORSKIE,NOEMI,KOBIETA,3
22,POMORSKIE,ROMA,KOBIETA,3
22,POMORSKIE,ROSE,KOBIETA,3
22,POMORSKIE,ZOE,KOBIETA,3
22,POMORSKIE,ANDŻELIKA,KOBIETA,2
22,POMORSKIE,BALBINA,KOBIETA,2
22,POMORSKIE,BERNADETTA,KOBIETA,2
22,POMORSKIE,CELINA,KOBIETA,2
22,POMORSKIE,DIANA,KOBIETA,2
22,POMORSKIE,ELZA,KOBIETA,2
22,POMORSKIE,ERYKA,KOBIETA,2
22,POMORSKIE,FELICIA,KOBIETA,2
22,POMORSKIE,GENOWEFA,KOBIETA,2
22,POMORSKIE,GLORIA,KOBIETA,2
22,POMORSKIE,INGA,KOBIETA,2
22,POMORSKIE,INKA,KOBIETA,2
22,POMORSKIE,JAGNA,KOBIETA,2
22,POMORSKIE,LILA,KOBIETA,2
22,POMORSKIE,LILIA,KOBIETA,2
22,POMORSKIE,LILLI,KOBIETA,2
22,POMORSKIE,MANUELA,KOBIETA,2
22,POMORSKIE,MARCELA,KOBIETA,2
22,POMORSKIE,MARIKA,KOBIETA,2
22,POMORSKIE,MIŁOSŁAWA,KOBIETA,2
22,POMORSKIE,MIRIAM,KOBIETA,2
22,POMORSKIE,NASTIA,KOBIETA,2
22,POMORSKIE,NATASZA,KOBIETA,2
22,POMORSKIE,NIKOLETTA,KOBIETA,2
22,POMORSKIE,OKTAWIA,KOBIETA,2
22,POMORSKIE,OLIMPIA,KOBIETA,2
22,POMORSKIE,PELAGIA,KOBIETA,2
22,POMORSKIE,SOPHIA,KOBIETA,2
22,POMORSKIE,TOLA,KOBIETA,2
22,POMORSKIE,WALERIA,KOBIETA,2
22,POMORSKIE,ZDZISŁAWA,KOBIETA,2
22,POMORSKIE,ZOJA,KOBIETA,2
22,POMORSKIE,ZYTA,KOBIETA,2
24,ŚLĄSKIE,MARIA,KOBIETA,1189
24,ŚLĄSKIE,ANNA,KOBIETA,927
24,ŚLĄSKIE,MAGDALENA,KOBIETA,386
24,ŚLĄSKIE,KATARZYNA,KOBIETA,348
24,ŚLĄSKIE,ZOFIA,KOBIETA,336
24,ŚLĄSKIE,WIKTORIA,KOBIETA,314
24,ŚLĄSKIE,BARBARA,KOBIETA,303
24,ŚLĄSKIE,JULIA,KOBIETA,298
24,ŚLĄSKIE,ALEKSANDRA,KOBIETA,293
24,ŚLĄSKIE,HELENA,KOBIETA,287
24,ŚLĄSKIE,MAŁGORZATA,KOBIETA,265
24,ŚLĄSKIE,ŁUCJA,KOBIETA,240
24,ŚLĄSKIE,ALICJA,KOBIETA,234
24,ŚLĄSKIE,AGNIESZKA,KOBIETA,226
24,ŚLĄSKIE,EMILIA,KOBIETA,226
24,ŚLĄSKIE,EWA,KOBIETA,223
24,ŚLĄSKIE,JOANNA,KOBIETA,205
24,ŚLĄSKIE,WERONIKA,KOBIETA,201
24,ŚLĄSKIE,KAROLINA,KOBIETA,197
24,ŚLĄSKIE,NATALIA,KOBIETA,191
24,ŚLĄSKIE,MARTA,KOBIETA,190
24,ŚLĄSKIE,ZUZANNA,KOBIETA,190
24,ŚLĄSKIE,ELŻBIETA,KOBIETA,188
24,ŚLĄSKIE,MONIKA,KOBIETA,170
24,ŚLĄSKIE,LAURA,KOBIETA,165
24,ŚLĄSKIE,OLIWIA,KOBIETA,159
24,ŚLĄSKIE,TERESA,KOBIETA,159
24,ŚLĄSKIE,KRYSTYNA,KOBIETA,144
24,ŚLĄSKIE,PAULINA,KOBIETA,142
24,ŚLĄSKIE,ANTONINA,KOBIETA,140
24,ŚLĄSKIE,HANNA,KOBIETA,135
24,ŚLĄSKIE,MAJA,KOBIETA,130
24,ŚLĄSKIE,KLARA,KOBIETA,127
24,ŚLĄSKIE,AMELIA,KOBIETA,120
24,ŚLĄSKIE,JADWIGA,KOBIETA,119
24,ŚLĄSKIE,ANASTAZJA,KOBIETA,117
24,ŚLĄSKIE,RÓŻA,KOBIETA,116
24,ŚLĄSKIE,DOROTA,KOBIETA,112
24,ŚLĄSKIE,PATRYCJA,KOBIETA,108
24,ŚLĄSKIE,AGATA,KOBIETA,104
24,ŚLĄSKIE,BEATA,KOBIETA,100
24,ŚLĄSKIE,JUSTYNA,KOBIETA,100
24,ŚLĄSKIE,KLAUDIA,KOBIETA,98
24,ŚLĄSKIE,LENA,KOBIETA,97
24,ŚLĄSKIE,MICHALINA,KOBIETA,97
24,ŚLĄSKIE,KINGA,KOBIETA,94
24,ŚLĄSKIE,IZABELA,KOBIETA,92
24,ŚLĄSKIE,DANUTA,KOBIETA,90
24,ŚLĄSKIE,MARTYNA,KOBIETA,88
24,ŚLĄSKIE,DOMINIKA,KOBIETA,86
24,ŚLĄSKIE,SYLWIA,KOBIETA,86
24,ŚLĄSKIE,IRENA,KOBIETA,85
24,ŚLĄSKIE,RITA,KOBIETA,82
24,ŚLĄSKIE,URSZULA,KOBIETA,81
24,ŚLĄSKIE,GABRIELA,KOBIETA,79
24,ŚLĄSKIE,JANINA,KOBIETA,79
24,ŚLĄSKIE,ANIELA,KOBIETA,78
24,ŚLĄSKIE,LIDIA,KOBIETA,68
24,ŚLĄSKIE,MARIANNA,KOBIETA,64
24,ŚLĄSKIE,IWONA,KOBIETA,63
24,ŚLĄSKIE,WANDA,KOBIETA,63
24,ŚLĄSKIE,JOLANTA,KOBIETA,61
24,ŚLĄSKIE,LILIANA,KOBIETA,59
24,ŚLĄSKIE,KAMILA,KOBIETA,58
24,ŚLĄSKIE,HALINA,KOBIETA,57
24,ŚLĄSKIE,NADIA,KOBIETA,57
24,ŚLĄSKIE,JAGODA,KOBIETA,53
24,ŚLĄSKIE,EWELINA,KOBIETA,50
24,ŚLĄSKIE,MATYLDA,KOBIETA,50
24,ŚLĄSKIE,MILENA,KOBIETA,50
24,ŚLĄSKIE,POLA,KOBIETA,50
24,ŚLĄSKIE,MARCELINA,KOBIETA,49
24,ŚLĄSKIE,KORNELIA,KOBIETA,47
24,ŚLĄSKIE,GRAŻYNA,KOBIETA,46
24,ŚLĄSKIE,IGA,KOBIETA,46
24,ŚLĄSKIE,STEFANIA,KOBIETA,46
24,ŚLĄSKIE,BOŻENA,KOBIETA,42
24,ŚLĄSKIE,MARZENA,KOBIETA,41
24,ŚLĄSKIE,SANDRA,KOBIETA,41
24,ŚLĄSKIE,DARIA,KOBIETA,40
24,ŚLĄSKIE,ROZALIA,KOBIETA,40
24,ŚLĄSKIE,RENATA,KOBIETA,39
24,ŚLĄSKIE,BLANKA,KOBIETA,38
24,ŚLĄSKIE,ANETA,KOBIETA,36
24,ŚLĄSKIE,FAUSTYNA,KOBIETA,36
24,ŚLĄSKIE,SABINA,KOBIETA,36
24,ŚLĄSKIE,SARA,KOBIETA,34
24,ŚLĄSKIE,CECYLIA,KOBIETA,32
24,ŚLĄSKIE,OLGA,KOBIETA,32
24,ŚLĄSKIE,ANGELIKA,KOBIETA,31
24,ŚLĄSKIE,AURELIA,KOBIETA,27
24,ŚLĄSKIE,ILONA,KOBIETA,27
24,ŚLĄSKIE,STANISŁAWA,KOBIETA,27
24,ŚLĄSKIE,LILIANNA,KOBIETA,25
24,ŚLĄSKIE,NIKOLA,KOBIETA,25
24,ŚLĄSKIE,ADRIANNA,KOBIETA,24
24,ŚLĄSKIE,DAGMARA,KOBIETA,24
24,ŚLĄSKIE,MIA,KOBIETA,23
24,ŚLĄSKIE,ALINA,KOBIETA,22
24,ŚLĄSKIE,ELIZA,KOBIETA,22
24,ŚLĄSKIE,NELA,KOBIETA,22
24,ŚLĄSKIE,SONIA,KOBIETA,22
24,ŚLĄSKIE,JÓZEFA,KOBIETA,21
24,ŚLĄSKIE,LUCYNA,KOBIETA,21
24,ŚLĄSKIE,FRANCISZKA,KOBIETA,20
24,ŚLĄSKIE,NINA,KOBIETA,20
24,ŚLĄSKIE,DIANA,KOBIETA,19
24,ŚLĄSKIE,EDYTA,KOBIETA,19
24,ŚLĄSKIE,BERNADETA,KOBIETA,18
24,ŚLĄSKIE,JÓZEFINA,KOBIETA,18
24,ŚLĄSKIE,LIWIA,KOBIETA,17
24,ŚLĄSKIE,MAGDA,KOBIETA,17
24,ŚLĄSKIE,MARIOLA,KOBIETA,16
24,ŚLĄSKIE,GAJA,KOBIETA,15
24,ŚLĄSKIE,LUIZA,KOBIETA,15
24,ŚLĄSKIE,MARLENA,KOBIETA,15
24,ŚLĄSKIE,WIOLETTA,KOBIETA,15
24,ŚLĄSKIE,ESTERA,KOBIETA,14
24,ŚLĄSKIE,JUDYTA,KOBIETA,14
24,ŚLĄSKIE,KAJA,KOBIETA,14
24,ŚLĄSKIE,REGINA,KOBIETA,14
24,ŚLĄSKIE,APOLONIA,KOBIETA,13
24,ŚLĄSKIE,ROKSANA,KOBIETA,13
24,ŚLĄSKIE,WIESŁAWA,KOBIETA,13
24,ŚLĄSKIE,KARINA,KOBIETA,12
24,ŚLĄSKIE,LEA,KOBIETA,12
24,ŚLĄSKIE,LEOKADIA,KOBIETA,12
24,ŚLĄSKIE,MALWINA,KOBIETA,12
24,ŚLĄSKIE,ŻANETA,KOBIETA,12
24,ŚLĄSKIE,GLORIA,KOBIETA,11
24,ŚLĄSKIE,INGA,KOBIETA,11
24,ŚLĄSKIE,OTYLIA,KOBIETA,11
24,ŚLĄSKIE,ADELAJDA,KOBIETA,10
24,ŚLĄSKIE,BIANKA,KOBIETA,10
24,ŚLĄSKIE,BRYGIDA,KOBIETA,10
24,ŚLĄSKIE,IDA,KOBIETA,10
24,ŚLĄSKIE,KALINA,KOBIETA,10
24,ŚLĄSKIE,KAZIMIERA,KOBIETA,10
24,ŚLĄSKIE,ADELA,KOBIETA,9
24,ŚLĄSKIE,ANITA,KOBIETA,9
24,ŚLĄSKIE,BRONISŁAWA,KOBIETA,9
24,ŚLĄSKIE,MIROSŁAWA,KOBIETA,9
24,ŚLĄSKIE,ZOJA,KOBIETA,9
24,ŚLĄSKIE,BOGUMIŁA,KOBIETA,8
24,ŚLĄSKIE,ELENA,KOBIETA,8
24,ŚLĄSKIE,EMMA,KOBIETA,8
24,ŚLĄSKIE,JULIANNA,KOBIETA,8
24,ŚLĄSKIE,NADZIEJA,KOBIETA,8
24,ŚLĄSKIE,NICOLA,KOBIETA,8
24,ŚLĄSKIE,VICTORIA,KOBIETA,8
24,ŚLĄSKIE,WŁADYSŁAWA,KOBIETA,8
24,ŚLĄSKIE,FLORENTYNA,KOBIETA,7
24,ŚLĄSKIE,HENRYKA,KOBIETA,7
24,ŚLĄSKIE,KLEMENTYNA,KOBIETA,7
24,ŚLĄSKIE,NOEMI,KOBIETA,7
24,ŚLĄSKIE,ROSE,KOBIETA,7
24,ŚLĄSKIE,TAMARA,KOBIETA,7
24,ŚLĄSKIE,VIOLETTA,KOBIETA,7
24,ŚLĄSKIE,WALERIA,KOBIETA,7
24,ŚLĄSKIE,AMANDA,KOBIETA,6
24,ŚLĄSKIE,CZESŁAWA,KOBIETA,6
24,ŚLĄSKIE,DANIELA,KOBIETA,6
24,ŚLĄSKIE,FELICJA,KOBIETA,6
24,ŚLĄSKIE,KONSTANCJA,KOBIETA,6
24,ŚLĄSKIE,MARIKA,KOBIETA,6
24,ŚLĄSKIE,PAULA,KOBIETA,6
24,ŚLĄSKIE,VANESSA,KOBIETA,6
24,ŚLĄSKIE,WIOLETA,KOBIETA,6
24,ŚLĄSKIE,BOGUSŁAWA,KOBIETA,5
24,ŚLĄSKIE,ELEONORA,KOBIETA,5
24,ŚLĄSKIE,EUGENIA,KOBIETA,5
24,ŚLĄSKIE,GENOWEFA,KOBIETA,5
24,ŚLĄSKIE,INKA,KOBIETA,5
24,ŚLĄSKIE,LUNA,KOBIETA,5
24,ŚLĄSKIE,MELANIA,KOBIETA,5
24,ŚLĄSKIE,ARLETA,KOBIETA,4
24,ŚLĄSKIE,AURORA,KOBIETA,4
24,ŚLĄSKIE,BALBINA,KOBIETA,4
24,ŚLĄSKIE,BERNADETTA,KOBIETA,4
24,ŚLĄSKIE,CELINA,KOBIETA,4
24,ŚLĄSKIE,GERTRUDA,KOBIETA,4
24,ŚLĄSKIE,HIACYNTA,KOBIETA,4
24,ŚLĄSKIE,IZABELLA,KOBIETA,4
24,ŚLĄSKIE,JAGNA,KOBIETA,4
24,ŚLĄSKIE,JULITA,KOBIETA,4
24,ŚLĄSKIE,LARA,KOBIETA,4
24,ŚLĄSKIE,LILIA,KOBIETA,4
24,ŚLĄSKIE,OLIMPIA,KOBIETA,4
24,ŚLĄSKIE,OLIVIA,KOBIETA,4
24,ŚLĄSKIE,PELAGIA,KOBIETA,4
24,ŚLĄSKIE,SAMANTA,KOBIETA,4
24,ŚLĄSKIE,STELLA,KOBIETA,4
24,ŚLĄSKIE,WALENTYNA,KOBIETA,4
24,ŚLĄSKIE,WIRGINIA,KOBIETA,4
24,ŚLĄSKIE,ZYTA,KOBIETA,4
24,ŚLĄSKIE,ADA,KOBIETA,3
24,ŚLĄSKIE,ANASTASIA,KOBIETA,3
24,ŚLĄSKIE,ANDŻELIKA,KOBIETA,3
24,ŚLĄSKIE,DOBRAWA,KOBIETA,3
24,ŚLĄSKIE,ELIZABETH,KOBIETA,3
24,ŚLĄSKIE,ELWIRA,KOBIETA,3
24,ŚLĄSKIE,FRIDA,KOBIETA,3
24,ŚLĄSKIE,HONORATA,KOBIETA,3
24,ŚLĄSKIE,HOPE,KOBIETA,3
24,ŚLĄSKIE,INEZ,KOBIETA,3
24,ŚLĄSKIE,JOWITA,KOBIETA,3
24,ŚLĄSKIE,KSENIA,KOBIETA,3
24,ŚLĄSKIE,MALINA,KOBIETA,3
24,ŚLĄSKIE,MARIE,KOBIETA,3
24,ŚLĄSKIE,MILA,KOBIETA,3
24,ŚLĄSKIE,NAOMI,KOBIETA,3
24,ŚLĄSKIE,NATASZA,KOBIETA,3
24,ŚLĄSKIE,NICOLE,KOBIETA,3
24,ŚLĄSKIE,OKTAWIA,KOBIETA,3
24,ŚLĄSKIE,RACHELA,KOBIETA,3
24,ŚLĄSKIE,ROMA,KOBIETA,3
24,ŚLĄSKIE,TATIANA,KOBIETA,3
24,ŚLĄSKIE,WANESSA,KOBIETA,3
24,ŚLĄSKIE,ADRIANA,KOBIETA,2
24,ŚLĄSKIE,ALDONA,KOBIETA,2
24,ŚLĄSKIE,ANGELA,KOBIETA,2
24,ŚLĄSKIE,ANGELINA,KOBIETA,2
24,ŚLĄSKIE,ANIKA,KOBIETA,2
24,ŚLĄSKIE,CLAUDIA,KOBIETA,2
24,ŚLĄSKIE,CORNELIA,KOBIETA,2
24,ŚLĄSKIE,DAJANA,KOBIETA,2
24,ŚLĄSKIE,DALIA,KOBIETA,2
24,ŚLĄSKIE,DOBROMIŁA,KOBIETA,2
24,ŚLĄSKIE,ELFRYDA,KOBIETA,2
24,ŚLĄSKIE,ERYKA,KOBIETA,2
24,ŚLĄSKIE,EVA,KOBIETA,2
24,ŚLĄSKIE,FABIOLA,KOBIETA,2
24,ŚLĄSKIE,FILOMENA,KOBIETA,2
24,ŚLĄSKIE,GIZELA,KOBIETA,2
24,ŚLĄSKIE,HALSZKA,KOBIETA,2
24,ŚLĄSKIE,HANIA,KOBIETA,2
24,ŚLĄSKIE,INES,KOBIETA,2
24,ŚLĄSKIE,IZA,KOBIETA,2
24,ŚLĄSKIE,JESSICA,KOBIETA,2
24,ŚLĄSKIE,KIRA,KOBIETA,2
24,ŚLĄSKIE,KLAUDYNA,KOBIETA,2
24,ŚLĄSKIE,KONSTANTYNA,KOBIETA,2
24,ŚLĄSKIE,LILA,KOBIETA,2
24,ŚLĄSKIE,MARIETTA,KOBIETA,2
24,ŚLĄSKIE,MARIJA,KOBIETA,2
24,ŚLĄSKIE,MAYA,KOBIETA,2
24,ŚLĄSKIE,MERCEDES,KOBIETA,2
24,ŚLĄSKIE,MICHAELA,KOBIETA,2
24,ŚLĄSKIE,MICHELLE,KOBIETA,2
24,ŚLĄSKIE,MIŁOSŁAWA,KOBIETA,2
24,ŚLĄSKIE,MIRELLA,KOBIETA,2
24,ŚLĄSKIE,NEL,KOBIETA,2
24,ŚLĄSKIE,NICOL,KOBIETA,2
24,ŚLĄSKIE,RACHEL,KOBIETA,2
24,ŚLĄSKIE,REBEKA,KOBIETA,2
24,ŚLĄSKIE,RUTA,KOBIETA,2
24,ŚLĄSKIE,SALOMEA,KOBIETA,2
24,ŚLĄSKIE,SERAFINA,KOBIETA,2
24,ŚLĄSKIE,SOFIA,KOBIETA,2
24,ŚLĄSKIE,VALENTINA,KOBIETA,2
24,ŚLĄSKIE,VIKTORIA,KOBIETA,2
24,ŚLĄSKIE,ZOSIA,KOBIETA,2
24,ŚLĄSKIE,ZOYA,KOBIETA,2
26,ŚWIĘTOKRZYSKIE,MARIA,KOBIETA,168
26,ŚWIĘTOKRZYSKIE,ANNA,KOBIETA,123
26,ŚWIĘTOKRZYSKIE,ZOFIA,KOBIETA,53
26,ŚWIĘTOKRZYSKIE,MAGDALENA,KOBIETA,48
26,ŚWIĘTOKRZYSKIE,JULIA,KOBIETA,46
26,ŚWIĘTOKRZYSKIE,KATARZYNA,KOBIETA,45
26,ŚWIĘTOKRZYSKIE,WIKTORIA,KOBIETA,44
26,ŚWIĘTOKRZYSKIE,ALICJA,KOBIETA,42
26,ŚWIĘTOKRZYSKIE,ŁUCJA,KOBIETA,41
26,ŚWIĘTOKRZYSKIE,ALEKSANDRA,KOBIETA,38
26,ŚWIĘTOKRZYSKIE,MAJA,KOBIETA,38
26,ŚWIĘTOKRZYSKIE,EWA,KOBIETA,31
26,ŚWIĘTOKRZYSKIE,HELENA,KOBIETA,30
26,ŚWIĘTOKRZYSKIE,MAŁGORZATA,KOBIETA,30
26,ŚWIĘTOKRZYSKIE,NATALIA,KOBIETA,24
26,ŚWIĘTOKRZYSKIE,ZUZANNA,KOBIETA,24
26,ŚWIĘTOKRZYSKIE,LAURA,KOBIETA,23
26,ŚWIĘTOKRZYSKIE,OLIWIA,KOBIETA,23
26,ŚWIĘTOKRZYSKIE,BARBARA,KOBIETA,21
26,ŚWIĘTOKRZYSKIE,WERONIKA,KOBIETA,20
26,ŚWIĘTOKRZYSKIE,PAULINA,KOBIETA,19
26,ŚWIĘTOKRZYSKIE,AGNIESZKA,KOBIETA,18
26,ŚWIĘTOKRZYSKIE,ANTONINA,KOBIETA,18
26,ŚWIĘTOKRZYSKIE,JOANNA,KOBIETA,18
26,ŚWIĘTOKRZYSKIE,LENA,KOBIETA,18
26,ŚWIĘTOKRZYSKIE,AMELIA,KOBIETA,17
26,ŚWIĘTOKRZYSKIE,KAROLINA,KOBIETA,17
26,ŚWIĘTOKRZYSKIE,MARTA,KOBIETA,17
26,ŚWIĘTOKRZYSKIE,EMILIA,KOBIETA,16
26,ŚWIĘTOKRZYSKIE,MARCELINA,KOBIETA,16
26,ŚWIĘTOKRZYSKIE,MARIANNA,KOBIETA,16
26,ŚWIĘTOKRZYSKIE,IZABELA,KOBIETA,15
26,ŚWIĘTOKRZYSKIE,ANASTAZJA,KOBIETA,14
26,ŚWIĘTOKRZYSKIE,JAGODA,KOBIETA,14
26,ŚWIĘTOKRZYSKIE,ELŻBIETA,KOBIETA,13
26,ŚWIĘTOKRZYSKIE,LILIANA,KOBIETA,13
26,ŚWIĘTOKRZYSKIE,MONIKA,KOBIETA,13
26,ŚWIĘTOKRZYSKIE,SARA,KOBIETA,13
26,ŚWIĘTOKRZYSKIE,TERESA,KOBIETA,13
26,ŚWIĘTOKRZYSKIE,ANIELA,KOBIETA,12
26,ŚWIĘTOKRZYSKIE,HANNA,KOBIETA,12
26,ŚWIĘTOKRZYSKIE,KLARA,KOBIETA,12
26,ŚWIĘTOKRZYSKIE,MICHALINA,KOBIETA,12
26,ŚWIĘTOKRZYSKIE,POLA,KOBIETA,12
26,ŚWIĘTOKRZYSKIE,RITA,KOBIETA,12
26,ŚWIĘTOKRZYSKIE,URSZULA,KOBIETA,11
26,ŚWIĘTOKRZYSKIE,GABRIELA,KOBIETA,10
26,ŚWIĘTOKRZYSKIE,JOLANTA,KOBIETA,10
26,ŚWIĘTOKRZYSKIE,KRYSTYNA,KOBIETA,10
26,ŚWIĘTOKRZYSKIE,RÓŻA,KOBIETA,10
26,ŚWIĘTOKRZYSKIE,EWELINA,KOBIETA,9
26,ŚWIĘTOKRZYSKIE,FAUSTYNA,KOBIETA,9
26,ŚWIĘTOKRZYSKIE,IGA,KOBIETA,9
26,ŚWIĘTOKRZYSKIE,IRENA,KOBIETA,9
26,ŚWIĘTOKRZYSKIE,KAMILA,KOBIETA,9
26,ŚWIĘTOKRZYSKIE,NADIA,KOBIETA,9
26,ŚWIĘTOKRZYSKIE,DOMINIKA,KOBIETA,8
26,ŚWIĘTOKRZYSKIE,PATRYCJA,KOBIETA,8
26,ŚWIĘTOKRZYSKIE,ADRIANNA,KOBIETA,7
26,ŚWIĘTOKRZYSKIE,BOŻENA,KOBIETA,7
26,ŚWIĘTOKRZYSKIE,DARIA,KOBIETA,7
26,ŚWIĘTOKRZYSKIE,DOROTA,KOBIETA,7
26,ŚWIĘTOKRZYSKIE,EDYTA,KOBIETA,7
26,ŚWIĘTOKRZYSKIE,IWONA,KOBIETA,7
26,ŚWIĘTOKRZYSKIE,JANINA,KOBIETA,7
26,ŚWIĘTOKRZYSKIE,KINGA,KOBIETA,7
26,ŚWIĘTOKRZYSKIE,KLAUDIA,KOBIETA,7
26,ŚWIĘTOKRZYSKIE,LIDIA,KOBIETA,7
26,ŚWIĘTOKRZYSKIE,MILENA,KOBIETA,7
26,ŚWIĘTOKRZYSKIE,AGATA,KOBIETA,6
26,ŚWIĘTOKRZYSKIE,DANUTA,KOBIETA,6
26,ŚWIĘTOKRZYSKIE,ILONA,KOBIETA,6
26,ŚWIĘTOKRZYSKIE,JADWIGA,KOBIETA,6
26,ŚWIĘTOKRZYSKIE,SYLWIA,KOBIETA,6
26,ŚWIĘTOKRZYSKIE,AURELIA,KOBIETA,5
26,ŚWIĘTOKRZYSKIE,JUSTYNA,KOBIETA,5
26,ŚWIĘTOKRZYSKIE,KORNELIA,KOBIETA,5
26,ŚWIĘTOKRZYSKIE,MARTYNA,KOBIETA,5
26,ŚWIĘTOKRZYSKIE,NELA,KOBIETA,5
26,ŚWIĘTOKRZYSKIE,NIKOLA,KOBIETA,5
26,ŚWIĘTOKRZYSKIE,WANDA,KOBIETA,5
26,ŚWIĘTOKRZYSKIE,HALINA,KOBIETA,4
26,ŚWIĘTOKRZYSKIE,JÓZEFA,KOBIETA,4
26,ŚWIĘTOKRZYSKIE,KAJA,KOBIETA,4
26,ŚWIĘTOKRZYSKIE,LEOKADIA,KOBIETA,4
26,ŚWIĘTOKRZYSKIE,LILIANNA,KOBIETA,4
26,ŚWIĘTOKRZYSKIE,LIWIA,KOBIETA,4
26,ŚWIĘTOKRZYSKIE,MARZENA,KOBIETA,4
26,ŚWIĘTOKRZYSKIE,MIA,KOBIETA,4
26,ŚWIĘTOKRZYSKIE,BLANKA,KOBIETA,3
26,ŚWIĘTOKRZYSKIE,CECYLIA,KOBIETA,3
26,ŚWIĘTOKRZYSKIE,GRAŻYNA,KOBIETA,3
26,ŚWIĘTOKRZYSKIE,LEA,KOBIETA,3
26,ŚWIĘTOKRZYSKIE,LUIZA,KOBIETA,3
26,ŚWIĘTOKRZYSKIE,MARIE,KOBIETA,3
26,ŚWIĘTOKRZYSKIE,NADZIEJA,KOBIETA,3
26,ŚWIĘTOKRZYSKIE,ROKSANA,KOBIETA,3
26,ŚWIĘTOKRZYSKIE,ROZALIA,KOBIETA,3
26,ŚWIĘTOKRZYSKIE,SABINA,KOBIETA,3
26,ŚWIĘTOKRZYSKIE,STEFANIA,KOBIETA,3
26,ŚWIĘTOKRZYSKIE,ADA,KOBIETA,2
26,ŚWIĘTOKRZYSKIE,ADELA,KOBIETA,2
26,ŚWIĘTOKRZYSKIE,ALINA,KOBIETA,2
26,ŚWIĘTOKRZYSKIE,AMANDA,KOBIETA,2
26,ŚWIĘTOKRZYSKIE,ANGELIKA,KOBIETA,2
26,ŚWIĘTOKRZYSKIE,ANITA,KOBIETA,2
26,ŚWIĘTOKRZYSKIE,BEATA,KOBIETA,2
26,ŚWIĘTOKRZYSKIE,ELENA,KOBIETA,2
26,ŚWIĘTOKRZYSKIE,FRANCISZKA,KOBIETA,2
26,ŚWIĘTOKRZYSKIE,GAJA,KOBIETA,2
26,ŚWIĘTOKRZYSKIE,JUDYTA,KOBIETA,2
26,ŚWIĘTOKRZYSKIE,KALINA,KOBIETA,2
26,ŚWIĘTOKRZYSKIE,KONSTANCJA,KOBIETA,2
26,ŚWIĘTOKRZYSKIE,LILIA,KOBIETA,2
26,ŚWIĘTOKRZYSKIE,LUCYNA,KOBIETA,2
26,ŚWIĘTOKRZYSKIE,MALWINA,KOBIETA,2
26,ŚWIĘTOKRZYSKIE,MARIKA,KOBIETA,2
26,ŚWIĘTOKRZYSKIE,NINA,KOBIETA,2
26,ŚWIĘTOKRZYSKIE,OTYLIA,KOBIETA,2
26,ŚWIĘTOKRZYSKIE,RENATA,KOBIETA,2
26,ŚWIĘTOKRZYSKIE,SANDRA,KOBIETA,2
26,ŚWIĘTOKRZYSKIE,STANISŁAWA,KOBIETA,2
26,ŚWIĘTOKRZYSKIE,WALERIA,KOBIETA,2
26,ŚWIĘTOKRZYSKIE,WIESŁAWA,KOBIETA,2
26,ŚWIĘTOKRZYSKIE,WIOLETTA,KOBIETA,2
28,WARMIŃSKO-MAZURSKIE,MARIA,KOBIETA,81
28,WARMIŃSKO-MAZURSKIE,ANNA,KOBIETA,57
28,WARMIŃSKO-MAZURSKIE,ZOFIA,KOBIETA,35
28,WARMIŃSKO-MAZURSKIE,EWA,KOBIETA,25
28,WARMIŃSKO-MAZURSKIE,HELENA,KOBIETA,24
28,WARMIŃSKO-MAZURSKIE,MAŁGORZATA,KOBIETA,22
28,WARMIŃSKO-MAZURSKIE,ALICJA,KOBIETA,21
28,WARMIŃSKO-MAZURSKIE,BARBARA,KOBIETA,21
28,WARMIŃSKO-MAZURSKIE,MAGDALENA,KOBIETA,17
28,WARMIŃSKO-MAZURSKIE,ŁUCJA,KOBIETA,16
28,WARMIŃSKO-MAZURSKIE,WIKTORIA,KOBIETA,15
28,WARMIŃSKO-MAZURSKIE,JULIA,KOBIETA,14
28,WARMIŃSKO-MAZURSKIE,KATARZYNA,KOBIETA,14
28,WARMIŃSKO-MAZURSKIE,HANNA,KOBIETA,13
28,WARMIŃSKO-MAZURSKIE,JANINA,KOBIETA,13
28,WARMIŃSKO-MAZURSKIE,LAURA,KOBIETA,13
28,WARMIŃSKO-MAZURSKIE,MAJA,KOBIETA,13
28,WARMIŃSKO-MAZURSKIE,ALEKSANDRA,KOBIETA,12
28,WARMIŃSKO-MAZURSKIE,ANTONINA,KOBIETA,12
28,WARMIŃSKO-MAZURSKIE,JADWIGA,KOBIETA,12
28,WARMIŃSKO-MAZURSKIE,AGNIESZKA,KOBIETA,11
28,WARMIŃSKO-MAZURSKIE,KRYSTYNA,KOBIETA,11
28,WARMIŃSKO-MAZURSKIE,WERONIKA,KOBIETA,11
28,WARMIŃSKO-MAZURSKIE,ANASTAZJA,KOBIETA,10
28,WARMIŃSKO-MAZURSKIE,DANUTA,KOBIETA,10
28,WARMIŃSKO-MAZURSKIE,IRENA,KOBIETA,10
28,WARMIŃSKO-MAZURSKIE,TERESA,KOBIETA,10
28,WARMIŃSKO-MAZURSKIE,ZUZANNA,KOBIETA,10
28,WARMIŃSKO-MAZURSKIE,BOŻENA,KOBIETA,9
28,WARMIŃSKO-MAZURSKIE,DOROTA,KOBIETA,9
28,WARMIŃSKO-MAZURSKIE,ELŻBIETA,KOBIETA,9
28,WARMIŃSKO-MAZURSKIE,NATALIA,KOBIETA,9
28,WARMIŃSKO-MAZURSKIE,OLIWIA,KOBIETA,9
28,WARMIŃSKO-MAZURSKIE,RÓŻA,KOBIETA,9
28,WARMIŃSKO-MAZURSKIE,GABRIELA,KOBIETA,8
28,WARMIŃSKO-MAZURSKIE,AMELIA,KOBIETA,7
28,WARMIŃSKO-MAZURSKIE,ANIELA,KOBIETA,7
28,WARMIŃSKO-MAZURSKIE,JAGODA,KOBIETA,7
28,WARMIŃSKO-MAZURSKIE,JOANNA,KOBIETA,7
28,WARMIŃSKO-MAZURSKIE,KLARA,KOBIETA,7
28,WARMIŃSKO-MAZURSKIE,MARTA,KOBIETA,7
28,WARMIŃSKO-MAZURSKIE,PAULINA,KOBIETA,7
28,WARMIŃSKO-MAZURSKIE,AGATA,KOBIETA,6
28,WARMIŃSKO-MAZURSKIE,EMILIA,KOBIETA,6
28,WARMIŃSKO-MAZURSKIE,LILIANA,KOBIETA,6
28,WARMIŃSKO-MAZURSKIE,MARCELINA,KOBIETA,6
28,WARMIŃSKO-MAZURSKIE,MARIANNA,KOBIETA,6
28,WARMIŃSKO-MAZURSKIE,MIA,KOBIETA,6
28,WARMIŃSKO-MAZURSKIE,IWONA,KOBIETA,5
28,WARMIŃSKO-MAZURSKIE,JOLANTA,KOBIETA,5
28,WARMIŃSKO-MAZURSKIE,LENA,KOBIETA,5
28,WARMIŃSKO-MAZURSKIE,MICHALINA,KOBIETA,5
28,WARMIŃSKO-MAZURSKIE,RITA,KOBIETA,5
28,WARMIŃSKO-MAZURSKIE,SARA,KOBIETA,5
28,WARMIŃSKO-MAZURSKIE,WANDA,KOBIETA,5
28,WARMIŃSKO-MAZURSKIE,BEATA,KOBIETA,4
28,WARMIŃSKO-MAZURSKIE,DANIELA,KOBIETA,4
28,WARMIŃSKO-MAZURSKIE,FRANCISZKA,KOBIETA,4
28,WARMIŃSKO-MAZURSKIE,IGA,KOBIETA,4
28,WARMIŃSKO-MAZURSKIE,IZABELA,KOBIETA,4
28,WARMIŃSKO-MAZURSKIE,KAMILA,KOBIETA,4
28,WARMIŃSKO-MAZURSKIE,KINGA,KOBIETA,4
28,WARMIŃSKO-MAZURSKIE,LILIANNA,KOBIETA,4
28,WARMIŃSKO-MAZURSKIE,LIWIA,KOBIETA,4
28,WARMIŃSKO-MAZURSKIE,MONIKA,KOBIETA,4
28,WARMIŃSKO-MAZURSKIE,URSZULA,KOBIETA,4
28,WARMIŃSKO-MAZURSKIE,WIESŁAWA,KOBIETA,4
28,WARMIŃSKO-MAZURSKIE,WIOLETTA,KOBIETA,4
28,WARMIŃSKO-MAZURSKIE,ADELA,KOBIETA,3
28,WARMIŃSKO-MAZURSKIE,ALINA,KOBIETA,3
28,WARMIŃSKO-MAZURSKIE,BLANKA,KOBIETA,3
28,WARMIŃSKO-MAZURSKIE,DIANA,KOBIETA,3
28,WARMIŃSKO-MAZURSKIE,ELIZA,KOBIETA,3
28,WARMIŃSKO-MAZURSKIE,GAJA,KOBIETA,3
28,WARMIŃSKO-MAZURSKIE,HALINA,KOBIETA,3
28,WARMIŃSKO-MAZURSKIE,KAROLINA,KOBIETA,3
28,WARMIŃSKO-MAZURSKIE,KORNELIA,KOBIETA,3
28,WARMIŃSKO-MAZURSKIE,LEOKADIA,KOBIETA,3
28,WARMIŃSKO-MAZURSKIE,LIDIA,KOBIETA,3
28,WARMIŃSKO-MAZURSKIE,MARIOLA,KOBIETA,3
28,WARMIŃSKO-MAZURSKIE,MILENA,KOBIETA,3
28,WARMIŃSKO-MAZURSKIE,NADZIEJA,KOBIETA,3
28,WARMIŃSKO-MAZURSKIE,NINA,KOBIETA,3
28,WARMIŃSKO-MAZURSKIE,OLGA,KOBIETA,3
28,WARMIŃSKO-MAZURSKIE,OLIVIA,KOBIETA,3
28,WARMIŃSKO-MAZURSKIE,RENATA,KOBIETA,3
28,WARMIŃSKO-MAZURSKIE,SOFIA,KOBIETA,3
28,WARMIŃSKO-MAZURSKIE,STEFANIA,KOBIETA,3
28,WARMIŃSKO-MAZURSKIE,AURELIA,KOBIETA,2
28,WARMIŃSKO-MAZURSKIE,CECYLIA,KOBIETA,2
28,WARMIŃSKO-MAZURSKIE,DAGMARA,KOBIETA,2
28,WARMIŃSKO-MAZURSKIE,DARIA,KOBIETA,2
28,WARMIŃSKO-MAZURSKIE,DOMINIKA,KOBIETA,2
28,WARMIŃSKO-MAZURSKIE,EDYTA,KOBIETA,2
28,WARMIŃSKO-MAZURSKIE,EMMA,KOBIETA,2
28,WARMIŃSKO-MAZURSKIE,EWELINA,KOBIETA,2
28,WARMIŃSKO-MAZURSKIE,FAUSTYNA,KOBIETA,2
28,WARMIŃSKO-MAZURSKIE,INGA,KOBIETA,2
28,WARMIŃSKO-MAZURSKIE,INKA,KOBIETA,2
28,WARMIŃSKO-MAZURSKIE,IRMINA,KOBIETA,2
28,WARMIŃSKO-MAZURSKIE,JÓZEFINA,KOBIETA,2
28,WARMIŃSKO-MAZURSKIE,JUSTYNA,KOBIETA,2
28,WARMIŃSKO-MAZURSKIE,KAJA,KOBIETA,2
28,WARMIŃSKO-MAZURSKIE,KLAUDIA,KOBIETA,2
28,WARMIŃSKO-MAZURSKIE,LUCYNA,KOBIETA,2
28,WARMIŃSKO-MAZURSKIE,LUIZA,KOBIETA,2
28,WARMIŃSKO-MAZURSKIE,MARLENA,KOBIETA,2
28,WARMIŃSKO-MAZURSKIE,MARTYNA,KOBIETA,2
28,WARMIŃSKO-MAZURSKIE,MARZENA,KOBIETA,2
28,WARMIŃSKO-MAZURSKIE,MATYLDA,KOBIETA,2
28,WARMIŃSKO-MAZURSKIE,MELANIA,KOBIETA,2
28,WARMIŃSKO-MAZURSKIE,MELISA,KOBIETA,2
28,WARMIŃSKO-MAZURSKIE,NADIA,KOBIETA,2
28,WARMIŃSKO-MAZURSKIE,NEL,KOBIETA,2
28,WARMIŃSKO-MAZURSKIE,NIKOLA,KOBIETA,2
28,WARMIŃSKO-MAZURSKIE,NOEMI,KOBIETA,2
28,WARMIŃSKO-MAZURSKIE,OKSANA,KOBIETA,2
28,WARMIŃSKO-MAZURSKIE,OLIMPIA,KOBIETA,2
28,WARMIŃSKO-MAZURSKIE,POLA,KOBIETA,2
28,WARMIŃSKO-MAZURSKIE,REGINA,KOBIETA,2
28,WARMIŃSKO-MAZURSKIE,SABINA,KOBIETA,2
28,WARMIŃSKO-MAZURSKIE,SANDRA,KOBIETA,2
28,WARMIŃSKO-MAZURSKIE,STANISŁAWA,KOBIETA,2
28,WARMIŃSKO-MAZURSKIE,SYLWIA,KOBIETA,2
28,WARMIŃSKO-MAZURSKIE,ŻANETA,KOBIETA,2
30,WIELKOPOLSKIE,MARIA,KOBIETA,681
30,WIELKOPOLSKIE,ANNA,KOBIETA,366
30,WIELKOPOLSKIE,ZOFIA,KOBIETA,155
30,WIELKOPOLSKIE,HELENA,KOBIETA,113
30,WIELKOPOLSKIE,MAGDALENA,KOBIETA,113
30,WIELKOPOLSKIE,BARBARA,KOBIETA,90
30,WIELKOPOLSKIE,TERESA,KOBIETA,79
30,WIELKOPOLSKIE,EWA,KOBIETA,78
30,WIELKOPOLSKIE,JOANNA,KOBIETA,78
30,WIELKOPOLSKIE,MAŁGORZATA,KOBIETA,76
30,WIELKOPOLSKIE,KATARZYNA,KOBIETA,73
30,WIELKOPOLSKIE,WIKTORIA,KOBIETA,71
30,WIELKOPOLSKIE,ALEKSANDRA,KOBIETA,67
30,WIELKOPOLSKIE,WERONIKA,KOBIETA,61
30,WIELKOPOLSKIE,ŁUCJA,KOBIETA,58
30,WIELKOPOLSKIE,HANNA,KOBIETA,57
30,WIELKOPOLSKIE,JULIA,KOBIETA,57
30,WIELKOPOLSKIE,ELŻBIETA,KOBIETA,56
30,WIELKOPOLSKIE,MARTA,KOBIETA,55
30,WIELKOPOLSKIE,ZUZANNA,KOBIETA,54
30,WIELKOPOLSKIE,AGNIESZKA,KOBIETA,52
30,WIELKOPOLSKIE,KRYSTYNA,KOBIETA,52
30,WIELKOPOLSKIE,IRENA,KOBIETA,46
30,WIELKOPOLSKIE,JADWIGA,KOBIETA,46
30,WIELKOPOLSKIE,LAURA,KOBIETA,46
30,WIELKOPOLSKIE,MARIANNA,KOBIETA,46
30,WIELKOPOLSKIE,URSZULA,KOBIETA,42
30,WIELKOPOLSKIE,ANTONINA,KOBIETA,41
30,WIELKOPOLSKIE,EMILIA,KOBIETA,39
30,WIELKOPOLSKIE,ALICJA,KOBIETA,38
30,WIELKOPOLSKIE,MAJA,KOBIETA,38
30,WIELKOPOLSKIE,JANINA,KOBIETA,36
30,WIELKOPOLSKIE,GABRIELA,KOBIETA,34
30,WIELKOPOLSKIE,KLARA,KOBIETA,33
30,WIELKOPOLSKIE,MICHALINA,KOBIETA,33
30,WIELKOPOLSKIE,ANASTAZJA,KOBIETA,31
30,WIELKOPOLSKIE,KAROLINA,KOBIETA,31
30,WIELKOPOLSKIE,RITA,KOBIETA,31
30,WIELKOPOLSKIE,AGATA,KOBIETA,29
30,WIELKOPOLSKIE,DOROTA,KOBIETA,29
30,WIELKOPOLSKIE,MONIKA,KOBIETA,28
30,WIELKOPOLSKIE,HALINA,KOBIETA,27
30,WIELKOPOLSKIE,WANDA,KOBIETA,27
30,WIELKOPOLSKIE,ANIELA,KOBIETA,24
30,WIELKOPOLSKIE,OLIWIA,KOBIETA,23
30,WIELKOPOLSKIE,STEFANIA,KOBIETA,23
30,WIELKOPOLSKIE,AMELIA,KOBIETA,22
30,WIELKOPOLSKIE,DANUTA,KOBIETA,22
30,WIELKOPOLSKIE,BEATA,KOBIETA,21
30,WIELKOPOLSKIE,NATALIA,KOBIETA,21
30,WIELKOPOLSKIE,PAULINA,KOBIETA,21
30,WIELKOPOLSKIE,FAUSTYNA,KOBIETA,19
30,WIELKOPOLSKIE,IZABELA,KOBIETA,19
30,WIELKOPOLSKIE,ROZALIA,KOBIETA,19
30,WIELKOPOLSKIE,KINGA,KOBIETA,18
30,WIELKOPOLSKIE,KORNELIA,KOBIETA,18
30,WIELKOPOLSKIE,LENA,KOBIETA,18
30,WIELKOPOLSKIE,MARTYNA,KOBIETA,18
30,WIELKOPOLSKIE,RÓŻA,KOBIETA,18
30,WIELKOPOLSKIE,CECYLIA,KOBIETA,17
30,WIELKOPOLSKIE,DARIA,KOBIETA,17
30,WIELKOPOLSKIE,RENATA,KOBIETA,16
30,WIELKOPOLSKIE,DOMINIKA,KOBIETA,15
30,WIELKOPOLSKIE,REGINA,KOBIETA,15
30,WIELKOPOLSKIE,SYLWIA,KOBIETA,15
30,WIELKOPOLSKIE,POLA,KOBIETA,14
30,WIELKOPOLSKIE,BOGUMIŁA,KOBIETA,13
30,WIELKOPOLSKIE,IWONA,KOBIETA,13
30,WIELKOPOLSKIE,NADIA,KOBIETA,13
30,WIELKOPOLSKIE,FELICJA,KOBIETA,12
30,WIELKOPOLSKIE,IDA,KOBIETA,12
30,WIELKOPOLSKIE,IGA,KOBIETA,12
30,WIELKOPOLSKIE,KLAUDIA,KOBIETA,12
30,WIELKOPOLSKIE,LIDIA,KOBIETA,12
30,WIELKOPOLSKIE,MIA,KOBIETA,12
30,WIELKOPOLSKIE,PATRYCJA,KOBIETA,12
30,WIELKOPOLSKIE,STANISŁAWA,KOBIETA,12
30,WIELKOPOLSKIE,BOŻENA,KOBIETA,11
30,WIELKOPOLSKIE,FRANCISZKA,KOBIETA,11
30,WIELKOPOLSKIE,JOLANTA,KOBIETA,11
30,WIELKOPOLSKIE,MARCELINA,KOBIETA,11
30,WIELKOPOLSKIE,NINA,KOBIETA,11
30,WIELKOPOLSKIE,ADRIANNA,KOBIETA,10
30,WIELKOPOLSKIE,GAJA,KOBIETA,10
30,WIELKOPOLSKIE,GRAŻYNA,KOBIETA,10
30,WIELKOPOLSKIE,JAGODA,KOBIETA,10
30,WIELKOPOLSKIE,JUSTYNA,KOBIETA,10
30,WIELKOPOLSKIE,KAMILA,KOBIETA,10
30,WIELKOPOLSKIE,LILIANA,KOBIETA,10
30,WIELKOPOLSKIE,SARA,KOBIETA,10
30,WIELKOPOLSKIE,BLANKA,KOBIETA,9
30,WIELKOPOLSKIE,JÓZEFA,KOBIETA,9
30,WIELKOPOLSKIE,LILIANNA,KOBIETA,9
30,WIELKOPOLSKIE,ALINA,KOBIETA,8
30,WIELKOPOLSKIE,AURELIA,KOBIETA,8
30,WIELKOPOLSKIE,EWELINA,KOBIETA,8
30,WIELKOPOLSKIE,NIKOLA,KOBIETA,8
30,WIELKOPOLSKIE,APOLONIA,KOBIETA,7
30,WIELKOPOLSKIE,SOFIA,KOBIETA,7
30,WIELKOPOLSKIE,ANETA,KOBIETA,6
30,WIELKOPOLSKIE,ELIZA,KOBIETA,6
30,WIELKOPOLSKIE,JÓZEFINA,KOBIETA,6
30,WIELKOPOLSKIE,LEOKADIA,KOBIETA,6
30,WIELKOPOLSKIE,LUIZA,KOBIETA,6
30,WIELKOPOLSKIE,MARZENA,KOBIETA,6
30,WIELKOPOLSKIE,MATYLDA,KOBIETA,6
30,WIELKOPOLSKIE,MELANIA,KOBIETA,6
30,WIELKOPOLSKIE,MIROSŁAWA,KOBIETA,6
30,WIELKOPOLSKIE,OLGA,KOBIETA,6
30,WIELKOPOLSKIE,SABINA,KOBIETA,6
30,WIELKOPOLSKIE,WIESŁAWA,KOBIETA,6
30,WIELKOPOLSKIE,WŁADYSŁAWA,KOBIETA,6
30,WIELKOPOLSKIE,ZOJA,KOBIETA,6
30,WIELKOPOLSKIE,ARLETA,KOBIETA,5
30,WIELKOPOLSKIE,CELINA,KOBIETA,5
30,WIELKOPOLSKIE,DIANA,KOBIETA,5
30,WIELKOPOLSKIE,EDYTA,KOBIETA,5
30,WIELKOPOLSKIE,JULIANNA,KOBIETA,5
30,WIELKOPOLSKIE,KAZIMIERA,KOBIETA,5
30,WIELKOPOLSKIE,LUCYNA,KOBIETA,5
30,WIELKOPOLSKIE,ROKSANA,KOBIETA,5
30,WIELKOPOLSKIE,ADELA,KOBIETA,4
30,WIELKOPOLSKIE,CZESŁAWA,KOBIETA,4
30,WIELKOPOLSKIE,DANIELA,KOBIETA,4
30,WIELKOPOLSKIE,GENOWEFA,KOBIETA,4
30,WIELKOPOLSKIE,IZABELLA,KOBIETA,4
30,WIELKOPOLSKIE,KAJA,KOBIETA,4
30,WIELKOPOLSKIE,KONSTANCJA,KOBIETA,4
30,WIELKOPOLSKIE,MARIKA,KOBIETA,4
30,WIELKOPOLSKIE,MARIOLA,KOBIETA,4
30,WIELKOPOLSKIE,VIOLETTA,KOBIETA,4
30,WIELKOPOLSKIE,ANTONIA,KOBIETA,3
30,WIELKOPOLSKIE,AURORA,KOBIETA,3
30,WIELKOPOLSKIE,BALBINA,KOBIETA,3
30,WIELKOPOLSKIE,BERNADETA,KOBIETA,3
30,WIELKOPOLSKIE,BOGUSŁAWA,KOBIETA,3
30,WIELKOPOLSKIE,ELENA,KOBIETA,3
30,WIELKOPOLSKIE,ELEONORA,KOBIETA,3
30,WIELKOPOLSKIE,EMMA,KOBIETA,3
30,WIELKOPOLSKIE,GERTRUDA,KOBIETA,3
30,WIELKOPOLSKIE,JAGNA,KOBIETA,3
30,WIELKOPOLSKIE,MAGDA,KOBIETA,3
30,WIELKOPOLSKIE,MALWINA,KOBIETA,3
30,WIELKOPOLSKIE,NADZIEJA,KOBIETA,3
30,WIELKOPOLSKIE,PAULA,KOBIETA,3
30,WIELKOPOLSKIE,SANDRA,KOBIETA,3
30,WIELKOPOLSKIE,WALERIA,KOBIETA,3
30,WIELKOPOLSKIE,WIOLETA,KOBIETA,3
30,WIELKOPOLSKIE,WIOLETTA,KOBIETA,3
30,WIELKOPOLSKIE,ALDONA,KOBIETA,2
30,WIELKOPOLSKIE,ALEXANDRA,KOBIETA,2
30,WIELKOPOLSKIE,ANGELIKA,KOBIETA,2
30,WIELKOPOLSKIE,BIANKA,KOBIETA,2
30,WIELKOPOLSKIE,ELISABETH,KOBIETA,2
30,WIELKOPOLSKIE,ESTERA,KOBIETA,2
30,WIELKOPOLSKIE,FLORENTYNA,KOBIETA,2
30,WIELKOPOLSKIE,FREJA,KOBIETA,2
30,WIELKOPOLSKIE,GRACE,KOBIETA,2
30,WIELKOPOLSKIE,HIACYNTA,KOBIETA,2
30,WIELKOPOLSKIE,HONORATA,KOBIETA,2
30,WIELKOPOLSKIE,ILONA,KOBIETA,2
30,WIELKOPOLSKIE,INEZ,KOBIETA,2
30,WIELKOPOLSKIE,INGA,KOBIETA,2
30,WIELKOPOLSKIE,ISABELLA,KOBIETA,2
30,WIELKOPOLSKIE,LARISSA,KOBIETA,2
30,WIELKOPOLSKIE,LEA,KOBIETA,2
30,WIELKOPOLSKIE,LIA,KOBIETA,2
30,WIELKOPOLSKIE,LILA,KOBIETA,2
30,WIELKOPOLSKIE,LILIA,KOBIETA,2
30,WIELKOPOLSKIE,LIWIA,KOBIETA,2
30,WIELKOPOLSKIE,LUDMIŁA,KOBIETA,2
30,WIELKOPOLSKIE,LUDWIKA,KOBIETA,2
30,WIELKOPOLSKIE,MARLENA,KOBIETA,2
30,WIELKOPOLSKIE,MILENA,KOBIETA,2
30,WIELKOPOLSKIE,NELA,KOBIETA,2
30,WIELKOPOLSKIE,NICOLA,KOBIETA,2
30,WIELKOPOLSKIE,NOOR,KOBIETA,2
30,WIELKOPOLSKIE,PAOLA,KOBIETA,2
30,WIELKOPOLSKIE,PELAGIA,KOBIETA,2
30,WIELKOPOLSKIE,ROMA,KOBIETA,2
30,WIELKOPOLSKIE,SALOMEA,KOBIETA,2
30,WIELKOPOLSKIE,SONIA,KOBIETA,2
30,WIELKOPOLSKIE,SOPHIA,KOBIETA,2
30,WIELKOPOLSKIE,VANESSA,KOBIETA,2
30,WIELKOPOLSKIE,VICTORIA,KOBIETA,2
30,WIELKOPOLSKIE,WALENTYNA,KOBIETA,2
30,WIELKOPOLSKIE,ZDZISŁAWA,KOBIETA,2
32,ZACHODNIOPOMORSKIE,MARIA,KOBIETA,160
32,ZACHODNIOPOMORSKIE,ANNA,KOBIETA,133
32,ZACHODNIOPOMORSKIE,ZOFIA,KOBIETA,58
32,ZACHODNIOPOMORSKIE,BARBARA,KOBIETA,52
32,ZACHODNIOPOMORSKIE,EWA,KOBIETA,52
32,ZACHODNIOPOMORSKIE,MAGDALENA,KOBIETA,50
32,ZACHODNIOPOMORSKIE,KATARZYNA,KOBIETA,49
32,ZACHODNIOPOMORSKIE,ALEKSANDRA,KOBIETA,47
32,ZACHODNIOPOMORSKIE,JULIA,KOBIETA,44
32,ZACHODNIOPOMORSKIE,WIKTORIA,KOBIETA,40
32,ZACHODNIOPOMORSKIE,ALICJA,KOBIETA,37
32,ZACHODNIOPOMORSKIE,ELŻBIETA,KOBIETA,37
32,ZACHODNIOPOMORSKIE,HELENA,KOBIETA,37
32,ZACHODNIOPOMORSKIE,JOANNA,KOBIETA,37
32,ZACHODNIOPOMORSKIE,MAJA,KOBIETA,37
32,ZACHODNIOPOMORSKIE,MAŁGORZATA,KOBIETA,37
32,ZACHODNIOPOMORSKIE,ŁUCJA,KOBIETA,35
32,ZACHODNIOPOMORSKIE,NATALIA,KOBIETA,34
32,ZACHODNIOPOMORSKIE,AGNIESZKA,KOBIETA,30
32,ZACHODNIOPOMORSKIE,KRYSTYNA,KOBIETA,30
32,ZACHODNIOPOMORSKIE,LAURA,KOBIETA,28
32,ZACHODNIOPOMORSKIE,ANASTAZJA,KOBIETA,27
32,ZACHODNIOPOMORSKIE,HANNA,KOBIETA,27
32,ZACHODNIOPOMORSKIE,TERESA,KOBIETA,27
32,ZACHODNIOPOMORSKIE,ZUZANNA,KOBIETA,25
32,ZACHODNIOPOMORSKIE,MICHALINA,KOBIETA,23
32,ZACHODNIOPOMORSKIE,EMILIA,KOBIETA,22
32,ZACHODNIOPOMORSKIE,BEATA,KOBIETA,21
32,ZACHODNIOPOMORSKIE,JADWIGA,KOBIETA,21
32,ZACHODNIOPOMORSKIE,JANINA,KOBIETA,21
32,ZACHODNIOPOMORSKIE,WERONIKA,KOBIETA,20
32,ZACHODNIOPOMORSKIE,IZABELA,KOBIETA,19
32,ZACHODNIOPOMORSKIE,MARIANNA,KOBIETA,19
32,ZACHODNIOPOMORSKIE,MARTA,KOBIETA,19
32,ZACHODNIOPOMORSKIE,DANUTA,KOBIETA,18
32,ZACHODNIOPOMORSKIE,OLIWIA,KOBIETA,18
32,ZACHODNIOPOMORSKIE,RÓŻA,KOBIETA,18
32,ZACHODNIOPOMORSKIE,DOROTA,KOBIETA,17
32,ZACHODNIOPOMORSKIE,AMELIA,KOBIETA,16
32,ZACHODNIOPOMORSKIE,BOŻENA,KOBIETA,16
32,ZACHODNIOPOMORSKIE,IRENA,KOBIETA,16
32,ZACHODNIOPOMORSKIE,ANTONINA,KOBIETA,15
32,ZACHODNIOPOMORSKIE,KAMILA,KOBIETA,15
32,ZACHODNIOPOMORSKIE,KLARA,KOBIETA,14
32,ZACHODNIOPOMORSKIE,ANIELA,KOBIETA,13
32,ZACHODNIOPOMORSKIE,GABRIELA,KOBIETA,13
32,ZACHODNIOPOMORSKIE,KORNELIA,KOBIETA,13
32,ZACHODNIOPOMORSKIE,MARCELINA,KOBIETA,13
32,ZACHODNIOPOMORSKIE,PAULINA,KOBIETA,13
32,ZACHODNIOPOMORSKIE,WANDA,KOBIETA,13
32,ZACHODNIOPOMORSKIE,JOLANTA,KOBIETA,12
32,ZACHODNIOPOMORSKIE,KAROLINA,KOBIETA,12
32,ZACHODNIOPOMORSKIE,LENA,KOBIETA,12
32,ZACHODNIOPOMORSKIE,MONIKA,KOBIETA,12
32,ZACHODNIOPOMORSKIE,SYLWIA,KOBIETA,12
32,ZACHODNIOPOMORSKIE,AGATA,KOBIETA,11
32,ZACHODNIOPOMORSKIE,DARIA,KOBIETA,11
32,ZACHODNIOPOMORSKIE,HALINA,KOBIETA,11
32,ZACHODNIOPOMORSKIE,NADIA,KOBIETA,11
32,ZACHODNIOPOMORSKIE,NIKOLA,KOBIETA,11
32,ZACHODNIOPOMORSKIE,ROZALIA,KOBIETA,11
32,ZACHODNIOPOMORSKIE,URSZULA,KOBIETA,11
32,ZACHODNIOPOMORSKIE,IWONA,KOBIETA,10
32,ZACHODNIOPOMORSKIE,JAGODA,KOBIETA,10
32,ZACHODNIOPOMORSKIE,KLAUDIA,KOBIETA,10
32,ZACHODNIOPOMORSKIE,GRAŻYNA,KOBIETA,9
32,ZACHODNIOPOMORSKIE,KAJA,KOBIETA,9
32,ZACHODNIOPOMORSKIE,LIDIA,KOBIETA,9
32,ZACHODNIOPOMORSKIE,LUCYNA,KOBIETA,9
32,ZACHODNIOPOMORSKIE,MIA,KOBIETA,9
32,ZACHODNIOPOMORSKIE,STANISŁAWA,KOBIETA,9
32,ZACHODNIOPOMORSKIE,BLANKA,KOBIETA,8
32,ZACHODNIOPOMORSKIE,DOMINIKA,KOBIETA,8
32,ZACHODNIOPOMORSKIE,KALINA,KOBIETA,8
32,ZACHODNIOPOMORSKIE,LILIANA,KOBIETA,8
32,ZACHODNIOPOMORSKIE,MARIOLA,KOBIETA,8
32,ZACHODNIOPOMORSKIE,SARA,KOBIETA,8
32,ZACHODNIOPOMORSKIE,ADRIANNA,KOBIETA,7
32,ZACHODNIOPOMORSKIE,ANGELIKA,KOBIETA,7
32,ZACHODNIOPOMORSKIE,EDYTA,KOBIETA,7
32,ZACHODNIOPOMORSKIE,JÓZEFA,KOBIETA,7
32,ZACHODNIOPOMORSKIE,POLA,KOBIETA,7
32,ZACHODNIOPOMORSKIE,SABINA,KOBIETA,7
32,ZACHODNIOPOMORSKIE,SANDRA,KOBIETA,7
32,ZACHODNIOPOMORSKIE,SOFIA,KOBIETA,7
32,ZACHODNIOPOMORSKIE,STEFANIA,KOBIETA,7
32,ZACHODNIOPOMORSKIE,WIOLETTA,KOBIETA,7
32,ZACHODNIOPOMORSKIE,ADELA,KOBIETA,6
32,ZACHODNIOPOMORSKIE,JUSTYNA,KOBIETA,6
32,ZACHODNIOPOMORSKIE,LILIANNA,KOBIETA,6
32,ZACHODNIOPOMORSKIE,MARZENA,KOBIETA,6
32,ZACHODNIOPOMORSKIE,NINA,KOBIETA,6
32,ZACHODNIOPOMORSKIE,ALINA,KOBIETA,5
32,ZACHODNIOPOMORSKIE,CECYLIA,KOBIETA,5
32,ZACHODNIOPOMORSKIE,DIANA,KOBIETA,5
32,ZACHODNIOPOMORSKIE,ELIZA,KOBIETA,5
32,ZACHODNIOPOMORSKIE,EWELINA,KOBIETA,5
32,ZACHODNIOPOMORSKIE,FRANCISZKA,KOBIETA,5
32,ZACHODNIOPOMORSKIE,INGA,KOBIETA,5
32,ZACHODNIOPOMORSKIE,JÓZEFINA,KOBIETA,5
32,ZACHODNIOPOMORSKIE,LIWIA,KOBIETA,5
32,ZACHODNIOPOMORSKIE,MARTYNA,KOBIETA,5
32,ZACHODNIOPOMORSKIE,MILENA,KOBIETA,5
32,ZACHODNIOPOMORSKIE,NADZIEJA,KOBIETA,5
32,ZACHODNIOPOMORSKIE,NELA,KOBIETA,5
32,ZACHODNIOPOMORSKIE,PATRYCJA,KOBIETA,5
32,ZACHODNIOPOMORSKIE,ROKSANA,KOBIETA,5
32,ZACHODNIOPOMORSKIE,VICTORIA,KOBIETA,5
32,ZACHODNIOPOMORSKIE,BIANKA,KOBIETA,4
32,ZACHODNIOPOMORSKIE,GAJA,KOBIETA,4
32,ZACHODNIOPOMORSKIE,IGA,KOBIETA,4
32,ZACHODNIOPOMORSKIE,LEOKADIA,KOBIETA,4
32,ZACHODNIOPOMORSKIE,MATYLDA,KOBIETA,4
32,ZACHODNIOPOMORSKIE,MELISA,KOBIETA,4
32,ZACHODNIOPOMORSKIE,RENATA,KOBIETA,4
32,ZACHODNIOPOMORSKIE,WIESŁAWA,KOBIETA,4
32,ZACHODNIOPOMORSKIE,ANETA,KOBIETA,3
32,ZACHODNIOPOMORSKIE,AURELIA,KOBIETA,3
32,ZACHODNIOPOMORSKIE,CELINA,KOBIETA,3
32,ZACHODNIOPOMORSKIE,GRACJA,KOBIETA,3
32,ZACHODNIOPOMORSKIE,HONORATA,KOBIETA,3
32,ZACHODNIOPOMORSKIE,IDA,KOBIETA,3
32,ZACHODNIOPOMORSKIE,JAŚMINA,KOBIETA,3
32,ZACHODNIOPOMORSKIE,JUDYTA,KOBIETA,3
32,ZACHODNIOPOMORSKIE,KAZIMIERA,KOBIETA,3
32,ZACHODNIOPOMORSKIE,KINGA,KOBIETA,3
32,ZACHODNIOPOMORSKIE,KONSTANCJA,KOBIETA,3
32,ZACHODNIOPOMORSKIE,LUIZA,KOBIETA,3
32,ZACHODNIOPOMORSKIE,MARIE,KOBIETA,3
32,ZACHODNIOPOMORSKIE,MELANIA,KOBIETA,3
32,ZACHODNIOPOMORSKIE,MIROSŁAWA,KOBIETA,3
32,ZACHODNIOPOMORSKIE,RITA,KOBIETA,3
32,ZACHODNIOPOMORSKIE,ADA,KOBIETA,2
32,ZACHODNIOPOMORSKIE,APOLONIA,KOBIETA,2
32,ZACHODNIOPOMORSKIE,AURORA,KOBIETA,2
32,ZACHODNIOPOMORSKIE,BALBINA,KOBIETA,2
32,ZACHODNIOPOMORSKIE,BOGUMIŁA,KOBIETA,2
32,ZACHODNIOPOMORSKIE,BOGUSŁAWA,KOBIETA,2
32,ZACHODNIOPOMORSKIE,BRONISŁAWA,KOBIETA,2
32,ZACHODNIOPOMORSKIE,CZESŁAWA,KOBIETA,2
32,ZACHODNIOPOMORSKIE,EMMA,KOBIETA,2
32,ZACHODNIOPOMORSKIE,ESTERA,KOBIETA,2
32,ZACHODNIOPOMORSKIE,FAUSTYNA,KOBIETA,2
32,ZACHODNIOPOMORSKIE,FELICJA,KOBIETA,2
32,ZACHODNIOPOMORSKIE,HENRYKA,KOBIETA,2
32,ZACHODNIOPOMORSKIE,ILONA,KOBIETA,2
32,ZACHODNIOPOMORSKIE,JAGNA,KOBIETA,2
32,ZACHODNIOPOMORSKIE,JULIANNA,KOBIETA,2
32,ZACHODNIOPOMORSKIE,LILIA,KOBIETA,2
32,ZACHODNIOPOMORSKIE,MARIKA,KOBIETA,2
32,ZACHODNIOPOMORSKIE,OLGA,KOBIETA,2
32,ZACHODNIOPOMORSKIE,OLIVIA,KOBIETA,2
32,ZACHODNIOPOMORSKIE,REGINA,KOBIETA,2
32,ZACHODNIOPOMORSKIE,SOPHIE,KOBIETA,2
32,ZACHODNIOPOMORSKIE,TAMARA,KOBIETA,2
32,ZACHODNIOPOMORSKIE,TATIANA,KOBIETA,2
32,ZACHODNIOPOMORSKIE,VIKTORIA,KOBIETA,2
32,ZACHODNIOPOMORSKIE,VIVIEN,KOBIETA,2
32,ZACHODNIOPOMORSKIE,ZDZISŁAWA,KOBIETA,2
32,ZACHODNIOPOMORSKIE,ZOJA,KOBIETA,2
