IMIĘ_DRUGIE,PŁEĆ,LICZBA_WYSTĄPIEŃ
MARIA,KOBIETA,7432
ANNA,KOBIETA,5156
ZOFIA,KOBIETA,2406
MAGDALENA,KOBIETA,1625
HELENA,KOBIETA,1545
KATARZYNA,KOBIETA,1473
WIKTORIA,KOBIETA,1424
JULIA,KOBIETA,1372
ALEKSANDRA,KOBIETA,1314
BARBARA,KOBIETA,1295
MAŁGORZATA,KOBIETA,1237
EWA,KOBIETA,1232
ALICJA,KOBIETA,1152
ŁUCJA,KOBIETA,1103
WERONIKA,KOBIETA,935
JOANNA,KOBIETA,930
ZUZANNA,KOBIETA,914
ELŻBIETA,KOBIETA,906
TERESA,KOBIETA,879
AGNIESZKA,KOBIETA,869
EMILIA,KOBIETA,835
LAURA,KOBIETA,829
KAROLINA,KOBIETA,818
NATALIA,KOBIETA,806
HANNA,KOBIETA,751
KRYSTYNA,KOBIETA,740
ANTONINA,KOBIETA,735
MARTA,KOBIETA,714
MAJA,KOBIETA,697
OLIWIA,KOBIETA,690
JADWIGA,KOBIETA,649
MONIKA,KOBIETA,627
RITA,KOBIETA,624
KLARA,KOBIETA,576
ANASTAZJA,KOBIETA,557
JANINA,KOBIETA,535
RÓŻA,KOBIETA,535
MICHALINA,KOBIETA,514
AMELIA,KOBIETA,505
PAULINA,KOBIETA,501
IRENA,KOBIETA,479
MARIANNA,KOBIETA,477
GABRIELA,KOBIETA,476
DOROTA,KOBIETA,469
DANUTA,KOBIETA,458
LENA,KOBIETA,453
IZABELA,KOBIETA,440
URSZULA,KOBIETA,425
AGATA,KOBIETA,423
ANIELA,KOBIETA,422
BEATA,KOBIETA,371
KINGA,KOBIETA,362
DOMINIKA,KOBIETA,349
WANDA,KOBIETA,343
PATRYCJA,KOBIETA,337
MARCELINA,KOBIETA,306
JUSTYNA,KOBIETA,302
HALINA,KOBIETA,299
JOLANTA,KOBIETA,297
KLAUDIA,KOBIETA,294
JAGODA,KOBIETA,292
ROZALIA,KOBIETA,282
NADIA,KOBIETA,279
POLA,KOBIETA,274
SYLWIA,KOBIETA,272
KAMILA,KOBIETA,268
MARTYNA,KOBIETA,268
STEFANIA,KOBIETA,266
KORNELIA,KOBIETA,262
LIDIA,KOBIETA,261
IWONA,KOBIETA,260
FAUSTYNA,KOBIETA,246
BOŻENA,KOBIETA,239
IGA,KOBIETA,229
LILIANA,KOBIETA,224
STANISŁAWA,KOBIETA,211
EWELINA,KOBIETA,206
GRAŻYNA,KOBIETA,203
DARIA,KOBIETA,194
BLANKA,KOBIETA,192
SARA,KOBIETA,191
RENATA,KOBIETA,185
NIKOLA,KOBIETA,181
MILENA,KOBIETA,175
MIA,KOBIETA,174
AURELIA,KOBIETA,156
MATYLDA,KOBIETA,154
CECYLIA,KOBIETA,150
NINA,KOBIETA,145
JÓZEFA,KOBIETA,139
LILIANNA,KOBIETA,139
MARZENA,KOBIETA,134
SABINA,KOBIETA,131
ANETA,KOBIETA,130
EDYTA,KOBIETA,128
ELIZA,KOBIETA,126
LUCYNA,KOBIETA,126
ADRIANNA,KOBIETA,125
FRANCISZKA,KOBIETA,123
SANDRA,KOBIETA,118
JÓZEFINA,KOBIETA,116
OLGA,KOBIETA,116
ANGELIKA,KOBIETA,113
GAJA,KOBIETA,110
KAJA,KOBIETA,109
ALINA,KOBIETA,105
DIANA,KOBIETA,102
LIWIA,KOBIETA,98
MARIOLA,KOBIETA,90
NELA,KOBIETA,89
WIOLETTA,KOBIETA,85
LUIZA,KOBIETA,84
REGINA,KOBIETA,82
IDA,KOBIETA,80
LEOKADIA,KOBIETA,79
APOLONIA,KOBIETA,78
ILONA,KOBIETA,77
BOGUMIŁA,KOBIETA,75
FELICJA,KOBIETA,73
WIESŁAWA,KOBIETA,72
ADELA,KOBIETA,72
KONSTANCJA,KOBIETA,68
ROKSANA,KOBIETA,65
NADZIEJA,KOBIETA,65
MALWINA,KOBIETA,64
ESTERA,KOBIETA,64
LEA,KOBIETA,63
BIANKA,KOBIETA,62
DAGMARA,KOBIETA,62
KALINA,KOBIETA,62
CELINA,KOBIETA,62
KAZIMIERA,KOBIETA,61
JULIANNA,KOBIETA,58
MELANIA,KOBIETA,58
BERNADETA,KOBIETA,57
ELENA,KOBIETA,53
MARLENA,KOBIETA,53
EMMA,KOBIETA,50
VICTORIA,KOBIETA,49
CZESŁAWA,KOBIETA,49
MIROSŁAWA,KOBIETA,49
DANIELA,KOBIETA,47
WŁADYSŁAWA,KOBIETA,47
ANITA,KOBIETA,47
BOGUSŁAWA,KOBIETA,46
SOFIA,KOBIETA,45
JUDYTA,KOBIETA,44
AURORA,KOBIETA,43
IZABELLA,KOBIETA,41
ZOJA,KOBIETA,41
BRONISŁAWA,KOBIETA,41
INGA,KOBIETA,40
ELEONORA,KOBIETA,40
MARIKA,KOBIETA,39
GENOWEFA,KOBIETA,38
HONORATA,KOBIETA,38
PAULA,KOBIETA,37
GLORIA,KOBIETA,37
WALERIA,KOBIETA,36
BRYGIDA,KOBIETA,35
SONIA,KOBIETA,34
KARINA,KOBIETA,34
LILIA,KOBIETA,33
WIOLETA,KOBIETA,33
MAGDA,KOBIETA,32
OTYLIA,KOBIETA,32
ADA,KOBIETA,32
OLIVIA,KOBIETA,30
JULITA,KOBIETA,30
ŻANETA,KOBIETA,30
MALINA,KOBIETA,29
JAGNA,KOBIETA,28
LUNA,KOBIETA,28
JAŚMINA,KOBIETA,27
NOEMI,KOBIETA,27
NEL,KOBIETA,27
LILA,KOBIETA,26
HIACYNTA,KOBIETA,26
HENRYKA,KOBIETA,25
ROSE,KOBIETA,25
VIOLETTA,KOBIETA,24
MIRIAM,KOBIETA,23
JOWITA,KOBIETA,23
KLEMENTYNA,KOBIETA,23
LUDWIKA,KOBIETA,23
OKTAWIA,KOBIETA,22
AMANDA,KOBIETA,22
ROMA,KOBIETA,22
TAMARA,KOBIETA,22
INKA,KOBIETA,21
VANESSA,KOBIETA,21
NICOLA,KOBIETA,21
FLORENTYNA,KOBIETA,20
LARA,KOBIETA,20
EUGENIA,KOBIETA,20
STELLA,KOBIETA,19
ELIZABETH,KOBIETA,19
MARIE,KOBIETA,19
ADRIANA,KOBIETA,19
WALENTYNA,KOBIETA,19
LIVIA,KOBIETA,17
OLIMPIA,KOBIETA,17
ANDŻELIKA,KOBIETA,17
ERYKA,KOBIETA,16
ALDONA,KOBIETA,16
ANTONIA,KOBIETA,16
BERNADETTA,KOBIETA,16
DALIA,KOBIETA,15
ARLETA,KOBIETA,15
GERTRUDA,KOBIETA,15
ZDZISŁAWA,KOBIETA,15
SAMANTA,KOBIETA,14
SOPHIA,KOBIETA,14
MIRA,KOBIETA,14
VIKTORIA,KOBIETA,14
ADELAJDA,KOBIETA,13
ALEXANDRA,KOBIETA,13
ZYTA,KOBIETA,13
BALBINA,KOBIETA,13
SALOMEA,KOBIETA,13
ELWIRA,KOBIETA,13
MIECZYSŁAWA,KOBIETA,13
LUDMIŁA,KOBIETA,13
PELAGIA,KOBIETA,13
SOPHIE,KOBIETA,13
MELISA,KOBIETA,12
IDALIA,KOBIETA,12
INEZ,KOBIETA,12
NATASZA,KOBIETA,12
GRACJA,KOBIETA,11
CARMEN,KOBIETA,11
ALBINA,KOBIETA,11
TATIANA,KOBIETA,11
ZOE,KOBIETA,11
NICOLE,KOBIETA,11
MARIETTA,KOBIETA,10
-,KOBIETA,10
NAOMI,KOBIETA,10
MILA,KOBIETA,10
FILOMENA,KOBIETA,10
INES,KOBIETA,10
MARZANNA,KOBIETA,9
FLORA,KOBIETA,9
LARYSA,KOBIETA,9
MAYA,KOBIETA,9
DOBRAWA,KOBIETA,9
VALENTINA,KOBIETA,9
ROMANA,KOBIETA,9
ARIANA,KOBIETA,9
MERCEDES,KOBIETA,8
CIRILLA,KOBIETA,8
EVA,KOBIETA,8
GRACE,KOBIETA,8
ISABELLA,KOBIETA,8
MARCELA,KOBIETA,8
ANASTASIA,KOBIETA,8
TOLA,KOBIETA,8
AMALIA,KOBIETA,8
BOGNA,KOBIETA,8
KIRA,KOBIETA,8
JESSICA,KOBIETA,8
ZOSIA,KOBIETA,8
MARINA,KOBIETA,8
WANESSA,KOBIETA,7
ROSA,KOBIETA,7
OLA,KOBIETA,7
BELLA,KOBIETA,7
IRMINA,KOBIETA,7
ALICE,KOBIETA,7
BERENIKA,KOBIETA,7
ELISABETH,KOBIETA,7
LUKRECJA,KOBIETA,7
MARCJANNA,KOBIETA,7
JANA,KOBIETA,7
TEODORA,KOBIETA,7
LILI,KOBIETA,7
KSENIA,KOBIETA,7
LUCJA,KOBIETA,6
LIA,KOBIETA,6
TEODOZJA,KOBIETA,6
ISABEL,KOBIETA,6
OKSANA,KOBIETA,6
BOŻENNA,KOBIETA,6
LILLA,KOBIETA,6
MICHELLE,KOBIETA,6
KASANDRA,KOBIETA,6
AVA,KOBIETA,6
CHARLOTTE,KOBIETA,6
IZA,KOBIETA,6
RUT,KOBIETA,6
ŻYWIA,KOBIETA,6
PIA,KOBIETA,6
VIVIEN,KOBIETA,6
FELIKSA,KOBIETA,6
MANUELA,KOBIETA,6
HANIA,KOBIETA,5
OFELIA,KOBIETA,5
VIVIENNE,KOBIETA,5
HOPE,KOBIETA,5
MIŁOSŁAWA,KOBIETA,5
GRETA,KOBIETA,5
RACHELA,KOBIETA,5
DOBROCHNA,KOBIETA,5
NELLY,KOBIETA,5
DAJANA,KOBIETA,5
LAILA,KOBIETA,5
REBEKA,KOBIETA,5
EMANUELA,KOBIETA,5
ATENA,KOBIETA,5
SERAFINA,KOBIETA,5
ANGELA,KOBIETA,5
IRIS,KOBIETA,5
GEMMA,KOBIETA,5
FRIDA,KOBIETA,5
EMILY,KOBIETA,5
DONATA,KOBIETA,5
SŁAWA,KOBIETA,5
NICOL,KOBIETA,5
RAISA,KOBIETA,5
VERONIKA,KOBIETA,5
MICHAELA,KOBIETA,5
GIZELA,KOBIETA,5
KATALEJA,KOBIETA,5
MILANA,KOBIETA,5
LILY,KOBIETA,5
ZUZA,KOBIETA,5
GAIA,KOBIETA,5
MARIJA,KOBIETA,5
ALISA,KOBIETA,4
LILLY,KOBIETA,4
SELENA,KOBIETA,4
LISA,KOBIETA,4
WIRGINIA,KOBIETA,4
MIRELA,KOBIETA,4
ANGELINA,KOBIETA,4
MARIIA,KOBIETA,4
ANIKA,KOBIETA,4
RACHEL,KOBIETA,4
RADOSŁAWA,KOBIETA,4
JANE,KOBIETA,4
FREJA,KOBIETA,4
NIKOLETTA,KOBIETA,4
EUFEMIA,KOBIETA,4
CELESTYNA,KOBIETA,4
NAWOJKA,KOBIETA,4
SARAH,KOBIETA,4
NELIA,KOBIETA,4
MELODY,KOBIETA,4
ORIANA,KOBIETA,4
POLINA,KOBIETA,4
CATALEYA,KOBIETA,4
LOUISE,KOBIETA,4
TEKLA,KOBIETA,4
SŁAWOMIRA,KOBIETA,4
ZOYA,KOBIETA,4
CHANEL,KOBIETA,4
KLAUDYNA,KOBIETA,4
ELISA,KOBIETA,4
VERA,KOBIETA,4
GABRIELLA,KOBIETA,4
KAUR,KOBIETA,4
LEJLA,KOBIETA,4
ERIKA,KOBIETA,4
DOBROSŁAWA,KOBIETA,4
LETYCJA,KOBIETA,4
LEIA,KOBIETA,4
MARZENNA,KOBIETA,4
KORA,KOBIETA,4
HILDEGARDA,KOBIETA,4
KAMILLA,KOBIETA,4
BIANCA,KOBIETA,3
JANKA,KOBIETA,3
ALFREDA,KOBIETA,3
MARGARET,KOBIETA,3
MIKA,KOBIETA,3
CYNTIA,KOBIETA,3
ALIA,KOBIETA,3
JOSEPHINE,KOBIETA,3
PATRICIA,KOBIETA,3
MARIETA,KOBIETA,3
FRANCESCA,KOBIETA,3
ABIGAIL,KOBIETA,3
ROMUALDA,KOBIETA,3
NOELIA,KOBIETA,3
CHIARA,KOBIETA,3
KIM,KOBIETA,3
ZENONA,KOBIETA,3
MIJA,KOBIETA,3
CHLOE,KOBIETA,3
FREYJA,KOBIETA,3
AMINA,KOBIETA,3
MAKSYMILIANA,KOBIETA,3
MAJKA,KOBIETA,3
ANETTA,KOBIETA,3
TEOFILA,KOBIETA,3
MAY,KOBIETA,3
RAFKA,KOBIETA,3
NASTIA,KOBIETA,3
KRISTINA,KOBIETA,3
MELISSA,KOBIETA,3
RUTH,KOBIETA,3
DOBROMIŁA,KOBIETA,3
RUTA,KOBIETA,3
VIVIANA,KOBIETA,3
ELA,KOBIETA,3
LARISSA,KOBIETA,3
EULALIA,KOBIETA,3
LOTTA,KOBIETA,3
NIKOL,KOBIETA,3
GERDA,KOBIETA,3
DOMICELA,KOBIETA,3
SOFIJA,KOBIETA,3
AUGUSTYNA,KOBIETA,3
CLAUDIA,KOBIETA,3
MIRABELLA,KOBIETA,3
ANA,KOBIETA,3
ANNE,KOBIETA,3
RADOCHNA,KOBIETA,3
ALICIA,KOBIETA,3
ERNA,KOBIETA,3
ESTELLE,KOBIETA,3
LILLI,KOBIETA,3
LEILA,KOBIETA,3
IRENE,KOBIETA,2
HATICE,KOBIETA,2
AICHA,KOBIETA,2
IWETTA,KOBIETA,2
LILLIANA,KOBIETA,2
WIWIEN,KOBIETA,2
TIANA,KOBIETA,2
ANDROMEDA,KOBIETA,2
CLEO,KOBIETA,2
ELZBIETA,KOBIETA,2
CAROLINA,KOBIETA,2
MAŁGORZTA,KOBIETA,2
JASMINA,KOBIETA,2
LUISA,KOBIETA,2
ELENI,KOBIETA,2
GIULIA,KOBIETA,2
CYRYLA,KOBIETA,2
FATIMA,KOBIETA,2
JOAN,KOBIETA,2
KONSTANTYNA,KOBIETA,2
ADELINA,KOBIETA,2
NOOR,KOBIETA,2
MIŁKA,KOBIETA,2
FELICYTA,KOBIETA,2
HANNAH,KOBIETA,2
YASMIN,KOBIETA,2
CHRISTINE,KOBIETA,2
RANA,KOBIETA,2
KARLA,KOBIETA,2
ESTHER,KOBIETA,2
ALONA,KOBIETA,2
LIGIA,KOBIETA,2
ARYA,KOBIETA,2
TARA,KOBIETA,2
CAROLINE,KOBIETA,2
CORNELIA,KOBIETA,2
MIRELLA,KOBIETA,2
ANN,KOBIETA,2
KRZYSZTOFA,KOBIETA,2
IGNACJA,KOBIETA,2
KUNEGUNDA,KOBIETA,2
REBECCA,KOBIETA,2
AIDA,KOBIETA,2
LATIKA,KOBIETA,2
ŻAKLINA,KOBIETA,2
ALLEGRA,KOBIETA,2
MARTINA,KOBIETA,2
CHELSEA,KOBIETA,2
FLORIANNA,KOBIETA,2
ROSALIE,KOBIETA,2
SIGRID,KOBIETA,2
NADJA,KOBIETA,2
KRYSTIANA,KOBIETA,2
RAMONA,KOBIETA,2
ELFRYDA,KOBIETA,2
FLORIA,KOBIETA,2
MARY,KOBIETA,2
RONJA,KOBIETA,2
SKY,KOBIETA,2
CARMELA,KOBIETA,2
MALIKA,KOBIETA,2
FORTUNATA,KOBIETA,2
FABIOLA,KOBIETA,2
INNA,KOBIETA,2
BLANCA,KOBIETA,2
ADELE,KOBIETA,2
MARI,KOBIETA,2
SYBIL,KOBIETA,2
FLORENCJA,KOBIETA,2
FAYE,KOBIETA,2
KORNELA,KOBIETA,2
ELLA,KOBIETA,2
ISABELLE,KOBIETA,2
MARITA,KOBIETA,2
HANA,KOBIETA,2
MATHILDA,KOBIETA,2
INA,KOBIETA,2
CHLOÉ,KOBIETA,2
EDITH,KOBIETA,2
BLANDYNA,KOBIETA,2
MATILDA,KOBIETA,2
KATE,KOBIETA,2
WALESKA,KOBIETA,2
ANDREEA,KOBIETA,2
MELODIA,KOBIETA,2
GRACJANA,KOBIETA,2
PAOLA,KOBIETA,2
IZYDA,KOBIETA,2
SYLWESTRA,KOBIETA,2
PAMELA,KOBIETA,2
PALOMA,KOBIETA,2
ELLIE,KOBIETA,2
BERNARDA,KOBIETA,2
KAREN,KOBIETA,2
ADAEZE,KOBIETA,2
DAISY,KOBIETA,2
AISHA,KOBIETA,2
LEONA,KOBIETA,2
DŻESIKA,KOBIETA,2
MELANIE,KOBIETA,2
MAE,KOBIETA,2
KIARA,KOBIETA,2
LEONORA,KOBIETA,2
DEBORA,KOBIETA,2
NORA,KOBIETA,2
KONWALIA,KOBIETA,2
WACŁAWA,KOBIETA,2
MIYA,KOBIETA,2
CHRISTINA,KOBIETA,2
MERYEM,KOBIETA,2
ALISON,KOBIETA,2
EMILA,KOBIETA,2
RYSZARDA,KOBIETA,2
NOA,KOBIETA,2
FRANCZESKA,KOBIETA,2
CHIOMA,KOBIETA,2
KARMEN,KOBIETA,2
ARIADNA,KOBIETA,2
HALSZKA,KOBIETA,2
AMIRA,KOBIETA,2
AFRODYTA,KOBIETA,2
SYLWANA,KOBIETA,2
KATRINA,KOBIETA,2
ALA,KOBIETA,2
ZELIA,KOBIETA,2
LAYLA,KOBIETA,2
INGRID,KOBIETA,2
MARYLA,KOBIETA,2
ISMENA,KOBIETA,2
ZARA,KOBIETA,2
JAGIENKA,KOBIETA,2
RAFAELA,KOBIETA,2
YUNA,KOBIETA,2
MIROSLAWA,KOBIETA,2
ZUZIA,KOBIETA,2
ASTRID,KOBIETA,2
FELICIA,KOBIETA,2
LEAH,KOBIETA,2
TINA,KOBIETA,2
EMANUELLA,KOBIETA,2
AUGUSTA,KOBIETA,2
ODETTE,KOBIETA,2
ELZA,KOBIETA,2
ALIYA,KOBIETA,2
ELIANA,KOBIETA,2
MIŁA,KOBIETA,2
JASMIN,KOBIETA,2
ZINA,KOBIETA,2
,,
,,
,,
,,
,,
,,
,,
,,
,,
,,
,,
,,
,,
,,
,,
,,
,,
,,
,,
,,
,,
,,
,,
,,
,,
,,
,,
,,
,,
,,
,,
,,
,,
,,
,,
,,
,,
,,
,,
,,
,,
,,
,,
,,
,,
,,
,,
,,
,,
,,
,,
,,
,,
,,
,,
,,
,,
,,
,,
,,
,,
,,
,,
,,
,,
,,
,,
,,
,,
,,
,,
,,
,,
,,
,,
,,
,,
,,
,,
,,
,,
,,
,,
,,
,,
,,
,,
,,
,,
,,
,,
,,
,,
,,
,,
,,
,,
,,
,,
,,
,,
,,
,,
,,
,,
,,
,,
,,
,,
,,
,,
,,
,,
,,
,,
,,
,,
,,
,,
,,
,,
,,
,,
,,
,,
,,
,,
,,
,,
,,
,,
,,
,,
,,
,,
,,
,,
,,
,,
,,
,,
,,
,,
,,
,,
,,
,,
,,
,,
,,
,,
,,
,,
,,
,,
,,
,,
,,
,,
,,
,,
,,
,,
,,
,,
,,
,,
,,
,,
,,
,,
,,
,,
,,
,,
,,
,,
,,
,,
,,
,,
,,
,,
,,
,,
,,
,,
,,
,,
,,
,,
,,
,,
,,
,,
,,
,,
,,
,,
,,
,,
,,
,,
,,
,,
,,
,,
,,
,,
,,
,,
,,
,,
,,
,,
,,
,,
,,
,,
,,
,,
,,
,,
,,
,,
,,
,,
,,
,,
,,
,,
,,
,,
,,
,,
,,
,,
,,
,,
,,
,,
,,
,,
,,
,,
,,
,,
,,
,,
,,
,,
,,
,,
,,
,,
,,
,,
,,
,,
,,
,,
,,
,,
,,
,,
,,
,,
,,
,,
,,
,,
,,
,,
,,
,,
,,
,,
,,
,,
,,
,,
,,
,,
,,
,,
,,
,,
,,
,,
,,
,,
,,
,,
,,
,,
,,
,,
,,
,,
,,
,,
,,
,,
,,
,,
,,
,,
,,
,,
,,
,,
,,
,,
,,
,,
,,
,,
,,
,,
,,
,,
,,
,,
,,
,,
,,
,,
,,
,,
,,
,,
,,
,,
,,
,,
,,
,,
,,
,,
,,
,,
,,
,,
,,
,,
,,
,,
,,
,,
,,
,,
,,
,,
,,
,,
,,
,,
,,
,,
,,
,,
,,
,,
,,
,,
,,
,,
,,
,,
,,
,,
,,
,,
,,
,,
,,
,,
,,
,,
,,
,,
,,
,,
,,
,,
,,
,,
,,
,,
,,
,,
,,
,,
,,
,,
,,
,,
,,
,,
,,
,,
,,
,,
,,
,,
,,
,,
,,
,,
,,
,,
,,
,,
,,
,,
,,
,,
,,
,,
,,
,,
,,
,,
,,
,,
,,
,,
,,
,,
,,
,,
,,
,,
,,
,,
,,
,,
,,
,,
,,
,,
,,
,,
,,
,,
,,
,,
,,
,,
,,
,,
,,
,,
,,
,,
,,
,,
,,
,,
,,
,,
,,
,,
,,
,,
,,
,,
,,
,,
,,
,,
,,
,,
,,
,,
,,
,,
,,
,,
,,
,,
,,
,,
,,
,,
,,
,,
,,
,,
,,
,,
,,
,,
,,
,,
,,
,,
,,
,,
,,
,,
,,
,,
,,
,,
,,
,,
,,
,,
,,
,,
,,
,,
,,
,,
,,
,,
,,
,,
,,
,,
,,
,,
,,
,,
,,
,,
,,
,,
,,
,,
,,
,,
,,
,,
,,
,,
,,
,,
,,
,,
,,
,,
,,
,,
,,
,,
,,
,,
,,
,,
,,
,,
,,
,,
,,
,,
,,
,,
,,
,,
,,
,,
,,
,,
,,
,,
,,
,,
,,
,,
,,
,,
,,
,,
,,
,,
,,
,,
,,
,,
,,
,,
,,
,,
,,
,,
,,
,,
,,
,,
,,
,,
,,
,,
,,
,,
,,
,,
,,
,,
,,
,,
,,
,,
,,
,,
,,
,,
,,
,,
,,
,,
,,
,,
,,
,,
,,
,,
,,
,,
,,
,,
,,
,,
,,
,,
,,
,,
,,
,,
,,
,,
,,
,,
,,
,,
,,
,,
,,
,,
,,
,,
,,
,,
,,
,,
,,
,,
,,
,,
,,
,,
,,
,,
,,
,,
,,
,,
,,
,,
,,
,,
,,
,,
,,
,,
,,
,,
,,
,,
,,
,,
,,
,,
,,
,,
,,
,,
,,
,,
,,
,,
,,
,,
,,
,,
,,
,,
,,
,,
,,
,,
,,
,,
,,
,,
,,
,,
,,
,,
,,
,,
,,
,,
,,
,,
,,
,,
,,
,,
,,
,,
,,
,,
,,
,,
,,
,,
,,
,,
,,
,,
,,
,,
,,
,,
,,
,,
,,
,,
,,
,,
,,
,,
,,
,,
,,
,,
,,
,,
,,
,,
,,
,,
,,
,,
,,
,,
,,
,,
,,
,,
,,
,,
,,
,,
,,
,,
,,
,,
,,
,,
,,
,,
,,
,,
,,
,,
,,
,,
,,
,,
,,
,,
,,
,,
,,
,,
,,
,,
,,
,,
,,
,,
,,
,,
,,
,,
,,
,,
,,
,,
,,
,,
,,
,,
,,
,,
,,
,,
,,
,,
,,
,,
,,
,,
,,
,,
,,
,,
,,
,,
,,
,,
,,
,,
,,
,,
,,
,,
,,
,,
,,
,,
,,
,,
,,
,,
,,
,,
,,
,,
,,
,,
,,
,,
,,
,,
,,
,,
,,
,,
,,
,,
,,
,,
,,
,,
,,
,,
,,
,,
,,
,,
,,
,,
,,
,,
,,
,,
,,
,,
,,
,,
,,
,,
,,
,,
,,
,,
,,
,,
,,
,,
,,
,,
,,
,,
,,
,,
,,
,,
,,
,,
,,
,,
,,
,,
,,
,,
,,
,,
,,
,,
,,
,,
,,
,,
,,
,,
,,
,,
,,
,,
,,
,,
,,
,,
,,
,,
,,
,,
,,
,,
,,
,,
,,
,,
,,
,,
,,
,,
,,
,,
,,
,,
,,
,,
,,
,,
,,
,,
,,
,,
,,
,,
,,
,,
,,
,,
,,
,,
,,
,,
,,
,,
,,
,,
,,
,,
,,
,,
,,
,,
,,
,,
,,
,,
,,
,,
,,
,,
,,
,,
,,
,,
,,
,,
,,
,,
,,
,,
,,
,,
,,
,,
,,
,,
,,
,,
,,
,,
,,
,,
,,
,,
,,
,,
,,
,,
,,
,,
,,
,,
,,
,,
,,
,,
,,
,,
,,
,,
,,
,,
,,
,,
,,
,,
,,
,,
,,
,,
,,
,,
,,
,,
,,
,,
,,
,,
,,
,,
,,
,,
,,
,,
,,
,,
,,
,,
,,
,,
,,
,,
,,
,,
,,
,,
,,
,,
,,
,,
,,
,,
,,
,,
,,
,,
,,
,,
,,
,,
,,
,,
,,
,,
,,
,,
,,
,,
,,
,,
,,
,,
,,
,,
,,
,,
,,
,,
,,
,,
,,
,,
,,
,,
,,
,,
,,
,,
,,
,,
,,
,,
,,
,,
,,
,,
,,
,,
,,
,,
,,
,,
,,
,,
,,
,,
,,
,,
,,
,,
,,
,,
,,
,,
,,
,,
,,
,,
,,
,,
,,
,,
,,
,,
,,
,,
,,
,,
,,
,,
,,
,,
,,
,,
,,
,,
,,
,,
,,
,,
,,
,,
,,
,,
,,
,,
,,
,,
,,
,,
,,
,,
,,
,,
,,
,,
,,
,,
,,
,,
,,
,,
,,
,,
,,
,,
,,
,,
,,
,,
,,
,,
,,
,,
,,
,,
,,
,,
,,
,,
,,
,,
,,
,,
,,
,,
,,
,,
,,
,,
,,
,,
,,
,,
,,
,,
,,
,,
,,
,,
,,
,,
,,
,,
,,
,,
,,
,,
,,
,,
,,
,,
,,
,,
,,
,,
,,
,,
,,
,,
,,
,,
,,
,,
,,
,,
,,
,,
,,
,,
,,
,,
,,
,,
,,
,,
,,
,,
,,
,,
,,
,,
,,
,,
,,
,,
,,
,,
,,
,,
,,
,,
,,
,,
,,
,,
,,
,,
,,
,,
,,
,,
,,
,,
,,
,,
,,
,,
,,
,,
,,
,,
,,
,,
,,
,,
,,
,,
,,
,,
,,
,,
,,
,,
,,
,,
,,
,,
,,
,,
,,
,,
,,
,,
,,
,,
,,
,,
,,
,,
,,
,,
,,
,,
,,
,,
,,
,,
,,
,,
,,
,,
,,
,,
,,
,,
,,
,,
,,
,,
,,
,,
,,
,,
,,
,,
,,
,,
,,
,,
,,
,,
,,
,,
,,
,,
,,
,,
,,
,,
,,
,,
,,
,,
,,
,,
,,
,,
,,
,,
,,
,,
,,
,,
,,
,,
,,
,,
,,
,,
,,
,,
,,
,,
,,
,,
,,
,,
,,
,,
,,
,,
,,
,,
,,
,,
,,
,,
,,
,,
,,
,,
,,
,,
,,
,,
,,
,,
,,
,,
,,
,,
,,
,,
,,
,,
,,
,,
,,
,,
,,
,,
,,
,,
,,
,,
,,
,,
,,
,,
,,
,,
,,
,,
,,
,,
,,
,,
,,
,,
,,
,,
,,
,,
,,
,,
,,
,,
,,
,,
,,
,,
,,
,,
,,
,,
,,
,,
,,
,,
,,
,,
,,
,,
,,
,,
,,
,,
,,
,,
,,
,,
,,
,,
,,
,,
,,
,,
,,
,,
,,
,,
,,
,,
,,
,,
,,
,,
,,
,,
,,
,,
,,
,,
,,
,,
,,
,,
,,
,,
,,
,,
,,
,,
,,
,,
,,
,,
,,
,,
,,
,,
,,
,,
,,
,,
,,
,,
,,
,,
,,
,,
,,
,,
,,
,,
,,
,,
,,
,,
,,
,,
,,
,,
,,
,,
,,
,,
,,
,,
,,
,,
,,
,,
,,
,,
,,
,,
,,
,,
,,
,,
,,
,,
,,
,,
,,
,,
,,
,,
,,
,,
,,
,,
,,
,,
,,
,,
,,
,,
,,
,,
,,
,,
,,
,,
,,
,,
,,
,,
,,
,,
,,
,,
,,
,,
,,
,,
,,
,,
,,
,,
,,
,,
,,
,,
,,
,,
,,
,,
,,
,,
,,
,,
,,
,,
,,
,,
,,
,,
,,
,,
,,
,,
,,
,,
,,
,,
,,
,,
,,
,,
,,
,,
,,
,,
,,
,,
,,
,,
,,
,,
,,
,,
,,
,,
,,
,,
,,
,,
,,
,,
,,
,,
,,
,,
,,
,,
,,
,,
,,
,,
,,
,,
,,
,,
,,
,,
,,
,,
,,
,,
,,
,,
,,
,,
,,
,,
,,
,,
,,
,,
,,
,,
,,
,,
,,
,,
,,
,,
,,
,,
,,
,,
,,
,,
,,
,,
,,
,,
,,
,,
,,
,,
,,
,,
,,
,,
,,
,,
,,
,,
,,
,,
,,
,,
,,
,,
,,
,,
,,
,,
,,
,,
,,
,,
,,
,,
,,
,,
,,
,,
,,
,,
,,
,,
,,
,,
,,
,,
,,
,,
,,
,,
,,
,,
,,
,,
,,
,,
,,
,,
,,
,,
,,
,,
,,
,,
,,
,,
,,
,,
,,
,,
,,
,,
,,
,,
,,
,,
,,
,,
,,
,,
,,
,,
,,
,,
,,
,,
,,
,,
,,
,,
,,
,,
,,
,,
,,
,,
,,
,,
,,
,,
,,
,,
,,
,,
,,
,,
,,
,,
,,
,,
,,
,,
,,
,,
,,
,,
,,
,,
,,
,,
,,
,,
,,
,,
,,
,,
,,
,,
,,
,,
,,
,,
,,
,,
,,
,,
,,
,,
,,
,,
,,
,,
,,
,,
,,
,,
,,
,,
,,
,,
,,
,,
,,
,,
,,
,,
,,
,,
,,
,,
,,
,,
,,
,,
,,
,,
,,
,,
,,
,,
,,
,,
,,
,,
,,
,,
,,
,,
,,
,,
,,
,,
,,
,,
,,
,,
,,
,,
,,
,,
,,
,,
,,
,,
,,
,,
,,
,,
,,
,,
,,
,,
,,
,,
,,
,,
,,
,,
,,
,,
,,
,,
,,
,,
,,
,,
,,
,,
,,
,,
,,
,,
,,
,,
,,
,,
,,
,,
,,
,,
,,
,,
,,
,,
,,
,,
,,
,,
,,
,,
,,
,,
,,
,,
,,
,,
,,
,,
,,
,,
,,
,,
,,
,,
,,
,,
,,
,,
,,
,,
,,
,,
,,
,,
,,
,,
,,
,,
,,
,,
,,
,,
,,
,,
,,
,,
,,
,,
,,
,,
,,
,,
,,
,,
,,
,,
,,
,,
,,
,,
,,
,,
,,
,,
,,
,,
,,
,,
,,
,,
,,
,,
,,
,,
,,
,,
,,
,,
,,
,,
,,
,,
,,
,,
,,
,,
,,
,,
,,
,,
,,
,,
,,
,,
,,
,,
,,
,,
,,
,,
,,
,,
,,
,,
,,
,,
,,
,,
,,
,,
,,
,,
,,
,,
,,
,,
,,
,,
,,
,,
,,
,,
,,
,,
,,
,,
,,
,,
,,
,,
,,
,,
,,
,,
,,
,,
,,
,,
,,
,,
,,
,,
,,
,,
,,
,,
,,
,,
,,
,,
,,
,,
,,
,,
,,
,,
,,
,,
,,
,,
,,
,,
,,
,,
,,
,,
,,
,,
,,
,,
,,
,,
,,
,,
,,
,,
,,
,,
,,
,,
,,
,,
,,
,,
,,
,,
,,
,,
,,
,,
,,
,,
,,
,,
,,
,,
,,
,,
,,
,,
,,
,,
,,
,,
,,
,,
,,
,,
,,
,,
,,
,,
,,
,,
,,
,,
,,
,,
,,
,,
,,
,,
,,
,,
,,
,,
,,
,,
,,
,,
,,
,,
,,
,,
,,
,,
,,
,,
,,
,,
,,
,,
,,
,,
,,
,,
,,
,,
,,
,,
,,
,,
,,
,,
,,
,,
,,
,,
,,
,,
,,
,,
,,
,,
,,
,,
,,
,,
,,
,,
,,
,,
,,
,,
,,
,,
,,
,,
,,
,,
,,
,,
,,
,,
,,
,,
,,
,,
,,
,,
,,
,,
,,
,,
,,
,,
,,
,,
,,
,,
,,
,,
,,
,,
,,
,,
,,
,,
,,
,,
,,
,,
,,
,,
,,
,,
,,
,,
,,
,,
,,
,,
,,
,,
,,
,,
,,
,,
,,
,,
,,
,,
,,
,,
,,
,,
,,
,,
,,
,,
,,
,,
,,
,,
,,
,,
,,
,,
,,
,,
,,
,,
,,
,,
,,
,,
,,
,,
,,
,,
,,
,,
,,
,,
,,
,,
,,
,,
,,
,,
,,
,,
,,
,,
,,
,,
,,
,,
,,
,,
,,
,,
,,
,,
,,
,,
,,
,,
,,
,,
,,
,,
,,
,,
,,
,,
,,
,,
,,
,,
,,
,,
,,
,,
,,
,,
,,
,,
,,
,,
,,
,,
,,
,,
,,
,,
,,
,,
,,
,,
,,
,,
,,
,,
,,
,,
,,
,,
,,
,,
,,
,,
,,
,,
,,
,,
,,
,,
,,
,,
,,
,,
,,
,,
,,
,,
,,
,,
,,
,,
,,
,,
,,
,,
,,
,,
,,
,,
,,
,,
,,
,,
,,
,,
,,
,,
,,
,,
,,
,,
,,
,,
,,
,,
,,
,,
,,
,,
,,
,,
,,
,,
,,
,,
,,
,,
,,
,,
,,
,,
,,
,,
,,
,,
,,
,,
,,
,,
,,
,,
,,
,,
,,
,,
,,
,,
,,
,,
,,
,,
,,
,,
,,
,,
,,
,,
,,
,,
,,
,,
,,
,,
,,
,,
,,
,,
,,
,,
,,
,,
,,
,,
,,
,,
,,
,,
,,
,,
,,
,,
,,
,,
,,
,,
,,
,,
,,
,,
,,
,,
,,
,,
,,
,,
,,
,,
,,
,,
,,
,,
,,
,,
,,
,,
,,
,,
,,
,,
,,
,,
,,
,,
,,
,,
,,
,,
,,
,,
,,
,,
,,
,,
,,
,,
,,
,,
,,
,,
,,
,,
,,
,,
,,
,,
,,
,,
,,
,,
,,
,,
,,
,,
,,
,,
,,
,,
,,
,,
,,
,,
,,
,,
,,
,,
,,
,,
,,
,,
,,
,,
,,
,,
,,
,,
,,
,,
,,
,,
,,
,,
,,
,,
,,
,,
,,
,,
,,
,,
,,
,,
,,
,,
,,
,,
,,
,,
,,
,,
,,
,,
,,
,,
,,
,,
,,
,,
,,
,,
,,
,,
,,
,,
,,
,,
,,
,,
,,
,,
,,
,,
,,
,,
,,
,,
,,
,,
,,
,,
,,
,,
,,
,,
,,
,,
,,
,,
,,
,,
,,
,,
,,
,,
,,
,,
,,
,,
,,
,,
,,
,,
,,
,,
,,
,,
,,
,,
,,
,,
,,
,,
,,
,,
,,
,,
,,
,,
,,
,,
,,
,,
,,
,,
,,
,,
,,
,,
,,
,,
,,
,,
,,
,,
,,
,,
,,
,,
,,
,,
,,
,,
,,
,,
,,
,,
,,
,,
,,
,,
,,
,,
,,
,,
,,
,,
,,
,,
,,
,,
,,
,,
,,
,,
,,
,,
,,
,,
,,
,,
,,
,,
,,
,,
,,
,,
,,
,,
,,
,,
,,
,,
,,
,,
,,
,,
,,
,,
,,
,,
,,
,,
,,
,,
,,
,,
,,
,,
,,
,,
,,
,,
,,
,,
,,
,,
,,
,,
,,
,,
,,
,,
,,
,,
,,
,,
,,
,,
,,
,,
,,
,,
,,
,,
,,
,,
,,
,,
,,
,,
,,
,,
,,
,,
,,
,,
,,
,,
,,
,,
,,
,,
,,
,,
,,
,,
,,
,,
,,
,,
,,
,,
,,
,,
,,
,,
,,
,,
,,
,,
,,
,,
,,
,,
,,
,,
,,
,,
,,
,,
,,
,,
,,
,,
,,
,,
,,
,,
,,
,,
,,
,,
,,
,,
,,
,,
,,
,,
,,
,,
,,
,,
,,
,,
,,
,,
,,
,,
,,
,,
,,
,,
,,
,,
,,
,,
,,
,,
,,
,,
,,
,,
,,
,,
,,
,,
,,
,,
,,
,,
,,
,,
,,
,,
,,
,,
,,
,,
,,
,,
,,
,,
,,
,,
,,
,,
,,
,,
,,
,,
,,
,,
,,
,,
,,
,,
,,
,,
,,
,,
,,
,,
,,
,,
,,
,,
,,
,,
,,
,,
,,
,,
,,
,,
,,
,,
,,
,,
,,
,,
,,
,,
,,
,,
,,
,,
,,
,,
,,
,,
,,
,,
,,
,,
,,
,,
,,
,,
,,
,,
,,
,,
,,
,,
,,
,,
,,
,,
,,
,,
,,
,,
,,
,,
,,
,,
,,
,,
,,
,,
,,
,,
,,
,,
,,
,,
,,
,,
,,
,,
,,
,,
,,
,,
,,
,,
,,
,,
,,
,,
,,
,,
,,
,,
,,
,,
,,
,,
,,
,,
,,
,,
,,
,,
,,
,,
,,
,,
,,
,,
,,
,,
,,
,,
,,
,,
,,
,,
,,
,,
,,
,,
,,
,,
,,
,,
,,
,,
,,
,,
,,
,,
,,
,,
,,
,,
,,
,,
,,
,,
,,
,,
,,
,,
,,
,,
,,
,,
,,
,,
,,
,,
,,
,,
,,
,,
,,
,,
,,
,,
,,
,,
,,
,,
,,
,,
,,
,,
,,
,,
,,
,,
,,
,,
,,
,,
,,
,,
,,
,,
,,
,,
,,
,,
,,
,,
,,
,,
,,
,,
,,
,,
,,
,,
,,
,,
,,
,,
,,
,,
,,
,,
,,
,,
,,
,,
,,
,,
,,
,,
,,
,,
,,
,,
,,
