IMIĘ_PIERWSZE,PŁEĆ,LICZBA_WYSTĄPIEŃ
ANTONI,MĘŻCZYZNA,7821
JAN,MĘŻCZYZNA,6975
ALEKSANDER,MĘŻCZYZNA,6919
FRANCISZEK,MĘŻCZYZNA,6629
JAKUB,MĘŻCZYZNA,6427
LEON,MĘŻCZYZNA,5296
MIKOŁAJ,MĘŻCZYZNA,5205
SZYMON,MĘŻCZYZNA,4962
FILIP,MĘŻCZYZNA,4884
STANISŁAW,MĘŻCZYZNA,4679
NIKODEM,MĘŻCZYZNA,4596
IGNACY,MĘŻCZYZNA,4372
WOJCIECH,MĘŻCZYZNA,4156
TYMON,MĘŻCZYZNA,3888
ADAM,MĘŻCZYZNA,3781
KACPER,MĘŻCZYZNA,3723
MARCEL,MĘŻCZYZNA,3594
MICHAŁ,MĘŻCZYZNA,3158
MAKSYMILIAN,MĘŻCZYZNA,3081
WIKTOR,MĘŻCZYZNA,3001
OLIWIER,MĘŻCZYZNA,2827
IGOR,MĘŻCZYZNA,2752
TYMOTEUSZ,MĘŻCZYZNA,2583
PIOTR,MĘŻCZYZNA,2367
MIŁOSZ,MĘŻCZYZNA,2291
JULIAN,MĘŻCZYZNA,2180
OSKAR,MĘŻCZYZNA,2120
DAWID,MĘŻCZYZNA,1746
GABRIEL,MĘŻCZYZNA,1623
BARTOSZ,MĘŻCZYZNA,1615
KRZYSZTOF,MĘŻCZYZNA,1589
DOMINIK,MĘŻCZYZNA,1453
MATEUSZ,MĘŻCZYZNA,1447
KAROL,MĘŻCZYZNA,1400
HUBERT,MĘŻCZYZNA,1369
ALAN,MĘŻCZYZNA,1359
FABIAN,MĘŻCZYZNA,1285
TOMASZ,MĘŻCZYZNA,1279
BRUNO,MĘŻCZYZNA,1267
NATAN,MĘŻCZYZNA,1227
MACIEJ,MĘŻCZYZNA,1174
HENRYK,MĘŻCZYZNA,978
CEZARY,MĘŻCZYZNA,952
TADEUSZ,MĘŻCZYZNA,926
PAWEŁ,MĘŻCZYZNA,905
ARTUR,MĘŻCZYZNA,902
KSAWERY,MĘŻCZYZNA,896
BORYS,MĘŻCZYZNA,807
KUBA,MĘŻCZYZNA,775
KAJETAN,MĘŻCZYZNA,756
OLAF,MĘŻCZYZNA,713
BARTŁOMIEJ,MĘŻCZYZNA,697
JÓZEF,MĘŻCZYZNA,696
KAMIL,MĘŻCZYZNA,692
KAZIMIERZ,MĘŻCZYZNA,685
PATRYK,MĘŻCZYZNA,684
DANIEL,MĘŻCZYZNA,637
WITOLD,MĘŻCZYZNA,634
ADRIAN,MĘŻCZYZNA,615
GRZEGORZ,MĘŻCZYZNA,592
MILAN,MĘŻCZYZNA,574
SEBASTIAN,MĘŻCZYZNA,563
ERYK,MĘŻCZYZNA,554
TEODOR,MĘŻCZYZNA,538
STEFAN,MĘŻCZYZNA,502
KRYSTIAN,MĘŻCZYZNA,499
KORNEL,MĘŻCZYZNA,487
LEO,MĘŻCZYZNA,475
JERZY,MĘŻCZYZNA,457
LEONARD,MĘŻCZYZNA,450
MIESZKO,MĘŻCZYZNA,436
GUSTAW,MĘŻCZYZNA,436
TOBIASZ,MĘŻCZYZNA,431
KONSTANTY,MĘŻCZYZNA,404
RAFAŁ,MĘŻCZYZNA,391
ROBERT,MĘŻCZYZNA,390
OLIVIER,MĘŻCZYZNA,386
EMIL,MĘŻCZYZNA,382
FELIKS,MĘŻCZYZNA,373
MARCIN,MĘŻCZYZNA,366
RYSZARD,MĘŻCZYZNA,363
ALEKS,MĘŻCZYZNA,340
PRZEMYSŁAW,MĘŻCZYZNA,337
ŁUKASZ,MĘŻCZYZNA,331
NATANIEL,MĘŻCZYZNA,315
DAMIAN,MĘŻCZYZNA,305
ALEX,MĘŻCZYZNA,295
FLORIAN,MĘŻCZYZNA,282
JEREMI,MĘŻCZYZNA,281
KONRAD,MĘŻCZYZNA,279
JULIUSZ,MĘŻCZYZNA,270
RADOSŁAW,MĘŻCZYZNA,261
BŁAŻEJ,MĘŻCZYZNA,257
REMIGIUSZ,MĘŻCZYZNA,242
DORIAN,MĘŻCZYZNA,220
ALEXANDER,MĘŻCZYZNA,218
MAREK,MĘŻCZYZNA,213
KORDIAN,MĘŻCZYZNA,207
JĘDRZEJ,MĘŻCZYZNA,207
LUDWIK,MĘŻCZYZNA,204
ALBERT,MĘŻCZYZNA,202
GRACJAN,MĘŻCZYZNA,199
LUCJAN,MĘŻCZYZNA,197
MAKSYM,MĘŻCZYZNA,192
SAMUEL,MĘŻCZYZNA,190
ANDRZEJ,MĘŻCZYZNA,186
MARK,MĘŻCZYZNA,183
WŁADYSŁAW,MĘŻCZYZNA,170
ARKADIUSZ,MĘŻCZYZNA,169
IWO,MĘŻCZYZNA,166
MAURYCY,MĘŻCZYZNA,157
ERNEST,MĘŻCZYZNA,155
BENIAMIN,MĘŻCZYZNA,152
JACEK,MĘŻCZYZNA,144
ALEKSY,MĘŻCZYZNA,144
SEWERYN,MĘŻCZYZNA,144
DAVID,MĘŻCZYZNA,140
BRAJAN,MĘŻCZYZNA,139
HUGO,MĘŻCZYZNA,139
OLIVER,MĘŻCZYZNA,127
FRYDERYK,MĘŻCZYZNA,122
MAKS,MĘŻCZYZNA,116
ROMAN,MĘŻCZYZNA,112
EDWARD,MĘŻCZYZNA,111
JEREMIASZ,MĘŻCZYZNA,110
LIAM,MĘŻCZYZNA,107
OLGIERD,MĘŻCZYZNA,97
MAXIMILIAN,MĘŻCZYZNA,95
ARON,MĘŻCZYZNA,92
NORBERT,MĘŻCZYZNA,90
WINCENTY,MĘŻCZYZNA,89
KOSMA,MĘŻCZYZNA,88
SZCZEPAN,MĘŻCZYZNA,87
ARTEM,MĘŻCZYZNA,83
ZBIGNIEW,MĘŻCZYZNA,83
MAX,MĘŻCZYZNA,82
BOGDAN,MĘŻCZYZNA,75
OLIWER,MĘŻCZYZNA,75
DARIUSZ,MĘŻCZYZNA,75
CYPRIAN,MĘŻCZYZNA,74
BERNARD,MĘŻCZYZNA,72
TIMUR,MĘŻCZYZNA,71
JOACHIM,MĘŻCZYZNA,70
MARCELI,MĘŻCZYZNA,67
OKTAWIAN,MĘŻCZYZNA,61
VINCENT,MĘŻCZYZNA,59
BENJAMIN,MĘŻCZYZNA,59
ZACHARY,MĘŻCZYZNA,57
JONASZ,MĘŻCZYZNA,56
EMILIAN,MĘŻCZYZNA,56
GNIEWKO,MĘŻCZYZNA,55
TYTUS,MĘŻCZYZNA,55
MIRON,MĘŻCZYZNA,53
LEONARDO,MĘŻCZYZNA,53
NIKOLAS,MĘŻCZYZNA,53
DENIS,MĘŻCZYZNA,52
IVAN,MĘŻCZYZNA,51
BRUNON,MĘŻCZYZNA,51
LEOPOLD,MĘŻCZYZNA,51
BOLESŁAW,MĘŻCZYZNA,51
ZIEMOWIT,MĘŻCZYZNA,50
MATVII,MĘŻCZYZNA,50
AMADEUSZ,MĘŻCZYZNA,49
GNIEWOMIR,MĘŻCZYZNA,48
SYLWESTER,MĘŻCZYZNA,48
LESZEK,MĘŻCZYZNA,47
LEW,MĘŻCZYZNA,46
FRANEK,MĘŻCZYZNA,45
AARON,MĘŻCZYZNA,45
MARIUSZ,MĘŻCZYZNA,45
WINCENT,MĘŻCZYZNA,44
NICOLAS,MĘŻCZYZNA,44
VICTOR,MĘŻCZYZNA,43
ELIASZ,MĘŻCZYZNA,42
NATHAN,MĘŻCZYZNA,42
BOGUSŁAW,MĘŻCZYZNA,42
TEO,MĘŻCZYZNA,41
KEVIN,MĘŻCZYZNA,41
NIKITA,MĘŻCZYZNA,41
ROCH,MĘŻCZYZNA,40
MARTIN,MĘŻCZYZNA,39
BOGUMIŁ,MĘŻCZYZNA,39
KASPIAN,MĘŻCZYZNA,37
VIKTOR,MĘŻCZYZNA,37
NOAH,MĘŻCZYZNA,37
DANIIL,MĘŻCZYZNA,36
OLEKSANDR,MĘŻCZYZNA,36
CZESŁAW,MĘŻCZYZNA,36
KSAWIER,MĘŻCZYZNA,35
JONATAN,MĘŻCZYZNA,35
EMANUEL,MĘŻCZYZNA,34
SŁAWOMIR,MĘŻCZYZNA,33
KAI,MĘŻCZYZNA,33
OSCAR,MĘŻCZYZNA,33
WIT,MĘŻCZYZNA,32
IVO,MĘŻCZYZNA,31
KASJAN,MĘŻCZYZNA,31
XAVIER,MĘŻCZYZNA,31
MIROSŁAW,MĘŻCZYZNA,30
FELICJAN,MĘŻCZYZNA,30
ZYGMUNT,MĘŻCZYZNA,30
ANTONIO,MĘŻCZYZNA,30
EDMUND,MĘŻCZYZNA,29
OLEK,MĘŻCZYZNA,29
KLEMENS,MĘŻCZYZNA,29
OLEG,MĘŻCZYZNA,29
KORNELIUSZ,MĘŻCZYZNA,28
MAKAR,MĘŻCZYZNA,28
HENRY,MĘŻCZYZNA,28
MAKSIM,MĘŻCZYZNA,28
FELIX,MĘŻCZYZNA,28
MIECZYSŁAW,MĘŻCZYZNA,27
ARSEN,MĘŻCZYZNA,27
NOEL,MĘŻCZYZNA,26
LUKA,MĘŻCZYZNA,26
OREST,MĘŻCZYZNA,25
IWAN,MĘŻCZYZNA,25
IRENEUSZ,MĘŻCZYZNA,25
MICHAEL,MĘŻCZYZNA,25
BARTEK,MĘŻCZYZNA,25
BRONISŁAW,MĘŻCZYZNA,24
DAMIR,MĘŻCZYZNA,24
WILLIAM,MĘŻCZYZNA,24
MATEO,MĘŻCZYZNA,24
TYMOFII,MĘŻCZYZNA,24
ALEK,MĘŻCZYZNA,24
KRZESIMIR,MĘŻCZYZNA,24
JAROSŁAW,MĘŻCZYZNA,23
COLIN,MĘŻCZYZNA,23
MARIAN,MĘŻCZYZNA,23
BENEDYKT,MĘŻCZYZNA,23
MAXYMILIAN,MĘŻCZYZNA,22
ERIK,MĘŻCZYZNA,22
HEKTOR,MĘŻCZYZNA,22
MYKHAILO,MĘŻCZYZNA,21
MATTEO,MĘŻCZYZNA,21
AUGUSTYN,MĘŻCZYZNA,21
BRAYAN,MĘŻCZYZNA,21
LUIS,MĘŻCZYZNA,21
NOE,MĘŻCZYZNA,21
VLADYSLAV,MĘŻCZYZNA,21
ANTEK,MĘŻCZYZNA,20
WALDEMAR,MĘŻCZYZNA,20
THEO,MĘŻCZYZNA,20
DIEGO,MĘŻCZYZNA,19
GERARD,MĘŻCZYZNA,19
BASTIAN,MĘŻCZYZNA,19
CYRYL,MĘŻCZYZNA,19
MAXIM,MĘŻCZYZNA,19
WILHELM,MĘŻCZYZNA,19
NAZAR,MĘŻCZYZNA,18
ANTON,MĘŻCZYZNA,18
ARIEL,MĘŻCZYZNA,18
JACOB,MĘŻCZYZNA,18
MAKARY,MĘŻCZYZNA,18
AUGUST,MĘŻCZYZNA,18
DMYTRO,MĘŻCZYZNA,18
KRYSPIN,MĘŻCZYZNA,18
SERGIUSZ,MĘŻCZYZNA,17
ARTHUR,MĘŻCZYZNA,17
ZACHARIASZ,MĘŻCZYZNA,16
ANDRII,MĘŻCZYZNA,16
MARKO,MĘŻCZYZNA,16
WŁODZIMIERZ,MĘŻCZYZNA,16
LUCJUSZ,MĘŻCZYZNA,16
DANYLO,MĘŻCZYZNA,16
YAROSLAV,MĘŻCZYZNA,16
PHILIP,MĘŻCZYZNA,15
JOEL,MĘŻCZYZNA,15
MARCO,MĘŻCZYZNA,15
MARKUS,MĘŻCZYZNA,15
NIKO,MĘŻCZYZNA,15
ALEKSANDR,MĘŻCZYZNA,15
KEWIN,MĘŻCZYZNA,14
KAJ,MĘŻCZYZNA,14
MIKHAIL,MĘŻCZYZNA,14
BOHDAN,MĘŻCZYZNA,14
LEV,MĘŻCZYZNA,14
ILLIA,MĘŻCZYZNA,14
RADOMIR,MĘŻCZYZNA,14
EMIR,MĘŻCZYZNA,14
LECH,MĘŻCZYZNA,14
BAZYLI,MĘŻCZYZNA,13
ANATOL,MĘŻCZYZNA,13
ANTHONY,MĘŻCZYZNA,13
GNIEWOSZ,MĘŻCZYZNA,13
LUCAS,MĘŻCZYZNA,13
DANIL,MĘŻCZYZNA,13
ALI,MĘŻCZYZNA,13
MATVEY,MĘŻCZYZNA,13
KIRILL,MĘŻCZYZNA,12
LUKAS,MĘŻCZYZNA,12
RAYAN,MĘŻCZYZNA,12
FRANK,MĘŻCZYZNA,12
NATANAEL,MĘŻCZYZNA,12
DENYS,MĘŻCZYZNA,12
LUCA,MĘŻCZYZNA,12
PLATON,MĘŻCZYZNA,12
PAVEL,MĘŻCZYZNA,12
DAVYD,MĘŻCZYZNA,12
KARIM,MĘŻCZYZNA,12
KASPER,MĘŻCZYZNA,12
GUSTAV,MĘŻCZYZNA,12
DOBROMIR,MĘŻCZYZNA,12
ZAKHAR,MĘŻCZYZNA,12
ZDZISŁAW,MĘŻCZYZNA,11
LUBOMIR,MĘŻCZYZNA,11
SIMON,MĘŻCZYZNA,11
JANEK,MĘŻCZYZNA,11
MANUEL,MĘŻCZYZNA,11
THEODORE,MĘŻCZYZNA,11
JOSHUA,MĘŻCZYZNA,11
RAFAEL,MĘŻCZYZNA,11
CHRISTIAN,MĘŻCZYZNA,11
JANUSZ,MĘŻCZYZNA,11
NATHANIEL,MĘŻCZYZNA,11
SAMBOR,MĘŻCZYZNA,11
VOLODYMYR,MĘŻCZYZNA,11
AMIR,MĘŻCZYZNA,11
SANTIAGO,MĘŻCZYZNA,11
SAMIR,MĘŻCZYZNA,10
LOUIS,MĘŻCZYZNA,10
IBRAHIM,MĘŻCZYZNA,10
JAROMIR,MĘŻCZYZNA,10
TOBIAS,MĘŻCZYZNA,10
NICO,MĘŻCZYZNA,10
ARMIN,MĘŻCZYZNA,10
TEOFIL,MĘŻCZYZNA,10
ITAN,MĘŻCZYZNA,10
STANISLAW,MĘŻCZYZNA,10
HIERONIM,MĘŻCZYZNA,10
EDGAR,MĘŻCZYZNA,10
AMBROŻY,MĘŻCZYZNA,10
DYLAN,MĘŻCZYZNA,10
AURELIUSZ,MĘŻCZYZNA,10
MAGNUS,MĘŻCZYZNA,9
VLADISLAV,MĘŻCZYZNA,9
EMMANUEL,MĘŻCZYZNA,9
NOLAN,MĘŻCZYZNA,9
XAWERY,MĘŻCZYZNA,9
JAMES,MĘŻCZYZNA,9
WOJTEK,MĘŻCZYZNA,9
ILIAN,MĘŻCZYZNA,9
RUBEN,MĘŻCZYZNA,9
SERHII,MĘŻCZYZNA,9
AXEL,MĘŻCZYZNA,9
THOMAS,MĘŻCZYZNA,9
FABIO,MĘŻCZYZNA,9
ALEXANDRE,MĘŻCZYZNA,8
PABLO,MĘŻCZYZNA,8
MUHAMMAD,MĘŻCZYZNA,8
TYCJAN,MĘŻCZYZNA,8
THEODOR,MĘŻCZYZNA,8
DOMINIC,MĘŻCZYZNA,8
AKSEL,MĘŻCZYZNA,8
KONSTANTYN,MĘŻCZYZNA,8
MICHAL,MĘŻCZYZNA,8
LIONEL,MĘŻCZYZNA,8
TIMOFEY,MĘŻCZYZNA,8
LORENZO,MĘŻCZYZNA,8
WAWRZYNIEC,MĘŻCZYZNA,8
EVAN,MĘŻCZYZNA,8
MICHAIL,MĘŻCZYZNA,8
IAN,MĘŻCZYZNA,7
MATVEI,MĘŻCZYZNA,7
STANISLAV,MĘŻCZYZNA,7
JOSEPH,MĘŻCZYZNA,7
MATTHEW,MĘŻCZYZNA,7
RAGNAR,MĘŻCZYZNA,7
YURII,MĘŻCZYZNA,7
DANYIL,MĘŻCZYZNA,7
PAVLO,MĘŻCZYZNA,7
MILO,MĘŻCZYZNA,7
KYRYLO,MĘŻCZYZNA,7
GLEB,MĘŻCZYZNA,7
JONAS,MĘŻCZYZNA,7
ERWIN,MĘŻCZYZNA,7
NICHOLAS,MĘŻCZYZNA,7
SIEMOWIT,MĘŻCZYZNA,7
ELDAR,MĘŻCZYZNA,7
ZENON,MĘŻCZYZNA,7
KRISTIAN,MĘŻCZYZNA,7
BORIS,MĘŻCZYZNA,7
LESŁAW,MĘŻCZYZNA,7
ETHAN,MĘŻCZYZNA,6
TIGRAN,MĘŻCZYZNA,6
ISMAEL,MĘŻCZYZNA,6
SAJMON,MĘŻCZYZNA,6
DACJAN,MĘŻCZYZNA,6
WLADYSLAW,MĘŻCZYZNA,6
ALFRED,MĘŻCZYZNA,6
KLAUDIUSZ,MĘŻCZYZNA,6
PASCAL,MĘŻCZYZNA,6
GAWEŁ,MĘŻCZYZNA,6
RYAN,MĘŻCZYZNA,6
DAJAN,MĘŻCZYZNA,6
BRYAN,MĘŻCZYZNA,6
JAKOB,MĘŻCZYZNA,6
RADZIMIR,MĘŻCZYZNA,6
ARIAN,MĘŻCZYZNA,6
MIRAN,MĘŻCZYZNA,6
MYKOLA,MĘŻCZYZNA,6
YEVHENII,MĘŻCZYZNA,6
CHARLES,MĘŻCZYZNA,6
EUGENIUSZ,MĘŻCZYZNA,6
EDWIN,MĘŻCZYZNA,6
MIKOLAJ,MĘŻCZYZNA,6
ANDRIY,MĘŻCZYZNA,6
JASON,MĘŻCZYZNA,6
MASSIMO,MĘŻCZYZNA,5
DIONIZY,MĘŻCZYZNA,5
ENZO,MĘŻCZYZNA,5
ROMUALD,MĘŻCZYZNA,5
DANTE,MĘŻCZYZNA,5
ANDREAS,MĘŻCZYZNA,5
CHARLIE,MĘŻCZYZNA,5
ALOJZY,MĘŻCZYZNA,5
TOMAS,MĘŻCZYZNA,5
CARLOS,MĘŻCZYZNA,5
YEHOR,MĘŻCZYZNA,5
MATVIY,MĘŻCZYZNA,5
SAMI,MĘŻCZYZNA,5
FRANCESCO,MĘŻCZYZNA,5
OLEKSII,MĘŻCZYZNA,5
ANDRIA,MĘŻCZYZNA,5
JORDAN,MĘŻCZYZNA,5
MIŁOSŁAW,MĘŻCZYZNA,5
ILYA,MĘŻCZYZNA,5
OKTAWIUSZ,MĘŻCZYZNA,5
GERALD,MĘŻCZYZNA,5
ELIAS,MĘŻCZYZNA,5
MARSEL,MĘŻCZYZNA,5
AIDEN,MĘŻCZYZNA,5
WITEK,MĘŻCZYZNA,5
DEMIAN,MĘŻCZYZNA,5
CHRISTOPHER,MĘŻCZYZNA,5
MOHAMMAD,MĘŻCZYZNA,5
MATWIEJ,MĘŻCZYZNA,5
YEVHEN,MĘŻCZYZNA,5
KILIAN,MĘŻCZYZNA,5
GILBERT,MĘŻCZYZNA,5
TYMOFIJ,MĘŻCZYZNA,5
MERT,MĘŻCZYZNA,5
ALLAN,MĘŻCZYZNA,5
KIRIL,MĘŻCZYZNA,5
FRANCIS,MĘŻCZYZNA,5
ARSENIUSZ,MĘŻCZYZNA,5
XAWIER,MĘŻCZYZNA,5
JONATHAN,MĘŻCZYZNA,5
WILKOMIR,MĘŻCZYZNA,4
EMILIO,MĘŻCZYZNA,4
TYBERIUSZ,MĘŻCZYZNA,4
JUSTIN,MĘŻCZYZNA,4
TIAGO,MĘŻCZYZNA,4
SYRIUSZ,MĘŻCZYZNA,4
KSAVIER,MĘŻCZYZNA,4
MIROSLAV,MĘŻCZYZNA,4
DRAGOMIR,MĘŻCZYZNA,4
BEN,MĘŻCZYZNA,4
LOGAN,MĘŻCZYZNA,4
TIMOFEI,MĘŻCZYZNA,4
TARAS,MĘŻCZYZNA,4
JAREMA,MĘŻCZYZNA,4
BENON,MĘŻCZYZNA,4
ELLIOT,MĘŻCZYZNA,4
ABDULLAH,MĘŻCZYZNA,4
ILIA,MĘŻCZYZNA,4
MIROSLAW,MĘŻCZYZNA,4
ASLAN,MĘŻCZYZNA,4
SERAFIN,MĘŻCZYZNA,4
JACK,MĘŻCZYZNA,4
FINN,MĘŻCZYZNA,4
ZACHAR,MĘŻCZYZNA,4
OTTO,MĘŻCZYZNA,4
AVYAAN,MĘŻCZYZNA,4
TIMO,MĘŻCZYZNA,4
ALEKSANDRE,MĘŻCZYZNA,4
ARTIOM,MĘŻCZYZNA,4
RAUL,MĘŻCZYZNA,4
LENNOX,MĘŻCZYZNA,4
BOŻYDAR,MĘŻCZYZNA,4
LEONID,MĘŻCZYZNA,4
ROSTYSLAV,MĘŻCZYZNA,4
FRANCO,MĘŻCZYZNA,4
MATWIJ,MĘŻCZYZNA,4
MARCUS,MĘŻCZYZNA,4
MIKE,MĘŻCZYZNA,4
MIKAEL,MĘŻCZYZNA,4
HASAN,MĘŻCZYZNA,4
ZAKHARII,MĘŻCZYZNA,4
KONSTANTINOS,MĘŻCZYZNA,4
TIMOTHY,MĘŻCZYZNA,4
TRISTAN,MĘŻCZYZNA,4
SVIATOSLAV,MĘŻCZYZNA,4
ERIC,MĘŻCZYZNA,4
BRAIAN,MĘŻCZYZNA,4
ALEXANDR,MĘŻCZYZNA,4
JEGOR,MĘŻCZYZNA,4
MILANO,MĘŻCZYZNA,4
MAXIME,MĘŻCZYZNA,4
MARIO,MĘŻCZYZNA,4
GABRIELE,MĘŻCZYZNA,4
BRIAN,MĘŻCZYZNA,4
RICHARD,MĘŻCZYZNA,4
BJORN,MĘŻCZYZNA,4
BRANDON,MĘŻCZYZNA,4
KIAAN,MĘŻCZYZNA,4
ARYAN,MĘŻCZYZNA,4
MYRON,MĘŻCZYZNA,4
HARRY,MĘŻCZYZNA,4
KASJUSZ,MĘŻCZYZNA,3
GERMAN,MĘŻCZYZNA,3
MIGUEL,MĘŻCZYZNA,3
MATE,MĘŻCZYZNA,3
GIA HUY,MĘŻCZYZNA,3
ANDREI,MĘŻCZYZNA,3
LÉON,MĘŻCZYZNA,3
PATRICK,MĘŻCZYZNA,3
OSTAP,MĘŻCZYZNA,3
DILAN,MĘŻCZYZNA,3
ROGER,MĘŻCZYZNA,3
MALIK,MĘŻCZYZNA,3
NIKOLAI,MĘŻCZYZNA,3
ABRAHAM,MĘŻCZYZNA,3
VADYM,MĘŻCZYZNA,3
TSIMAFEI,MĘŻCZYZNA,3
RAMAN,MĘŻCZYZNA,3
IHOR,MĘŻCZYZNA,3
ROMEO,MĘŻCZYZNA,3
GAVIN,MĘŻCZYZNA,3
TADEI,MĘŻCZYZNA,3
ZORIAN,MĘŻCZYZNA,3
DANYL,MĘŻCZYZNA,3
AYAN,MĘŻCZYZNA,3
ALEKSEJ,MĘŻCZYZNA,3
THIAGO,MĘŻCZYZNA,3
TOMEK,MĘŻCZYZNA,3
MIHAIL,MĘŻCZYZNA,3
KAY,MĘŻCZYZNA,3
JEREMY,MĘŻCZYZNA,3
IGNACIO,MĘŻCZYZNA,3
VIGGO,MĘŻCZYZNA,3
KARAM,MĘŻCZYZNA,3
ELIJAH,MĘŻCZYZNA,3
FRANCISCO,MĘŻCZYZNA,3
HORACY,MĘŻCZYZNA,3
RUSLAN,MĘŻCZYZNA,3
ZINEDINE,MĘŻCZYZNA,3
LARS,MĘŻCZYZNA,3
STEVEN,MĘŻCZYZNA,3
TONY,MĘŻCZYZNA,3
DANILA,MĘŻCZYZNA,3
SEVERYN,MĘŻCZYZNA,3
IGO,MĘŻCZYZNA,3
MOHAMED,MĘŻCZYZNA,3
SVEN,MĘŻCZYZNA,3
KONSTANTIN,MĘŻCZYZNA,3
DENIZ,MĘŻCZYZNA,3
ANGELO,MĘŻCZYZNA,3
KALEB,MĘŻCZYZNA,3
DYMITR,MĘŻCZYZNA,3
KLIMEK,MĘŻCZYZNA,3
SEMEN,MĘŻCZYZNA,3
WITOSZ,MĘŻCZYZNA,3
FLAVIO,MĘŻCZYZNA,3
ROSTISLAV,MĘŻCZYZNA,3
ANTONY,MĘŻCZYZNA,3
CONAN,MĘŻCZYZNA,3
ZAWISZA,MĘŻCZYZNA,3
ALEC,MĘŻCZYZNA,3
STANLEY,MĘŻCZYZNA,3
VALENTINO,MĘŻCZYZNA,3
FRIEDRICH,MĘŻCZYZNA,3
BALTAZAR,MĘŻCZYZNA,3
ALEJANDRO,MĘŻCZYZNA,3
GEORGE,MĘŻCZYZNA,3
MICHAIŁ,MĘŻCZYZNA,3
TIM,MĘŻCZYZNA,3
DAWYD,MĘŻCZYZNA,3
RADEK,MĘŻCZYZNA,3
OLEH,MĘŻCZYZNA,3
JOSZKO,MĘŻCZYZNA,3
TYMUR,MĘŻCZYZNA,3
GRIGORIJ,MĘŻCZYZNA,3
RUDOLF,MĘŻCZYZNA,3
FILIPE,MĘŻCZYZNA,3
VITO,MĘŻCZYZNA,3
MAIK,MĘŻCZYZNA,3
MAXYM,MĘŻCZYZNA,3
PETER,MĘŻCZYZNA,3
FELIPE,MĘŻCZYZNA,3
IWAR,MĘŻCZYZNA,3
MATVIJ,MĘŻCZYZNA,3
JULIUS,MĘŻCZYZNA,3
FRANKO,MĘŻCZYZNA,3
MOJŻESZ,MĘŻCZYZNA,3
ANASTAZY,MĘŻCZYZNA,3
JOZEF,MĘŻCZYZNA,3
VALERII,MĘŻCZYZNA,3
CASPIAN,MĘŻCZYZNA,3
KAAN,MĘŻCZYZNA,3
LEONIDAS,MĘŻCZYZNA,3
KYRYL,MĘŻCZYZNA,3
MICHELE,MĘŻCZYZNA,3
DUC ANH,MĘŻCZYZNA,3
JASPER,MĘŻCZYZNA,3
LÉO,MĘŻCZYZNA,3
RAJAN,MĘŻCZYZNA,3
ZLATAN,MĘŻCZYZNA,3
COLLIN,MĘŻCZYZNA,3
LAZARE,MĘŻCZYZNA,3
JAMIE,MĘŻCZYZNA,3
ZAHAR,MĘŻCZYZNA,3
KIMI,MĘŻCZYZNA,2
QUENTIN,MĘŻCZYZNA,2
HARUN,MĘŻCZYZNA,2
MYKHAIL,MĘŻCZYZNA,2
VIGO,MĘŻCZYZNA,2
EUZEBIUSZ,MĘŻCZYZNA,2
ELIO,MĘŻCZYZNA,2
ARIS,MĘŻCZYZNA,2
AMARU,MĘŻCZYZNA,2
LORENCO,MĘŻCZYZNA,2
NIKOS,MĘŻCZYZNA,2
CASPER,MĘŻCZYZNA,2
ARMEN,MĘŻCZYZNA,2
YAREMA,MĘŻCZYZNA,2
SEVER,MĘŻCZYZNA,2
ALBERTO,MĘŻCZYZNA,2
AKIM,MĘŻCZYZNA,2
EMILIANO,MĘŻCZYZNA,2
RUVIM,MĘŻCZYZNA,2
GABOR,MĘŻCZYZNA,2
SINAN,MĘŻCZYZNA,2
ELIGIUSZ,MĘŻCZYZNA,2
EZEL,MĘŻCZYZNA,2
YOSEF,MĘŻCZYZNA,2
MARCELL,MĘŻCZYZNA,2
OCTAVIO,MĘŻCZYZNA,2
NEO,MĘŻCZYZNA,2
NEITAN,MĘŻCZYZNA,2
NEIL,MĘŻCZYZNA,2
KASPAR,MĘŻCZYZNA,2
RÜZGAR,MĘŻCZYZNA,2
MARKIJAN,MĘŻCZYZNA,2
BAO AN,MĘŻCZYZNA,2
NAZARII,MĘŻCZYZNA,2
ELIOTT,MĘŻCZYZNA,2
CRISTIANO,MĘŻCZYZNA,2
MEHMET,MĘŻCZYZNA,2
NICODEM,MĘŻCZYZNA,2
SAWWA,MĘŻCZYZNA,2
WINICJUSZ,MĘŻCZYZNA,2
IMRAN,MĘŻCZYZNA,2
GNIEWOSŁAW,MĘŻCZYZNA,2
PAUL,MĘŻCZYZNA,2
FÉLIX,MĘŻCZYZNA,2
NIKOLOZ,MĘŻCZYZNA,2
VLADLEN,MĘŻCZYZNA,2
RACIBOR,MĘŻCZYZNA,2
KEANU,MĘŻCZYZNA,2
ILIAS,MĘŻCZYZNA,2
ARMANDO,MĘŻCZYZNA,2
SEMILIANO,MĘŻCZYZNA,2
IASON,MĘŻCZYZNA,2
MINH QUAN,MĘŻCZYZNA,2
LUCCA,MĘŻCZYZNA,2
OWEN,MĘŻCZYZNA,2
YAKUP,MĘŻCZYZNA,2
ELI,MĘŻCZYZNA,2
ISAAC,MĘŻCZYZNA,2
LIAN,MĘŻCZYZNA,2
ZAIN,MĘŻCZYZNA,2
LEWIS,MĘŻCZYZNA,2
MAURICIO,MĘŻCZYZNA,2
ANGEL,MĘŻCZYZNA,2
DEMETRE,MĘŻCZYZNA,2
PHILIPPE,MĘŻCZYZNA,2
AHMAD,MĘŻCZYZNA,2
HENRIK,MĘŻCZYZNA,2
CRISTIAN,MĘŻCZYZNA,2
GAEL,MĘŻCZYZNA,2
ANATOLII,MĘŻCZYZNA,2
MATT,MĘŻCZYZNA,2
ELISEJ,MĘŻCZYZNA,2
GORDII,MĘŻCZYZNA,2
PHILIPP,MĘŻCZYZNA,2
DEMIR,MĘŻCZYZNA,2
MUSTAFA,MĘŻCZYZNA,2
MARAT,MĘŻCZYZNA,2
EREN,MĘŻCZYZNA,2
RAMIR,MĘŻCZYZNA,2
ANTONII,MĘŻCZYZNA,2
DIAN,MĘŻCZYZNA,2
KAZIMIR,MĘŻCZYZNA,2
SAVELII,MĘŻCZYZNA,2
NICOLÒ,MĘŻCZYZNA,2
WSIEWOŁOD,MĘŻCZYZNA,2
AURELIANO,MĘŻCZYZNA,2
DUSZAN,MĘŻCZYZNA,2
MACIEK,MĘŻCZYZNA,2
DMITRIY,MĘŻCZYZNA,2
OLEKSIY,MĘŻCZYZNA,2
IZYDOR,MĘŻCZYZNA,2
ROLAND,MĘŻCZYZNA,2
WALERIAN,MĘŻCZYZNA,2
RICARDO,MĘŻCZYZNA,2
MATEI,MĘŻCZYZNA,2
ZDOBYSŁAW,MĘŻCZYZNA,2
MYCHAJŁO,MĘŻCZYZNA,2
KOSTIANTYN,MĘŻCZYZNA,2
YUSUF,MĘŻCZYZNA,2
UMAR,MĘŻCZYZNA,2
SANDRO,MĘŻCZYZNA,2
LEU,MĘŻCZYZNA,2
AIDAN,MĘŻCZYZNA,2
HADI,MĘŻCZYZNA,2
YOUSSEF,MĘŻCZYZNA,2
MARC,MĘŻCZYZNA,2
WACŁAW,MĘŻCZYZNA,2
MOUSSA,MĘŻCZYZNA,2
OTIS,MĘŻCZYZNA,2
LUCIANO,MĘŻCZYZNA,2
ARNAS,MĘŻCZYZNA,2
FREDERICK,MĘŻCZYZNA,2
ELIZEUSZ,MĘŻCZYZNA,2
ADITYA,MĘŻCZYZNA,2
CARLO,MĘŻCZYZNA,2
ELVIS,MĘŻCZYZNA,2
AARAV,MĘŻCZYZNA,2
YAN,MĘŻCZYZNA,2
MIRKO,MĘŻCZYZNA,2
IOSUA,MĘŻCZYZNA,2
MUSA,MĘŻCZYZNA,2
ARSENIY,MĘŻCZYZNA,2
LUIGI,MĘŻCZYZNA,2
METEHAN,MĘŻCZYZNA,2
ILYAS,MĘŻCZYZNA,2
RAHIM,MĘŻCZYZNA,2
SEAN,MĘŻCZYZNA,2
ANTOINE,MĘŻCZYZNA,2
ISMAIL,MĘŻCZYZNA,2
GORDEI,MĘŻCZYZNA,2
KABIR,MĘŻCZYZNA,2
DOBROMIŁ,MĘŻCZYZNA,2
ZAYN,MĘŻCZYZNA,2
MARKIIAN,MĘŻCZYZNA,2
OLLY,MĘŻCZYZNA,2
GAJUSZ,MĘŻCZYZNA,2
GROMOSŁAW,MĘŻCZYZNA,2
MATVIEI,MĘŻCZYZNA,2
KOSTIAN,MĘŻCZYZNA,2
AHMED,MĘŻCZYZNA,2
ANAS,MĘŻCZYZNA,2
ARSALAN,MĘŻCZYZNA,2
JAVIER,MĘŻCZYZNA,2
ARNOLD,MĘŻCZYZNA,2
PEDRO,MĘŻCZYZNA,2
BONIFACY,MĘŻCZYZNA,2
SOLOMON,MĘŻCZYZNA,2
HAMZA,MĘŻCZYZNA,2
ALIAKSANDR,MĘŻCZYZNA,2
ENES,MĘŻCZYZNA,2
OLEKSANDER,MĘŻCZYZNA,2
ODYSEUSZ,MĘŻCZYZNA,2
HERBERT,MĘŻCZYZNA,2
ABIR,MĘŻCZYZNA,2
ATANAZY,MĘŻCZYZNA,2
AYAAN,MĘŻCZYZNA,2
TOBIÁŠ,MĘŻCZYZNA,2
RAPHAEL,MĘŻCZYZNA,2
EUSTACHY,MĘŻCZYZNA,2
DENİZ,MĘŻCZYZNA,2
IVAAN,MĘŻCZYZNA,2
MISHA,MĘŻCZYZNA,2
EDUARD,MĘŻCZYZNA,2
ABEL,MĘŻCZYZNA,2
OMER,MĘŻCZYZNA,2
TRAIAN,MĘŻCZYZNA,2
ILDAR,MĘŻCZYZNA,2
DEME,MĘŻCZYZNA,2
NOAM,MĘŻCZYZNA,2
SALVADOR,MĘŻCZYZNA,2
FREDDIE,MĘŻCZYZNA,2
ZACK,MĘŻCZYZNA,2
KARAN,MĘŻCZYZNA,2
FREDERIK,MĘŻCZYZNA,2
PATRIK,MĘŻCZYZNA,2
OCTAVIAN,MĘŻCZYZNA,2
ERAZM,MĘŻCZYZNA,2
LEONEL,MĘŻCZYZNA,2
GERALT,MĘŻCZYZNA,2
AMIN,MĘŻCZYZNA,2
MILIAN,MĘŻCZYZNA,2
DAVIT,MĘŻCZYZNA,2
RODRIGO,MĘŻCZYZNA,2
JUAN,MĘŻCZYZNA,2
TOMMY,MĘŻCZYZNA,2
THIEN AN,MĘŻCZYZNA,2
JOZUE,MĘŻCZYZNA,2
MATHIS,MĘŻCZYZNA,2
KRIS,MĘŻCZYZNA,2
VALENTIN,MĘŻCZYZNA,2
CZAREK,MĘŻCZYZNA,2
FLAWIUSZ,MĘŻCZYZNA,2
IGNAT,MĘŻCZYZNA,2
JOHANNES,MĘŻCZYZNA,2
ABDUL,MĘŻCZYZNA,2
IZAAK,MĘŻCZYZNA,2
VASIL,MĘŻCZYZNA,2
AYLAN,MĘŻCZYZNA,2
MAURO,MĘŻCZYZNA,2
BARNABA,MĘŻCZYZNA,2
LAURENT,MĘŻCZYZNA,2
RICCARDO,MĘŻCZYZNA,2
BJÖRN,MĘŻCZYZNA,2
SASZA,MĘŻCZYZNA,2
MANFRED,MĘŻCZYZNA,2
RADOSLAV,MĘŻCZYZNA,2
STEPAN,MĘŻCZYZNA,2
ALIM,MĘŻCZYZNA,2
JAROSLAV,MĘŻCZYZNA,2
WITOSŁAW,MĘŻCZYZNA,2
ELIOT,MĘŻCZYZNA,2
VLAD,MĘŻCZYZNA,2
NAREK,MĘŻCZYZNA,2
KOLIN,MĘŻCZYZNA,2
ARTEMIUSZ,MĘŻCZYZNA,2
SABA,MĘŻCZYZNA,2
PAWEL,MĘŻCZYZNA,2
KOSTEK,MĘŻCZYZNA,2
FRANTIŠEK,MĘŻCZYZNA,2
ILJA,MĘŻCZYZNA,2
ALIF,MĘŻCZYZNA,2
MINH ANH,MĘŻCZYZNA,2
AUGUSTE,MĘŻCZYZNA,2
DANILO,MĘŻCZYZNA,2
MARVIN,MĘŻCZYZNA,2
TADEJ,MĘŻCZYZNA,2
YURI,MĘŻCZYZNA,2
ARTEMIY,MĘŻCZYZNA,2
TYKHON,MĘŻCZYZNA,2
ANDRES,MĘŻCZYZNA,2
KAJUS,MĘŻCZYZNA,2
IBROHIM,MĘŻCZYZNA,2
RENAT,MĘŻCZYZNA,2
ANDRO,MĘŻCZYZNA,2
ARMANI,MĘŻCZYZNA,2
AYOMIDE,MĘŻCZYZNA,2
OTTON,MĘŻCZYZNA,2
CIRO,MĘŻCZYZNA,2
FILEMON,MĘŻCZYZNA,2
MODEST,MĘŻCZYZNA,2
WALENTY,MĘŻCZYZNA,2
THÉO,MĘŻCZYZNA,2
LENARD,MĘŻCZYZNA,2
USMAN,MĘŻCZYZNA,2
ELIAN,MĘŻCZYZNA,2
AMMAR,MĘŻCZYZNA,2
ANATOLIJ,MĘŻCZYZNA,2
