ANTONI,4037,M
JAN,3823,M
JAKUB,3614,M
ALEKSANDER,3541,M
FRANCISZEK,3499,M
SZYMON,3107,M
FILIP,2744,M
MIKOŁAJ,2587,M
STANISŁAW,2522,M
WOJCIECH,2416,M
LEON,2302,M
ADAM,2227,M
KACPER,2166,M
NIKODEM,2081,M
MARCEL,1979,M
TYMON,1960,M
IGNACY,1869,M
MICHAŁ,1764,M
WIKTOR,1709,M
PIOTR,1476,M
IGOR,1465,M
OLIWIER,1438,M
MAKSYMILIAN,1388,M
TYMOTEUSZ,1290,M
MIŁOSZ,1254,M
BARTOSZ,1070,M
DAWID,1040,M
OSKAR,1037,M
MATEUSZ,999,M
JULIAN,995,M
KRZYSZTOF,871,M
KAROL,866,M
GABRIEL,861,M
ALAN,796,M
DOMINIK,774,M
TOMASZ,752,M
MACIEJ,750,M
HUBERT,724,M
FABIAN,700,M
BRUNO,653,M
PAWEŁ,614,M
KSAWERY,556,M
NATAN,544,M
BARTŁOMIEJ,486,M
BORYS,456,M
ARTUR,449,M
KAMIL,439,M
TADEUSZ,437,M
PATRYK,412,M
KAJETAN,401,M
CEZARY,399,M
OLAF,394,M
KUBA,384,M
ADRIAN,351,M
GRZEGORZ,338,M
HENRYK,309,M
SEBASTIAN,303,M
DANIEL,292,M
KRYSTIAN,292,M
KORNEL,291,M
JÓZEF,282,M
ERYK,279,M
WITOLD,273,M
KAZIMIERZ,256,M
JERZY,255,M
STEFAN,237,M
MILAN,235,M
MIESZKO,234,M
TOBIASZ,231,M
TEODOR,230,M
RAFAŁ,226,M
ŁUKASZ,224,M
EMIL,220,M
LEONARD,207,M
BŁAŻEJ,205,M
GUSTAW,203,M
MARCIN,201,M
KONSTANTY,197,M
DAMIAN,191,M
ROBERT,189,M
PRZEMYSŁAW,188,M
OLIVIER,187,M
RYSZARD,166,M
MAREK,165,M
NATANIEL,165,M
RADOSŁAW,156,M
JEREMI,155,M
KONRAD,149,M
FELIKS,143,M
JULIUSZ,139,M
DORIAN,134,M
ALEKS,130,M
ALEX,128,M
REMIGIUSZ,124,M
LEO,123,M
JĘDRZEJ,117,M
FLORIAN,114,M
ARKADIUSZ,113,M
GRACJAN,103,M
IWO,101,M
ALBERT,99,M
SAMUEL,99,M
LUCJAN,94,M
JACEK,93,M
LUDWIK,92,M
MAKSYM,92,M
KORDIAN,88,M
ANDRZEJ,87,M
BRAJAN,84,M
WŁADYSŁAW,73,M
JEREMIASZ,72,M
SEWERYN,72,M
ERNEST,70,M
ALEKSY,69,M
BENIAMIN,67,M
FRYDERYK,62,M
HUGO,62,M
MAURYCY,62,M
NORBERT,62,M
ALEXANDER,58,M
DAVID,52,M
MARK,50,M
OLGIERD,49,M
SZCZEPAN,48,M
CYPRIAN,45,M
TYTUS,44,M
EDWARD,43,M
ROMAN,43,M
KOSMA,42,M
MARCELI,41,M
WINCENTY,40,M
ARON,38,M
MARIUSZ,38,M
DARIUSZ,35,M
MAKS,35,M
OKTAWIAN,35,M
ZBIGNIEW,34,M
OLIWER,33,M
BRUNON,30,M
GNIEWOMIR,30,M
JOACHIM,30,M
BOGDAN,28,M
DENIS,28,M
KASJAN,28,M
OLIVER,28,M
ZACHARY,27,M
KASPIAN,26,M
KORNELIUSZ,26,M
ARTEM,25,M
MAX,25,M
ZIEMOWIT,25,M
EMILIAN,24,M
JAROSŁAW,24,M
VINCENT,24,M
JONASZ,23,M
LESZEK,23,M
LIAM,23,M
BOLESŁAW,22,M
KSAWIER,22,M
MIRON,22,M
SYLWESTER,22,M
BERNARD,21,M
WINCENT,21,M
EMANUEL,20,M
KEVIN,20,M
OLEG,20,M
MIROSŁAW,19,M
NIKOLAS,19,M
SŁAWOMIR,19,M
NOEL,18,M
BENEDYKT,17,M
BENJAMIN,17,M
BOGUSŁAW,17,M
FELICJAN,17,M
FRANEK,17,M
IVAN,17,M
LEONARDO,17,M
LEW,17,M
OLEK,17,M
TEO,17,M
ZYGMUNT,17,M
CZESŁAW,16,M
KLEMENS,16,M
TIMUR,16,M
AMADEUSZ,15,M
ELIASZ,15,M
JONATAN,15,M
LEOPOLD,15,M
MAXIMILIAN,15,M
MIECZYSŁAW,15,M
NIKITA,15,M
XAVIER,14,M
HIERONIM,13,M
MARTIN,13,M
VIKTOR,13,M
ALEK,12,M
GNIEWKO,12,M
IRENEUSZ,12,M
ROCH,12,M
WIT,12,M
ZACHARIASZ,12,M
AMIR,11,M
DOBROMIR,11,M
EDMUND,11,M
JANUSZ,11,M
OLEKSANDR,11,M
SERGIUSZ,11,M
TEOFIL,11,M
BOGUMIŁ,10,M
BRAYAN,10,M
COLIN,10,M
GNIEWOSZ,10,M
HEKTOR,10,M
IVO,10,M
KRZESIMIR,10,M
MARIAN,10,M
MICHAEL,10,M
NATHAN,10,M
NAZAR,10,M
VICTOR,10,M
WILLIAM,10,M
AARON,9,M
ANTONIO,9,M
BRONISŁAW,9,M
EDGAR,9,M
FRANCESCO,9,M
MAKARY,9,M
MATVII,9,M
OSCAR,9,M
WŁODZIMIERZ,9,M
AUGUSTYN,8,M
BARTEK,8,M
DANIIL,8,M
FELIX,8,M
GERARD,8,M
KAJ,8,M
KASPER,8,M
KEWIN,8,M
KILIAN,8,M
NICOLAS,8,M
OREST,8,M
WALDEMAR,8,M
AUGUST,7,M
IWAN,7,M
JOEL,7,M
KIRILL,7,M
NIKO,7,M
RAYAN,7,M
TYMOFII,7,M
ZAHAR,7,M
ZENON,7,M
ARSEN,6,M
ELIAS,6,M
ERWIN,6,M
JAROMIR,6,M
KONSTANTYN,6,M
MAKAR,6,M
MAKSIM,6,M
MARKUS,6,M
MAXIM,6,M
MAXYMILIAN,6,M
MYKHAILO,6,M
NATANAEL,6,M
NOAH,6,M
NOE,6,M
RAFAEL,6,M
SAMBOR,6,M
THEO,6,M
TYCJAN,6,M
XAWERY,6,M
ANTEK,5,M
ANTON,5,M
ARIEL,5,M
ARMIN,5,M
BARNABA,5,M
BAZYLI,5,M
CYRYL,5,M
DAMIR,5,M
DAVYD,5,M
DEMIAN,5,M
DIEGO,5,M
DMYTRO,5,M
DYLAN,5,M
EMMANUEL,5,M
HENRY,5,M
LUIS,5,M
NATHANIEL,5,M
SAMIR,5,M
SERAFIN,5,M
TRISTAN,5,M
VLADISLAV,5,M
WOJTEK,5,M
AIDAN,4,M
ALEKSANDR,4,M
ALI,4,M
ARIAN,4,M
ARSENIUSZ,4,M
AURELIUSZ,4,M
BASTIAN,4,M
BRYAN,4,M
CASPER,4,M
DAJAN,4,M
ERIC,4,M
HERBERT,4,M
ILIAN,4,M
IVAR,4,M
JAMES,4,M
JAROSLAW,4,M
KAI,4,M
KLIMEK,4,M
LECH,4,M
LOGAN,4,M
LUCAS,4,M
LUCJUSZ,4,M
LUKA,4,M
MARCO,4,M
MARKO,4,M
MATTEO,4,M
MATVIJ,4,M
MATVIY,4,M
NOLAN,4,M
OSTAP,4,M
ROLAND,4,M
SVIATOSLAV,4,M
WAWRZYNIEC,4,M
ZACHAR,4,M
ZAKHAR,4,M
ABDULLAH,3,M
ANATOL,3,M
ANDRII,3,M
ANTHONY,3,M
ASEN,3,M
BALTAZAR,3,M
DACJAN,3,M
DANYIL,3,M
DANYLO,3,M
DENYS,3,M
DIONIZY,3,M
EGOR,3,M
ELIAN,3,M
EMIR,3,M
ETHAN,3,M
EWAN,3,M
GERALD,3,M
IAN,3,M
ILAN,3,M
ILIA,3,M
ITAN,3,M
IZYDOR,3,M
JORDAN,3,M
JOSEPH,3,M
JOSHUA,3,M
JURIJ,3,M
KALEB,3,M
KARIM,3,M
KLAUDIUSZ,3,M
KRYSPIN,3,M
LORENZO,3,M
LOUIS,3,M
LUBOMIR,3,M
MALIK,3,M
MANUEL,3,M
MARCUS,3,M
MATVEY,3,M
MILO,3,M
MODEST,3,M
MUHAMMAD,3,M
NESTOR,3,M
PASCAL,3,M
PAVEL,3,M
ROBIN,3,M
RUBEN,3,M
SANTIAGO,3,M
SYRIUSZ,3,M
TYMOFIY,3,M
VLADYSLAV,3,M
VOLODYMYR,3,M
WILHELM,3,M
WITOSŁAW,3,M
YAROSLAV,3,M
YUSUF,3,M
ZAWISZA,3,M
ALESSANDRO,2,M
ALEXANDRE,2,M
ALLAN,2,M
ANASTAZY,2,M
ANDRIJ,2,M
ANTONIUSZ,2,M
APOLONIUSZ,2,M
ARAMIS,2,M
ARSENII,2,M
ARTEMII,2,M
ARTEMIUSZ,2,M
AVYAAN,2,M
AXEL,2,M
BOGUSZ,2,M
BOHDAN,2,M
BRAIAN,2,M
CEZAR,2,M
COLLIN,2,M
CONNOR,2,M
DANG KHOI,2,M
DANIL,2,M
DENNIS,2,M
DUY ANH,2,M
EHOR,2,M
ELDAR,2,M
ELIZEUSZ,2,M
ERIK,2,M
EUGENIUSZ,2,M
EVGENI,2,M
FABIO,2,M
FIODOR,2,M
FRANK,2,M
FREDERICK,2,M
GEORGE,2,M
GIA BAO,2,M
GILBERT,2,M
GIORGI,2,M
GIULIO,2,M
GLEB,2,M
GROMOSŁAW,2,M
HERMAN,2,M
HIPOLIT,2,M
IBRAGIM,2,M
IDZI,2,M
ILLIA,2,M
ILLYA,2,M
ISMAEL,2,M
JACOB,2,M
JAREMA,2,M
JAROGNIEW,2,M
JAVIER,2,M
JEGOR,2,M
JUAN,2,M
KIRIL,2,M
KONSTANTINOS,2,M
KOSTEK,2,M
KYRYLO,2,M
LAURENTY,2,M
LEOKADIUSZ,2,M
LEV,2,M
LIONEL,2,M
LUCA,2,M
LUKAS,2,M
LUKE,2,M
LUKIAN,2,M
MATEO,2,M
MATEUS,2,M
MATVEI,2,M
MATWIEJ,2,M
MAXIMUS,2,M
MICHAL,2,M
MICHELE,2,M
MIGUEL,2,M
MIKE,2,M
MIŁOSŁAW,2,M
MINH,2,M
MYRON,2,M
NICK,2,M
NIKOLOZ,2,M
OLEKSANDER,2,M
OMAR,2,M
ORLANDO,2,M
OTTO,2,M
PABLO,2,M
PATRYCJUSZ,2,M
PEDRO,2,M
PHILIP,2,M
PLATON,2,M
RADEK,2,M
RADOMIR,2,M
RADOSLAV,2,M
RADZIMIR,2,M
RAGNAR,2,M
RAJMUND,2,M
RICHARD,2,M
SAMSON,2,M
SAMY,2,M
SANTINO,2,M
SERGII,2,M
SIEMOWIT,2,M
SIMON,2,M
THEODORE,2,M
TIAGO,2,M
TOBIAS,2,M
TUAN ANH,2,M
TYMUR,2,M
VASYL,2,M
VLADIMIR,2,M
WALENTY,2,M
WASYL,2,M
WITEK,2,M
YAN,2,M
YEGOR,2,M
YEHOR,2,M
YU CHEN,2,M
ZBYSZKO,2,M
ZLATAN,2,M
ZYGFRYD,2,M
JULIA,3649,K
ZUZANNA,3639,K
ZOFIA,3588,K
HANNA,3364,K
MAJA,3244,K
LENA,2633,K
ALICJA,2564,K
OLIWIA,2395,K
MARIA,2372,K
LAURA,2049,K
POLA,1979,K
AMELIA,1968,K
EMILIA,1905,K
ANTONINA,1902,K
WIKTORIA,1872,K
ALEKSANDRA,1726,K
MARCELINA,1701,K
IGA,1480,K
LILIANA,1471,K
HELENA,1397,K
NATALIA,1354,K
MICHALINA,1340,K
KLARA,1338,K
GABRIELA,1311,K
ANNA,1190,K
NADIA,1144,K
KORNELIA,1009,K
BLANKA,982,K
MILENA,976,K
JAGODA,896,K
ŁUCJA,883,K
NELA,832,K
KAJA,774,K
MARTYNA,762,K
NIKOLA,721,K
NINA,707,K
BARBARA,682,K
WERONIKA,677,K
ANASTAZJA,668,K
LILIANNA,614,K
AGATA,597,K
KAROLINA,563,K
MATYLDA,560,K
ANIELA,549,K
MAGDALENA,494,K
MIA,488,K
KINGA,455,K
RÓŻA,424,K
SARA,422,K
ELIZA,421,K
ROZALIA,414,K
ADRIANNA,387,K
JOANNA,386,K
IZABELA,373,K
MAŁGORZATA,362,K
PAULINA,341,K
KALINA,340,K
LIWIA,330,K
MARIANNA,300,K
KATARZYNA,297,K
URSZULA,290,K
MARTA,284,K
EWA,275,K
LIDIA,275,K
AURELIA,271,K
MALWINA,268,K
GAJA,265,K
MELANIA,265,K
DOMINIKA,246,K
KLAUDIA,238,K
BIANKA,227,K
PATRYCJA,222,K
OLGA,219,K
APOLONIA,217,K
IDA,191,K
ZOJA,184,K
WANDA,182,K
JAGNA,181,K
DOROTA,170,K
DARIA,165,K
ADA,164,K
RITA,145,K
MARIKA,138,K
KAMILA,137,K
STEFANIA,126,K
DIANA,123,K
DAGMARA,122,K
LILIA,121,K
INGA,119,K
ELENA,116,K
JADWIGA,114,K
LUIZA,107,K
MONIKA,107,K
JOWITA,101,K
AGNIESZKA,100,K
SANDRA,99,K
TOLA,99,K
ELŻBIETA,98,K
JANINA,96,K
ROKSANA,94,K
NEL,89,K
SOFIA,88,K
EMMA,84,K
KARINA,83,K
LARA,81,K
LILA,81,K
MARLENA,81,K
ADELA,79,K
JAŚMINA,71,K
JUSTYNA,71,K
JULIANNA,70,K
OLIVIA,70,K
ALINA,67,K
JULITA,65,K
LEA,65,K
CELINA,64,K
EWELINA,64,K
KRYSTYNA,62,K
NATASZA,62,K
ANITA,60,K
KONSTANCJA,60,K
ESTERA,59,K
OTYLIA,58,K
IZABELLA,57,K
FELICJA,56,K
SONIA,55,K
JUDYTA,52,K
VANESSA,48,K
TERESA,46,K
FAUSTYNA,45,K
NOEMI,44,K
KLEMENTYNA,42,K
LIVIA,41,K
MARIETTA,41,K
SABINA,40,K
GLORIA,39,K
MILANA,39,K
FLORENTYNA,38,K
LUCYNA,38,K
MALINA,37,K
OKTAWIA,37,K
PAULA,37,K
DANUTA,35,K
SYLWIA,34,K
INES,33,K
NICOLA,33,K
AMANDA,32,K
INKA,32,K
MILA,30,K
STELLA,30,K
VICTORIA,30,K
ALISA,29,K
AURORA,29,K
MAGDA,29,K
MIRA,29,K
INEZ,28,K
MIRIAM,28,K
VIKTORIA,28,K
FRANCISZKA,27,K
IRENA,27,K
ARIANA,26,K
EDYTA,26,K
KIRA,26,K
ANTONIA,25,K
HONORATA,25,K
TAMARA,25,K
ADRIANA,24,K
CECYLIA,23,K
OLA,23,K
LILLA,22,K
OLIMPIA,22,K
ROMA,22,K
ANGELIKA,21,K
JÓZEFINA,21,K
MAYA,21,K
SAMANTA,21,K
ANETA,20,K
LARYSA,20,K
BEATA,19,K
ZLATA,19,K
MIRELLA,18,K
TATIANA,18,K
DOBRAWA,17,K
HANA,17,K
JANA,17,K
MARCJANNA,17,K
SOFIIA,17,K
IDALIA,16,K
MELISA,16,K
POLINA,16,K
CARMEN,15,K
HIACYNTA,15,K
NASTIA,15,K
WIOLETTA,15,K
DALIA,14,K
JOLANTA,14,K
LETYCJA,14,K
NICOLE,14,K
BOGNA,13,K
HALINA,13,K
IRMINA,13,K
JESSICA,13,K
KSENIA,13,K
LILI,13,K
MARCELA,13,K
NELIA,13,K
SELENA,13,K
SOPHIA,13,K
WALERIA,13,K
WANESSA,13,K
BOGUMIŁA,12,K
INA,12,K
JASMINA,12,K
MARINA,12,K
ANDŻELIKA,11,K
EVA,11,K
ILONA,11,K
KATIA,11,K
LAILA,11,K
STANISŁAWA,11,K
VERONIKA,11,K
ZOE,11,K
ZOYA,11,K
ANASTASIA,10,K
IZA,10,K
LAYLA,10,K
LUKRECJA,10,K
MARITA,10,K
NELLA,10,K
ARINA,9,K
ELEONORA,9,K
EMILY,9,K
GRETA,9,K
LEYLA,9,K
LILY,9,K
NAOMI,9,K
PAMELA,9,K
ARIANNA,8,K
DOBROSŁAWA,8,K
ELWIRA,8,K
JANKA,8,K
LILLY,8,K
MARYLA,8,K
MELISSA,8,K
SOPHIE,8,K
ŻANETA,8,K
ALEXANDRA,7,K
ANGELINA,7,K
ANIKA,7,K
CHARLOTTE,7,K
HALSZKA,7,K
KASANDRA,7,K
KORA,7,K
LEONIA,7,K
MAJKA,7,K
MIJA,7,K
MIŁOSŁAWA,7,K
NADZIEJA,7,K
NASTAZJA,7,K
NELL,7,K
OLENA,7,K
REGINA,7,K
SARAH,7,K
ABIGAIL,6,K
ADELAJDA,6,K
ADELINA,6,K
ALENA,6,K
ANASTASIIA,6,K
ARLETA,6,K
BERENIKA,6,K
BOŻENA,6,K
DANIELA,6,K
EMANUELA,6,K
EVELINA,6,K
FLORA,6,K
GRACJA,6,K
HANIA,6,K
ILIANA,6,K
IWONA,6,K
KATERYNA,6,K
LUDMIŁA,6,K
MANUELA,6,K
MARIIA,6,K
MARZENA,6,K
MIROSŁAWA,6,K
OLEKSANDRA,6,K
RENATA,6,K
SABRINA,6,K
VARVARA,6,K
WIOLETA,6,K
YELYZAVETA,6,K
ZOSIA,6,K
ZUZA,6,K
ARIA,5,K
BIANCA,5,K
DOBROMIŁA,5,K
ELIANA,5,K
ELIZABETH,5,K
FILOMENA,5,K
KAYA,5,K
LEILA,5,K
LEOKADIA,5,K
LINDA,5,K
LORENA,5,K
LUNA,5,K
MARIOLA,5,K
MIKAELA,5,K
NELLY,5,K
NIKOL,5,K
SAWA,5,K
SOFIJA,5,K
SOLOMIIA,5,K
VERA,5,K
WALENTYNA,5,K
ADEL,4,K
AMINA,4,K
ANATOLA,4,K
AYA,4,K
BELLA,4,K
BOGUSŁAWA,4,K
CHANEL,4,K
DAGNA,4,K
DEBORA,4,K
DOBROCHNA,4,K
ELISA,4,K
EMI,4,K
ERIKA,4,K
GABI,4,K
HANNAH,4,K
JASMINE,4,K
JULIANA,4,K
KIARA,4,K
KRISTINA,4,K
LANA,4,K
LIA,4,K
MIROSLAVA,4,K
MIYA,4,K
NICOL,4,K
NIKA,4,K
NOELIA,4,K
SALMA,4,K
SIMONA,4,K
SOLOMIA,4,K
VALENTINA,4,K
VIOLETTA,4,K
VIVIEN,4,K
WIWIANA,4,K
ZOI,4,K
AMIRA,3,K
ANAYA,3,K
ARIADNA,3,K
BERNADETA,3,K
BERNADETTA,3,K
BRONISŁAWA,3,K
CELESTYNA,3,K
CHLOE,3,K
CLARA,3,K
DARINA,3,K
DARYNA,3,K
ELINA,3,K
EMILIIA,3,K
FABIOLA,3,K
FLAVIA,3,K
FRANCESCA,3,K
GABRIELLA,3,K
GRAŻYNA,3,K
ISABELLA,3,K
JEWA,3,K
KARMEN,3,K
KAYLA,3,K
KHADIJA,3,K
KLAUDYNA,3,K
LARISA,3,K
LEIA,3,K
LIJA,3,K
LINA,3,K
LUCY,3,K
LUDWIKA,3,K
MAGNOLIA,3,K
MARGARITA,3,K
MATILDA,3,K
MEGAN,3,K
MELODY,3,K
MICHAELA,3,K
MICHELLE,3,K
MILLA,3,K
MIŁKA,3,K
MIRANDA,3,K
NAWOJKA,3,K
OKSANA,3,K
OLHA,3,K
ORIANA,3,K
PELAGIA,3,K
ROSA,3,K
ROXANA,3,K
RUT,3,K
RUTA,3,K
SAMIRA,3,K
TEKLA,3,K
TEODORA,3,K
VERONICA,3,K
VIVIENNE,3,K
WANESA,3,K
WARWARA,3,K
YUNA,3,K
ZOEY,3,K
ZYTA,3,K
AFINA,2,K
AICHA,2,K
AIDA,2,K
AISHA,2,K
ALDONA,2,K
ALEXIA,2,K
ALICE,2,K
ALITA,2,K
AMALIA,2,K
AMY,2,K
ANASTASIYA,2,K
ANATOLIA,2,K
ANDREA,2,K
ARLETTA,2,K
ASTRID,2,K
ASYA,2,K
AVA,2,K
AYLA,2,K
BALBINA,2,K
BAO AN,2,K
BAO NHI,2,K
BRYGIDA,2,K
CIRILLA,2,K
CYNTIA,2,K
DANA,2,K
DELFINA,2,K
DONATA,2,K
ELENI,2,K
ELIZAVETA,2,K
EMILI,2,K
EMILIYA,2,K
ERYKA,2,K
ESMERALDA,2,K
EUGENIA,2,K
EULALIA,2,K
FATIMA,2,K
FLAWIA,2,K
FLORENCJA,2,K
GAIA,2,K
GAYA,2,K
IMAN,2,K
INESS,2,K
INGRID,2,K
IRINA,2,K
IVANNA,2,K
JASMIN,2,K
KAMELIA,2,K
KATALEYA,2,K
KATJA,2,K
KAZIMIERA,2,K
KIM NGAN,2,K
KSENIIA,2,K
LARYSSA,2,K
LAWINIA,2,K
LILLI,2,K
LIWIANA,2,K
LOTTA,2,K
LOUISE,2,K
MALIKA,2,K
MARGARYTA,2,K
MARIAM,2,K
MARIAMI,2,K
MARIJA,2,K
MARYAM,2,K
MARYSIA,2,K
MELA,2,K
MIKA,2,K
MIŁANA,2,K
MIRABELLE,2,K
NALA,2,K
NICA,2,K
NIKOLE,2,K
NORA,2,K
OFELIA,2,K
PAOLA,2,K
RABIJA,2,K
RAMONA,2,K
REBEKA,2,K
RIMA,2,K
SAFIYA,2,K
SALOMEA,2,K
SAMANTHA,2,K
SELINA,2,K
SOLOMIJA,2,K
SORAJA,2,K
TULIA,2,K
ULA,2,K
ULIANA,2,K
VALERIA,2,K
WERA,2,K
WIERA,2,K
WIRGINIA,2,K
WITALINA,2,K
YAMINA,2,K
YANA,2,K
YEVA,2,K
YULIIA,2,K
ZŁATA,2,K
ZORIANA,2,K
ŻYWIA,2,K
