Imię,Liczba,Płeć
JAN,2784,M
PIOTR,1708,M
JÓZEF,1419,M
STANISŁAW,1351,M
MICHAŁ,1040,M
KRZYSZTOF,1011,M
PAWEŁ,972,M
TOMASZ,841,M
ANDRZEJ,807,M
FRANCISZEK,798,M
ADAM,795,M
ANTONI,792,M
JAKUB,785,M
ALEKSANDER,772,M
ŁUKASZ,686,M
MAREK,678,M
MATEUSZ,613,M
MARCIN,597,M
TADEUSZ,580,M
WOJCIECH,580,M
JERZY,554,M
HENRYK,513,M
GRZEGORZ,494,M
KAZIMIERZ,448,M
SZYMON,439,M
MIKOŁAJ,420,M
KAROL,406,M
DAWID,395,M
KAMIL,360,M
MACIEJ,356,M
FILIP,355,M
RAFAŁ,340,M
RYSZARD,329,M
IGNACY,316,M
WIKTOR,313,M
LEON,303,M
KACPER,302,M
MAKSYMILIAN,296,M
ARTUR,283,M
DARIUSZ,280,M
ROBERT,277,M
ZBIGNIEW,264,M
SEBASTIAN,261,M
MARIUSZ,255,M
DOMINIK,246,M
GABRIEL,241,M
PATRYK,232,M
DAMIAN,225,M
DANIEL,223,M
WŁADYSŁAW,208,M
EDWARD,205,M
JACEK,200,M
BARTOSZ,196,M
ADRIAN,193,M
BARTŁOMIEJ,183,M
MARIAN,183,M
ROMAN,173,M
STEFAN,173,M
JULIAN,168,M
NIKODEM,155,M
MIROSŁAW,153,M
OLIWIER,137,M
JAROSŁAW,136,M
JANUSZ,134,M
SŁAWOMIR,132,M
KRYSTIAN,130,M
PRZEMYSŁAW,127,M
IGOR,125,M
HUBERT,121,M
MIŁOSZ,121,M
KONRAD,120,M
MARCEL,120,M
ARKADIUSZ,116,M
MIECZYSŁAW,110,M
LESZEK,107,M
BOGDAN,106,M
WIESŁAW,98,M
CZESŁAW,96,M
ZYGMUNT,95,M
ZDZISŁAW,93,M
OSKAR,91,M
RADOSŁAW,88,M
WALDEMAR,82,M
EUGENIUSZ,78,M
SYLWESTER,75,M
TYMOTEUSZ,73,M
BOLESŁAW,71,M
KSAWERY,70,M
ALAN,69,M
BOGUSŁAW,68,M
FELIKS,68,M
FABIAN,67,M
EMIL,64,M
IRENEUSZ,64,M
WITOLD,62,M
NATAN,59,M
BŁAŻEJ,58,M
TYMON,56,M
ERYK,55,M
LUDWIK,54,M
BRONISŁAW,53,M
FLORIAN,53,M
BRUNO,52,M
KONSTANTY,52,M
CEZARY,50,M
ALBERT,48,M
BERNARD,48,M
KAJETAN,47,M
WŁODZIMIERZ,47,M
ZENON,44,M
TEODOR,41,M
LUCJAN,40,M
GUSTAW,38,M
SAMUEL,38,M
SZCZEPAN,37,M
BORYS,36,M
NORBERT,36,M
TOBIASZ,36,M
WINCENTY,36,M
EDMUND,34,M
KUBA,34,M
LECH,32,M
OLAF,31,M
JULIUSZ,30,M
FRYDERYK,29,M
KORNEL,29,M
WALENTY,29,M
MIESZKO,28,M
JOACHIM,27,M
JEREMI,26,M
LEONARD,26,M
SEWERYN,26,M
BENEDYKT,23,M
DORIAN,23,M
MARIA,23,M
NATANIEL,22,M
REMIGIUSZ,22,M
GERARD,21,M
ERNEST,20,M
LEO,19,M
ALEX,18,M
AMADEUSZ,18,M
IWO,18,M
WACŁAW,18,M
BENIAMIN,17,M
ALFRED,16,M
AUGUSTYN,16,M
OLIVIER,16,M
CYPRIAN,15,M
GRACJAN,15,M
HUGO,15,M
JĘDRZEJ,15,M
LEW,15,M
MILAN,15,M
WILHELM,15,M
JONASZ,14,M
LEOPOLD,14,M
LESŁAW,14,M
MAURYCY,14,M
ROCH,14,M
ALEXANDER,13,M
MARCELI,13,M
AUGUST,12,M
HIERONIM,12,M
KORDIAN,12,M
OLGIERD,12,M
BOGUMIŁ,11,M
BRAJAN,11,M
BRUNON,11,M
JEREMIASZ,11,M
TYTUS,11,M
WIT,11,M
ALOJZY,10,M
KLEMENS,10,M
KOSMA,10,M
RUDOLF,10,M
ALEKSY,9,M
KLAUDIUSZ,9,M
ROMUALD,9,M
VINCENT,9,M
ALEKS,8,M
ARON,8,M
BOŻYDAR,8,M
GNIEWKO,8,M
KASJAN,8,M
TEOFIL,8,M
AMBROŻY,7,M
ARIEL,7,M
EMANUEL,7,M
EMILIAN,7,M
ERWIN,7,M
MAKSYM,7,M
MARTIN,7,M
NICOLAS,7,M
OKTAWIAN,7,M
WAWRZYNIEC,7,M
ARNOLD,6,M
BASTIAN,6,M
BAZYLI,6,M
FELICJAN,6,M
FERDYNAND,6,M
KRZESIMIR,6,M
LEONARDO,6,M
MAKS,6,M
MAX,6,M
RAFAEL,6,M
WENANTY,6,M
ZACHARY,6,M
ZIEMOWIT,6,M
ALBIN,5,M
AURELIUSZ,5,M
EDWIN,5,M
EMMANUEL,5,M
GNIEWOMIR,5,M
IZYDOR,5,M
JAMES,5,M
JONATAN,5,M
KASPER,5,M
LIAM,5,M
MAXIMILIAN,5,M
MICHAEL,5,M
OLIVER,5,M
RAGNAR,5,M
SERGIUSZ,5,M
SYRIUSZ,5,M
WINCENT,5,M
ZACHARIASZ,5,M
AARON,4,M
ANATOL,4,M
ANTHONY,4,M
BALTAZAR,4,M
BARNABA,4,M
BENJAMIN,4,M
CYRYL,4,M
DENIS,4,M
DIEGO,4,M
ELIASZ,4,M
IDZI,4,M
KEVIN,4,M
LOUIS,4,M
MELCHIOR,4,M
MIRON,4,M
NATHAN,4,M
NIKOLAS,4,M
NOAH,4,M
NOE,4,M
OSWALD,4,M
RADOMIR,4,M
RAJMUND,4,M
ROLAND,4,M
SZARBEL,4,M
TYBERIUSZ,4,M
VIKTOR,4,M
WILLIAM,4,M
ALI,3,M
ARMIN,3,M
ARSEN,3,M
BENON,3,M
BOHDAN,3,M
BONAWENTURA,3,M
BRAYAN,3,M
CHARBEL,3,M
DANTE,3,M
DAVID,3,M
DOBROMIR,3,M
EDGAR,3,M
FRANCESCO,3,M
FRANCIS,3,M
FRANEK,3,M
FRANZ,3,M
GILBERT,3,M
GIOVANNI,3,M
HEKTOR,3,M
HENRY,3,M
HERBERT,3,M
HERMAN,3,M
HORACY,3,M
IWAN,3,M
KASPIAN,3,M
KORNELIUSZ,3,M
KRYSPIN,3,M
LUCJUSZ,3,M
LUDOMIR,3,M
LUKA,3,M
ŁUCJAN,3,M
MIKE,3,M
MOHAMMED,3,M
NARCYZ,3,M
OLIWER,3,M
PANKRACY,3,M
PIO,3,M
RADZIMIR,3,M
ROGER,3,M
SINGH,3,M
TYCJAN,3,M
WALERIAN,3,M
WALTER,3,M
XAVIER,3,M
ZAWISZA,3,M
AIDEN,2,M
ALEKSANDR,2,M
AMADEUS,2,M
ANGELO,2,M
ANTON,2,M
ANTONIO,2,M
ANTONIUSZ,2,M
AXEL,2,M
BARTEK,2,M
BEN,2,M
BJORN,2,M
BJØRN,2,M
BOGUSZ,2,M
CHIBUEZE,2,M
DAMAZY,2,M
DONAT,2,M
DRAGOMIR,2,M
DYLAN,2,M
EFE,2,M
ELON,2,M
ERIC,2,M
ETHAN,2,M
EUSTACHY,2,M
GAWEŁ,2,M
GINTER,2,M
GNIEWOSZ,2,M
GROMOSŁAW,2,M
HADRIAN,2,M
HAKAN,2,M
HAN,2,M
HARALD,2,M
HERKULES,2,M
IVAN,2,M
IVO,2,M
JACENTY,2,M
JANUARY,2,M
JAREMA,2,M
JAROMIR,2,M
JAVIER,2,M
JOHN,2,M
JOSEPH,2,M
JOSÉ,2,M
KAI,2,M
KAJ,2,M
KSAWIER,2,M
LUBOMIR,2,M
LUIS,2,M
LUKAS,2,M
LUKE,2,M
MAGNUS,2,M
MARCO,2,M
MARK,2,M
MATEO,2,M
MAXYMILIAN,2,M
MIGUEL,2,M
MIKHAIL,2,M
MOJŻESZ,2,M
NAPOLEON,2,M
OLEKSANDR,2,M
OREST,2,M
ORLANDO,2,M
PATRYCJUSZ,2,M
RADOMIŁ,2,M
SAMBOR,2,M
SASZA,2,M
SERAFIN,2,M
SERHII,2,M
SZCZĘSNY,2,M
TEO,2,M
THOMAS,2,M
TIMUR,2,M
VICTOR,2,M
VOLODYMYR,2,M
YUSUF,2,M
ZBYSŁAW,2,M
ZYGFRYD,2,M
ZYNDRAM,2,M
MARIA,3600,K
ANNA,2512,K
ZOFIA,1198,K
MAGDALENA,824,K
HELENA,805,K
KATARZYNA,727,K
ALEKSANDRA,713,K
JULIA,683,K
WIKTORIA,666,K
MAŁGORZATA,635,K
BARBARA,623,K
ALICJA,613,K
EWA,609,K
ŁUCJA,543,K
JOANNA,491,K
WERONIKA,488,K
ELŻBIETA,461,K
ZUZANNA,458,K
AGNIESZKA,437,K
LAURA,413,K
NATALIA,413,K
EMILIA,403,K
KAROLINA,398,K
TERESA,396,K
MAJA,374,K
HANNA,371,K
KRYSTYNA,366,K
ANTONINA,363,K
MARTA,361,K
MONIKA,338,K
OLIWIA,333,K
JADWIGA,308,K
RITA,302,K
ANASTAZJA,285,K
KLARA,274,K
AMELIA,272,K
RÓŻA,270,K
PAULINA,257,K
JANINA,250,K
ANIELA,242,K
DOROTA,236,K
AGATA,231,K
MICHALINA,231,K
GABRIELA,230,K
IRENA,224,K
IZABELA,222,K
LENA,221,K
MARIANNA,221,K
DANUTA,207,K
URSZULA,204,K
DOMINIKA,186,K
BEATA,181,K
PATRYCJA,180,K
KINGA,178,K
WANDA,160,K
HALINA,158,K
MARCELINA,154,K
JOLANTA,149,K
NADIA,141,K
JUSTYNA,137,K
KORNELIA,136,K
IWONA,135,K
KAMILA,135,K
MARTYNA,135,K
POLA,135,K
STEFANIA,131,K
SYLWIA,130,K
LIDIA,129,K
FAUSTYNA,127,K
KLAUDIA,127,K
ROZALIA,126,K
JAGODA,125,K
IGA,122,K
BOŻENA,118,K
LILIANA,116,K
GRAŻYNA,103,K
STANISŁAWA,100,K
EWELINA,98,K
NIKOLA,96,K
BLANKA,92,K
MILENA,88,K
DARIA,87,K
RENATA,86,K
MATYLDA,83,K
NINA,76,K
SARA,74,K
MIA,72,K
EDYTA,70,K
ELIZA,68,K
LILIANNA,67,K
SABINA,67,K
ADRIANNA,66,K
AURELIA,66,K
JÓZEFA,66,K
ANETA,65,K
MARZENA,64,K
FRANCISZKA,63,K
JÓZEFINA,62,K
CECYLIA,61,K
OLGA,60,K
GAJA,59,K
LUCYNA,59,K
KAJA,58,K
ANGELIKA,55,K
ALINA,54,K
SANDRA,54,K
DIANA,53,K
NELA,48,K
REGINA,48,K
LIWIA,47,K
WIOLETTA,47,K
IDA,44,K
MARIOLA,44,K
WIESŁAWA,43,K
FELICJA,40,K
JULIANNA,40,K
ADELA,39,K
APOLONIA,38,K
ROKSANA,37,K
KONSTANCJA,36,K
LUIZA,36,K
ILONA,35,K
NADZIEJA,35,K
LEOKADIA,34,K
BOGUMIŁA,32,K
CELINA,31,K
BERNADETA,30,K
ELENA,30,K
KALINA,30,K
LEA,29,K
BIANKA,28,K
MALWINA,28,K
MARLENA,28,K
MELANIA,28,K
WŁADYSŁAWA,28,K
DAGMARA,27,K
ESTERA,27,K
MIROSŁAWA,27,K
KAZIMIERA,26,K
CZESŁAWA,25,K
ANITA,24,K
MARIKA,23,K
ELEONORA,21,K
JUDYTA,21,K
SONIA,21,K
ADA,20,K
DANIELA,20,K
EMMA,20,K
GENOWEFA,20,K
GLORIA,20,K
IZABELLA,20,K
AURORA,19,K
BOGUSŁAWA,19,K
INGA,19,K
PAULA,19,K
HONORATA,18,K
ŻANETA,18,K
JULITA,17,K
KARINA,17,K
LILIA,17,K
NOEMI,17,K
SOFIA,17,K
BRONISŁAWA,16,K
MALINA,16,K
WIOLETA,16,K
BRYGIDA,15,K
JAGNA,15,K
NEL,15,K
OTYLIA,15,K
WALERIA,15,K
ZOJA,15,K
INKA,14,K
MAGDA,14,K
TAMARA,14,K
HENRYKA,13,K
LUNA,13,K
OKTAWIA,13,K
VICTORIA,13,K
EUGENIA,12,K
HIACYNTA,12,K
LUDWIKA,12,K
VIOLETTA,12,K
JAŚMINA,11,K
JOWITA,11,K
KLEMENTYNA,11,K
ROMA,11,K
WALENTYNA,11,K
LILA,10,K
MIRIAM,10,K
BERNADETTA,9,K
FLORENTYNA,9,K
GERTRUDA,9,K
INEZ,9,K
LARA,9,K
MELISA,9,K
OLIVIA,9,K
STELLA,9,K
-,8,K
AMANDA,8,K
LIVIA,8,K
NICOLA,8,K
VANESSA,8,K
ALDONA,7,K
ARLETA,7,K
ERYKA,7,K
GRACJA,7,K
INES,7,K
MARIE,7,K
MIRA,7,K
PELAGIA,7,K
ROMANA,7,K
SAMANTA,7,K
ALBINA,6,K
ANDŻELIKA,6,K
BALBINA,6,K
CIRILLA,6,K
DALIA,6,K
FLORA,6,K
LARYSA,6,K
MIECZYSŁAWA,6,K
NATASZA,6,K
ADELAJDA,5,K
ARIANA,5,K
BOGNA,5,K
ELWIRA,5,K
FILOMENA,5,K
IDALIA,5,K
KSENIA,5,K
LUDMIŁA,5,K
LUKRECJA,5,K
MARIETTA,5,K
OLIMPIA,5,K
SALOMEA,5,K
SOPHIA,5,K
TATIANA,5,K
TEODORA,5,K
VIKTORIA,5,K
ADRIANA,4,K
ALEXANDRA,4,K
ATENA,4,K
CARMEN,4,K
GIZELA,4,K
HILDEGARDA,4,K
IRMINA,4,K
JANA,4,K
KIRA,4,K
LUCJA,4,K
MARCELA,4,K
MARIIA,4,K
MARZENNA,4,K
MERCEDES,4,K
MILA,4,K
NAOMI,4,K
NICOLE,4,K
OKSANA,4,K
REBEKA,4,K
ZDZISŁAWA,4,K
ZOSIA,4,K
ANGELINA,3,K
ANIKA,3,K
ANTONIA,3,K
BERENIKA,3,K
BIANCA,3,K
BOŻENNA,3,K
CELESTYNA,3,K
DOBRAWA,3,K
DOBROSŁAWA,3,K
DOMICELA,3,K
EMANUELA,3,K
FELIKSA,3,K
FRIDA,3,K
IRIS,3,K
IZA,3,K
JESSICA,3,K
KORA,3,K
LARISSA,3,K
LIA,3,K
LILLA,3,K
MANUELA,3,K
MARIETA,3,K
MARINA,3,K
MARZANNA,3,K
MAYA,3,K
MELODY,3,K
MILANA,3,K
MIŁOSŁAWA,3,K
NIKOLETTA,3,K
OFELIA,3,K
OLA,3,K
POLINA,3,K
ROSA,3,K
ROSE,3,K
SŁAWA,3,K
TEODOZJA,3,K
TEOFILA,3,K
TOLA,3,K
WANESSA,3,K
ZOE,3,K
ZUZA,3,K
ZYTA,3,K
ŻYWIA,3,K
AFRODYTA,2,K
AMALIA,2,K
AMINA,2,K
AMIRA,2,K
ANASTASIA,2,K
ARYA,2,K
AUGUSTYNA,2,K
BELLA,2,K
BERNARDA,2,K
CARMELA,2,K
CATALEYA,2,K
CHARLOTTE,2,K
CYNTIA,2,K
DAJANA,2,K
DOBROCHNA,2,K
DONATA,2,K
ELIZABETH,2,K
EMILY,2,K
ERIKA,2,K
ERNA,2,K
FABIOLA,2,K
FORTUNATA,2,K
FRANCESCA,2,K
FRANCZESKA,2,K
GEMMA,2,K
GRETA,2,K
HANA,2,K
HATICE,2,K
IGNACJA,2,K
ISABEL,2,K
ISMENA,2,K
IWETTA,2,K
JANKA,2,K
KAMILLA,2,K
KARMEN,2,K
KASANDRA,2,K
KATALEJA,2,K
KAUR,2,K
KIM,2,K
KLAUDYNA,2,K
KUNEGUNDA,2,K
LAILA,2,K
LEIA,2,K
LIGIA,2,K
LILI,2,K
LILLI,2,K
LILY,2,K
LISA,2,K
LOTTA,2,K
LOUISE,2,K
MAE,2,K
MAŁGORZTA,2,K
MARIJA,2,K
MARTINA,2,K
MARYLA,2,K
MERYEM,2,K
MICHAELA,2,K
MICHELLE,2,K
MIŁA,2,K
MIŁKA,2,K
NAWOJKA,2,K
NELIA,2,K
NELLY,2,K
NIKOL,2,K
NOA,2,K
ODETTE,2,K
PALOMA,2,K
RAFKA,2,K
RAISA,2,K
RANA,2,K
RUT,2,K
RUTA,2,K
RUTH,2,K
RYSZARDA,2,K
SARAH,2,K
SERAFINA,2,K
SIGRID,2,K
SŁAWOMIRA,2,K
SOPHIE,2,K
TEKLA,2,K
VERA,2,K
VIVIEN,2,K
YASMIN,2,K
ZELIA,2,K
ZOYA,2,K
ZUZIA,2,K
