JAN,3212,M
PIOTR,1911,M
STANISŁAW,1412,M
PAWEŁ,1208,M
JÓZEF,1203,M
KRZYSZTOF,1197,M
MICHAŁ,1143,M
TOMASZ,979,M
ADAM,911,M
JAKUB,893,M
FRANCISZEK,885,M
ANDRZEJ,882,M
ANTONI,838,M
WOJCIECH,782,M
ALEKSANDER,778,M
ŁUKASZ,762,M
MATEUSZ,718,M
MARCIN,716,M
MAREK,654,M
KAROL,611,M
TADEUSZ,609,M
JERZY,591,M
GRZEGORZ,540,M
DAWID,522,M
SZYMON,479,M
HENRYK,446,M
MACIEJ,441,M
KAZIMIERZ,415,M
KAMIL,413,M
MIKOŁAJ,395,M
FILIP,366,M
RAFAŁ,353,M
KACPER,345,M
RYSZARD,341,M
WIKTOR,334,M
ROBERT,321,M
MAKSYMILIAN,315,M
DOMINIK,312,M
SEBASTIAN,308,M
ARTUR,305,M
DARIUSZ,299,M
IGNACY,298,M
LEON,292,M
ZBIGNIEW,288,M
MARIUSZ,274,M
PATRYK,262,M
GABRIEL,260,M
JACEK,255,M
DAMIAN,250,M
DANIEL,248,M
ADRIAN,234,M
WŁADYSŁAW,226,M
BARTOSZ,207,M
ROMAN,193,M
BARTŁOMIEJ,188,M
STEFAN,183,M
MARIAN,171,M
SŁAWOMIR,168,M
MIROSŁAW,163,M
PRZEMYSŁAW,161,M
JULIAN,158,M
KRYSTIAN,157,M
NIKODEM,154,M
EDWARD,153,M
JANUSZ,153,M
JAROSŁAW,150,M
MARCEL,148,M
OLIWIER,137,M
HUBERT,132,M
ARKADIUSZ,129,M
IGOR,129,M
KONRAD,124,M
LESZEK,123,M
MIECZYSŁAW,119,M
WIESŁAW,113,M
OSKAR,112,M
MIŁOSZ,111,M
WALDEMAR,108,M
BOGDAN,106,M
CZESŁAW,102,M
ZYGMUNT,99,M
WITOLD,91,M
RADOSŁAW,87,M
TYMOTEUSZ,80,M
ALAN,77,M
CEZARY,73,M
EUGENIUSZ,72,M
FELIKS,71,M
FABIAN,66,M
KSAWERY,66,M
LUDWIK,66,M
NATAN,66,M
TYMON,65,M
IRENEUSZ,62,M
BOGUSŁAW,61,M
SYLWESTER,61,M
ZDZISŁAW,60,M
NORBERT,59,M
BRONISŁAW,57,M
BŁAŻEJ,56,M
EMIL,56,M
FLORIAN,55,M
BRUNO,53,M
KAJETAN,52,M
SZCZEPAN,51,M
BORYS,47,M
LUCJAN,47,M
TEODOR,47,M
ERYK,44,M
BOLESŁAW,43,M
OLAF,43,M
LEONARD,42,M
KONSTANTY,41,M
WŁODZIMIERZ,39,M
ALBERT,38,M
MIESZKO,37,M
ZENON,36,M
FRYDERYK,35,M
GUSTAW,35,M
SEWERYN,34,M
KORNEL,33,M
BERNARD,32,M
EDMUND,32,M
WINCENTY,32,M
LECH,31,M
KUBA,28,M
GRACJAN,27,M
ROCH,27,M
SAMUEL,27,M
TOBIASZ,27,M
GERARD,24,M
MARIA,24,M
NATANIEL,24,M
REMIGIUSZ,24,M
EMANUEL,23,M
JULIUSZ,23,M
ERNEST,22,M
ALEKS,21,M
IWO,21,M
JOACHIM,21,M
KOSMA,21,M
WACŁAW,21,M
LEO,20,M
MAURYCY,20,M
WALENTY,20,M
ALEXANDER,19,M
AUGUSTYN,19,M
BENIAMIN,18,M
BOGUMIŁ,18,M
LEOPOLD,18,M
LEW,18,M
OLIVIER,18,M
LESŁAW,17,M
ALOJZY,16,M
BENEDYKT,16,M
JĘDRZEJ,16,M
AUGUST,15,M
CYPRIAN,15,M
MAKSYM,15,M
ALFRED,14,M
BRUNON,14,M
JEREMI,14,M
BOŻYDAR,13,M
HUGO,13,M
ALEKSY,12,M
MAX,12,M
OKTAWIAN,12,M
WAWRZYNIEC,12,M
ALBIN,11,M
HIERONIM,11,M
KORDIAN,11,M
MARCELI,11,M
MILAN,11,M
RUDOLF,11,M
TYTUS,11,M
WIT,11,M
DORIAN,10,M
GNIEWKO,10,M
KLEMENS,10,M
MARTIN,10,M
MICHAEL,10,M
OLGIERD,10,M
SZARBEL,10,M
TEOFIL,10,M
ALEX,9,M
AMADEUSZ,9,M
ARON,9,M
BRAJAN,9,M
KLAUDIUSZ,9,M
KRZESIMIR,9,M
OLIVER,9,M
AURELIUSZ,8,M
BENJAMIN,8,M
DAVID,8,M
DENIS,8,M
JEREMIASZ,8,M
MAKS,8,M
ARIEL,7,M
GERALT,7,M
SERGIUSZ,7,M
ZACHARY,7,M
ALI,6,M
AMBROŻY,6,M
ANTHONY,6,M
ARNOLD,6,M
DOBROMIR,6,M
JACENTY,6,M
JONASZ,6,M
RADOMIR,6,M
RAGNAR,6,M
VINCENT,6,M
WILHELM,6,M
ZIEMOWIT,6,M
ANATOL,5,M
BARNABA,5,M
CHARBEL,5,M
ELIASZ,5,M
ERWIN,5,M
FERDYNAND,5,M
IVAN,5,M
JAMES,5,M
MAKARY,5,M
MAXIMILIAN,5,M
OLIWER,5,M
RAJMUND,5,M
ROMEO,5,M
ROMUALD,5,M
WINCENT,5,M
BALTAZAR,4,M
CYRYL,4,M
DIEGO,4,M
EDWIN,4,M
EMILIAN,4,M
FELIX,4,M
GILBERT,4,M
GROMOSŁAW,4,M
IDZI,4,M
KASJAN,4,M
KASPIAN,4,M
KRYSPIN,4,M
KSAWIER,4,M
LUCJUSZ,4,M
MELCHIOR,4,M
NIKOLAS,4,M
NOE,4,M
NOEL,4,M
PAUL,4,M
PIO,4,M
RADZIMIR,4,M
SZCZĘSNY,4,M
WALERIAN,4,M
WERNER,4,M
ZBYSZKO,4,M
AARON,3,M
AHMED,3,M
BASTIAN,3,M
CHRISTIAN,3,M
DIONIZY,3,M
ENZO,3,M
FELICJAN,3,M
GNIEWOMIR,3,M
HEKTOR,3,M
IZAAK,3,M
IZYDOR,3,M
JONATAN,3,M
KARIM,3,M
KASPER,3,M
KEWIN,3,M
KOBE,3,M
KONSTANTYN,3,M
KORNELIUSZ,3,M
KRYSTYN,3,M
LONGIN,3,M
LOUIS,3,M
MAXYMILIAN,3,M
NOAH,3,M
ONUFRY,3,M
OSWALD,3,M
PATRYCJUSZ,3,M
ROLAND,3,M
VICTOR,3,M
VINCENZO,3,M
WALTER,3,M
WENANTY,3,M
WILLIAM,3,M
XAWERY,3,M
ABRAHAM,2,M
ALEJANDRO,2,M
ANASTAZY,2,M
ANGELO,2,M
ANTON,2,M
ANZELM,2,M
ARKADY,2,M
ARMIN,2,M
ARTEM,2,M
ATANAZY,2,M
AUGUSTUS,2,M
AYAAN,2,M
BAZYLI,2,M
BOHDAN,2,M
BONAWENTURA,2,M
DOBROMIŁ,2,M
DUC,2,M
ELIGIUSZ,2,M
EMIR,2,M
EMMANUEL,2,M
EUSTACHY,2,M
EZECHIEL,2,M
FERNANDO,2,M
GIUSEPPE,2,M
HANS,2,M
HERBERT,2,M
HERKULES,2,M
HIPOLIT,2,M
IWAN,2,M
JANUARY,2,M
JAROMIR,2,M
JASON,2,M
JOEL,2,M
JONATHAN,2,M
JORDAN,2,M
JOSEPH,2,M
JOSHUA,2,M
JULIEN,2,M
JURAND,2,M
JUSTYN,2,M
KEVIN,2,M
KRISTAPS,2,M
LIAM,2,M
LIONEL,2,M
LUIS,2,M
MAGNUS,2,M
MANUEL,2,M
MOJMIR,2,M
NARCYZ,2,M
NATHAN,2,M
NATHANIEL,2,M
OBINNA,2,M
OLEK,2,M
OLEKSANDR,2,M
OTTON,2,M
PABLO,2,M
PASCAL,2,M
PATRICK,2,M
PIERRE,2,M
RAFAEL,2,M
RICHARD,2,M
ROHAN,2,M
SALIM,2,M
SALOMON,2,M
SAMBOR,2,M
SANTIAGO,2,M
SELIM,2,M
SIEMOWIT,2,M
SIMON,2,M
SOBIESŁAW,2,M
STEVEN,2,M
SYLWERIUSZ,2,M
TEO,2,M
THEO,2,M
THEODOR,2,M
THOMAS,2,M
TYCJAN,2,M
VALENTINO,2,M
VASYL,2,M
VOLODYMYR,2,M
WALERY,2,M
WOJTEK,2,M
WOLFGANG,2,M
YANIS,2,M
YOUSSEF,2,M
ZEFIRYN,2,M
ZYGFRYD,2,M
MARIA,3986,K
ANNA,2892,K
ZOFIA,1295,K
MAGDALENA,993,K
KATARZYNA,858,K
JULIA,813,K
WIKTORIA,755,K
ALEKSANDRA,734,K
HELENA,724,K
EWA,699,K
BARBARA,677,K
MAŁGORZATA,659,K
ALICJA,584,K
ŁUCJA,573,K
WERONIKA,560,K
JOANNA,534,K
AGNIESZKA,533,K
NATALIA,517,K
KAROLINA,504,K
ELŻBIETA,499,K
ZUZANNA,487,K
EMILIA,428,K
TERESA,426,K
MARTA,424,K
KRYSTYNA,422,K
ANTONINA,399,K
HANNA,394,K
MAJA,392,K
LAURA,389,K
MONIKA,358,K
OLIWIA,347,K
RITA,321,K
ANASTAZJA,319,K
JADWIGA,309,K
PAULINA,300,K
JANINA,297,K
AGATA,285,K
KLARA,270,K
AMELIA,265,K
MICHALINA,264,K
GABRIELA,260,K
MARIANNA,260,K
DOROTA,252,K
DANUTA,250,K
IRENA,248,K
KINGA,248,K
LENA,246,K
ANIELA,244,K
RÓŻA,236,K
URSZULA,232,K
IZABELA,228,K
PATRYCJA,202,K
BEATA,199,K
DOMINIKA,196,K
JUSTYNA,184,K
MARCELINA,175,K
MARTYNA,169,K
KLAUDIA,162,K
JOLANTA,156,K
JAGODA,154,K
FAUSTYNA,145,K
KAMILA,143,K
POLA,141,K
STEFANIA,141,K
HALINA,138,K
NADIA,136,K
LIDIA,133,K
DARIA,132,K
WANDA,131,K
KORNELIA,128,K
ROZALIA,127,K
SYLWIA,125,K
IWONA,123,K
STANISŁAWA,122,K
GRAŻYNA,117,K
EWELINA,116,K
BOŻENA,114,K
IGA,109,K
BLANKA,106,K
NIKOLA,106,K
LILIANA,103,K
MILENA,101,K
ELIZA,85,K
MATYLDA,85,K
CECYLIA,80,K
OLGA,79,K
RENATA,79,K
MIA,76,K
AURELIA,74,K
NINA,74,K
SARA,74,K
ALINA,73,K
EDYTA,73,K
ADRIANNA,72,K
JÓZEFA,70,K
LILIANNA,69,K
ANETA,68,K
LUCYNA,68,K
GAJA,66,K
MARZENA,63,K
SABINA,60,K
BOGUMIŁA,57,K
KAJA,57,K
SANDRA,55,K
WIOLETTA,52,K
ANGELIKA,51,K
MARIOLA,50,K
DIANA,48,K
JÓZEFINA,47,K
MARLENA,47,K
REGINA,47,K
DAGMARA,45,K
FRANCISZKA,44,K
KONSTANCJA,44,K
NELA,44,K
KALINA,41,K
APOLONIA,39,K
ROKSANA,37,K
BERNADETA,36,K
KAZIMIERA,36,K
BIANKA,35,K
EMMA,35,K
LIWIA,35,K
LUIZA,35,K
LEA,34,K
WIESŁAWA,34,K
IDA,33,K
MIROSŁAWA,33,K
DANIELA,31,K
KARINA,31,K
BOGUSŁAWA,30,K
FELICJA,30,K
LEOKADIA,30,K
MALWINA,30,K
MELANIA,30,K
ANITA,29,K
IZABELLA,28,K
JUDYTA,28,K
ELENA,27,K
JULIANNA,27,K
HONORATA,26,K
ESTERA,25,K
NADZIEJA,25,K
ILONA,24,K
ADA,23,K
ADELA,23,K
AURORA,23,K
CZESŁAWA,21,K
VICTORIA,21,K
WIOLETA,21,K
BRONISŁAWA,20,K
SONIA,20,K
PAULA,19,K
WALENTYNA,19,K
CELINA,18,K
MARIKA,18,K
JULITA,17,K
MAGDA,17,K
GENOWEFA,16,K
MALINA,16,K
ŻANETA,16,K
LILIA,15,K
SOFIA,15,K
WŁADYSŁAWA,15,K
BRYGIDA,14,K
EUGENIA,14,K
HENRYKA,14,K
JAGNA,14,K
KLEMENTYNA,14,K
NATASZA,14,K
OKTAWIA,14,K
AMANDA,13,K
BERNADETTA,13,K
INGA,13,K
LILA,13,K
OTYLIA,13,K
WALERIA,13,K
ANDŻELIKA,12,K
ELEONORA,12,K
GLORIA,12,K
HIACYNTA,12,K
JAŚMINA,12,K
OLIMPIA,12,K
PELAGIA,12,K
VIKTORIA,12,K
VIOLETTA,12,K
ADRIANA,11,K
MARIETTA,11,K
ROMA,11,K
MERCEDES,10,K
MIRIAM,10,K
NEL,10,K
NICOLA,10,K
VANESSA,10,K
NOEMI,9,K
STELLA,9,K
FILOMENA,8,K
JOWITA,8,K
MARCJANNA,8,K
INES,7,K
LARA,7,K
LUDWIKA,7,K
OLIVIA,7,K
ROSE,7,K
SALOMEA,7,K
SAMANTA,7,K
ZOJA,7,K
ALDONA,6,K
BOGNA,6,K
DOBRAWA,6,K
FLORENTYNA,6,K
INEZ,6,K
INKA,6,K
LUNA,6,K
MARCELA,6,K
MARIE,6,K
MIRA,6,K
NASTIA,6,K
TAMARA,6,K
ZDZISŁAWA,6,K
ADELAJDA,5,K
ANGELINA,5,K
ANTONIA,5,K
CARMEN,5,K
ELWIRA,5,K
ISABELLA,5,K
JESSICA,5,K
KSENIA,5,K
LARYSA,5,K
MARYLA,5,K
MARZANNA,5,K
ROMANA,5,K
TEODORA,5,K
-,4,K
ALEXANDRA,4,K
BOŻENNA,4,K
DAJANA,4,K
DOBROSŁAWA,4,K
ERYKA,4,K
GERTRUDA,4,K
GIZELA,4,K
HANA,4,K
IRMINA,4,K
LEONIA,4,K
LIGIA,4,K
LILLA,4,K
LILLY,4,K
LIVIA,4,K
LUDMIŁA,4,K
MIECZYSŁAWA,4,K
NAWOJKA,4,K
NICOLE,4,K
RUT,4,K
RUTA,4,K
RYSZARDA,4,K
SŁAWA,4,K
SOPHIA,4,K
TATIANA,4,K
AMALIA,3,K
AMINA,3,K
ANASTASIA,3,K
ANIKA,3,K
ARLETA,3,K
ARLETTA,3,K
AUGUSTYNA,3,K
AYLA,3,K
BALBINA,3,K
CELESTYNA,3,K
CIRILLA,3,K
DALIA,3,K
DONATA,3,K
ELIZABETH,3,K
EMMANUELA,3,K
EULALIA,3,K
EVA,3,K
FELIKSA,3,K
INA,3,K
KAMILLA,3,K
KATIA,3,K
LAILA,3,K
LETYCJA,3,K
LILI,3,K
LISA,3,K
LUCJA,3,K
LUKRECJA,3,K
MELISA,3,K
MILA,3,K
OLA,3,K
OLEKSANDRA,3,K
ORIANA,3,K
RACHELA,3,K
SCARLETT,3,K
TEODOZJA,3,K
TOLA,3,K
WACŁAWA,3,K
ZARA,3,K
ZENONA,3,K
ZOE,3,K
ZYTA,3,K
ADAMINA,2,K
ADELINA,2,K
ALFREDA,2,K
ALICE,2,K
ANA,2,K
ANABELLA,2,K
ANDREA,2,K
ANGELA,2,K
ARIA,2,K
ARIANNA,2,K
ARKADIA,2,K
ARYA,2,K
AUGUSTA,2,K
AYA,2,K
BERNADETTE,2,K
BIBIANNA,2,K
CLARA,2,K
CYNTIA,2,K
DELFINA,2,K
DOBROMIŁA,2,K
DOMICELA,2,K
ELIF,2,K
ELISABETH,2,K
ELLA,2,K
FLORA,2,K
GEMMA,2,K
GERDA,2,K
GIANNA,2,K
GRACJA,2,K
GRETA,2,K
HERMINA,2,K
HILDEGARDA,2,K
IRINA,2,K
ISABELLE,2,K
JACQUELINE,2,K
JANA,2,K
JANE,2,K
JASMINA,2,K
JOSEPHINE,2,K
JOY,2,K
KATHARINA,2,K
KIRA,2,K
KORA,2,K
KUNEGUNDA,2,K
LAJLA,2,K
LEILA,2,K
LEONA,2,K
LEONTYNA,2,K
LIA,2,K
LILY,2,K
LINDA,2,K
LONGINA,2,K
LORENA,2,K
LUCIA,2,K
MAI,2,K
MARA,2,K
MARINA,2,K
MIJA,2,K
MIKA,2,K
MILIANA,2,K
MIRANDA,2,K
MIRELA,2,K
MIRELLA,2,K
MODESTA,2,K
NAOMI,2,K
NELIA,2,K
NELLA,2,K
NICOL,2,K
ODETTA,2,K
PAMELA,2,K
PETRONELA,2,K
REBEKA,2,K
ROSALIA,2,K
ROZA,2,K
SAWA,2,K
SIMONA,2,K
SOFI,2,K
SZCZĘSNA,2,K
TEKLA,2,K
VALENTINA,2,K
WALESKA,2,K
WANESA,2,K
WENANCJA,2,K
WILHELMINA,2,K
ZAHRA,2,K
ŻYWIA,2,K
