KOD WOJ,WOJEWÓDZTWO,IMIĘ_DRUGIE,PŁEĆ,LICZBA_WYSTĄPIEŃ
02,DOLNOŚLĄSKIE,MARIA,KOBIETA,606
02,DOLNOŚLĄSKIE,ANNA,KOBIETA,453
02,DOLNOŚLĄSKIE,ZOFIA,KOBIETA,218
02,DOLNOŚLĄSKIE,HELENA,KOBIETA,163
02,DOLNOŚLĄSKIE,ALEKSANDRA,KOBIETA,149
02,DOLNOŚLĄSKIE,MAGDALENA,KOBIETA,148
02,DOLNOŚLĄSKIE,WIKTORIA,KOBIETA,145
02,DOLNOŚLĄSKIE,JULIA,KOBIETA,142
02,DOLNOŚLĄSKIE,KATARZYNA,KOBIETA,140
02,DOLNOŚLĄSKIE,EWA,KOBIETA,140
02,DOLNOŚLĄSKIE,ALICJA,KOBIETA,124
02,DOLNOŚLĄSKIE,MAŁGORZATA,KOBIETA,121
02,DOLNOŚLĄSKIE,ELŻBIETA,KOBIETA,99
02,DOLNOŚLĄSKIE,BARBARA,KOBIETA,99
02,DOLNOŚLĄSKIE,NATALIA,KOBIETA,94
02,DOLNOŚLĄSKIE,ZUZANNA,KOBIETA,90
02,DOLNOŚLĄSKIE,KAROLINA,KOBIETA,90
02,DOLNOŚLĄSKIE,JOANNA,KOBIETA,87
02,DOLNOŚLĄSKIE,EMILIA,KOBIETA,87
02,DOLNOŚLĄSKIE,HANNA,KOBIETA,84
02,DOLNOŚLĄSKIE,OLIWIA,KOBIETA,80
02,DOLNOŚLĄSKIE,ŁUCJA,KOBIETA,79
02,DOLNOŚLĄSKIE,WERONIKA,KOBIETA,78
02,DOLNOŚLĄSKIE,KRYSTYNA,KOBIETA,77
02,DOLNOŚLĄSKIE,ANTONINA,KOBIETA,72
02,DOLNOŚLĄSKIE,TERESA,KOBIETA,69
02,DOLNOŚLĄSKIE,JADWIGA,KOBIETA,66
02,DOLNOŚLĄSKIE,ANASTAZJA,KOBIETA,64
02,DOLNOŚLĄSKIE,MAJA,KOBIETA,63
02,DOLNOŚLĄSKIE,JANINA,KOBIETA,63
02,DOLNOŚLĄSKIE,AMELIA,KOBIETA,63
02,DOLNOŚLĄSKIE,AGNIESZKA,KOBIETA,63
02,DOLNOŚLĄSKIE,MARTA,KOBIETA,62
02,DOLNOŚLĄSKIE,DANUTA,KOBIETA,56
02,DOLNOŚLĄSKIE,URSZULA,KOBIETA,53
02,DOLNOŚLĄSKIE,GABRIELA,KOBIETA,53
02,DOLNOŚLĄSKIE,MICHALINA,KOBIETA,52
02,DOLNOŚLĄSKIE,MARIANNA,KOBIETA,51
02,DOLNOŚLĄSKIE,MONIKA,KOBIETA,50
02,DOLNOŚLĄSKIE,LAURA,KOBIETA,49
02,DOLNOŚLĄSKIE,AGATA,KOBIETA,49
02,DOLNOŚLĄSKIE,KINGA,KOBIETA,46
02,DOLNOŚLĄSKIE,LENA,KOBIETA,45
02,DOLNOŚLĄSKIE,BEATA,KOBIETA,44
02,DOLNOŚLĄSKIE,PAULINA,KOBIETA,41
02,DOLNOŚLĄSKIE,KLARA,KOBIETA,40
02,DOLNOŚLĄSKIE,MARCELINA,KOBIETA,39
02,DOLNOŚLĄSKIE,KAMILA,KOBIETA,38
02,DOLNOŚLĄSKIE,IRENA,KOBIETA,38
02,DOLNOŚLĄSKIE,ANIELA,KOBIETA,38
02,DOLNOŚLĄSKIE,ROZALIA,KOBIETA,35
02,DOLNOŚLĄSKIE,IZABELA,KOBIETA,33
02,DOLNOŚLĄSKIE,HALINA,KOBIETA,33
02,DOLNOŚLĄSKIE,RÓŻA,KOBIETA,30
02,DOLNOŚLĄSKIE,NADIA,KOBIETA,30
02,DOLNOŚLĄSKIE,DOROTA,KOBIETA,30
02,DOLNOŚLĄSKIE,JAGODA,KOBIETA,29
02,DOLNOŚLĄSKIE,STEFANIA,KOBIETA,28
02,DOLNOŚLĄSKIE,DOMINIKA,KOBIETA,28
02,DOLNOŚLĄSKIE,JOLANTA,KOBIETA,27
02,DOLNOŚLĄSKIE,PATRYCJA,KOBIETA,26
02,DOLNOŚLĄSKIE,LIDIA,KOBIETA,26
02,DOLNOŚLĄSKIE,KORNELIA,KOBIETA,26
02,DOLNOŚLĄSKIE,JUSTYNA,KOBIETA,26
02,DOLNOŚLĄSKIE,IGA,KOBIETA,25
02,DOLNOŚLĄSKIE,POLA,KOBIETA,24
02,DOLNOŚLĄSKIE,IWONA,KOBIETA,24
02,DOLNOŚLĄSKIE,GRAŻYNA,KOBIETA,24
02,DOLNOŚLĄSKIE,WANDA,KOBIETA,23
02,DOLNOŚLĄSKIE,STANISŁAWA,KOBIETA,23
02,DOLNOŚLĄSKIE,BOŻENA,KOBIETA,23
02,DOLNOŚLĄSKIE,MARTYNA,KOBIETA,22
02,DOLNOŚLĄSKIE,SARA,KOBIETA,21
02,DOLNOŚLĄSKIE,NINA,KOBIETA,21
02,DOLNOŚLĄSKIE,KLAUDIA,KOBIETA,20
02,DOLNOŚLĄSKIE,SYLWIA,KOBIETA,19
02,DOLNOŚLĄSKIE,MATYLDA,KOBIETA,19
02,DOLNOŚLĄSKIE,LILIANA,KOBIETA,19
02,DOLNOŚLĄSKIE,EWELINA,KOBIETA,19
02,DOLNOŚLĄSKIE,NIKOLA,KOBIETA,18
02,DOLNOŚLĄSKIE,KAJA,KOBIETA,17
02,DOLNOŚLĄSKIE,JÓZEFA,KOBIETA,17
02,DOLNOŚLĄSKIE,RITA,KOBIETA,16
02,DOLNOŚLĄSKIE,MILENA,KOBIETA,16
02,DOLNOŚLĄSKIE,DARIA,KOBIETA,16
02,DOLNOŚLĄSKIE,RENATA,KOBIETA,15
02,DOLNOŚLĄSKIE,MIA,KOBIETA,15
02,DOLNOŚLĄSKIE,LILIANNA,KOBIETA,15
02,DOLNOŚLĄSKIE,EDYTA,KOBIETA,15
02,DOLNOŚLĄSKIE,MARZENA,KOBIETA,14
02,DOLNOŚLĄSKIE,AURELIA,KOBIETA,14
02,DOLNOŚLĄSKIE,ALINA,KOBIETA,14
02,DOLNOŚLĄSKIE,SABINA,KOBIETA,13
02,DOLNOŚLĄSKIE,LUCYNA,KOBIETA,13
02,DOLNOŚLĄSKIE,ELIZA,KOBIETA,13
02,DOLNOŚLĄSKIE,ADRIANNA,KOBIETA,13
02,DOLNOŚLĄSKIE,WIOLETTA,KOBIETA,12
02,DOLNOŚLĄSKIE,ROKSANA,KOBIETA,12
02,DOLNOŚLĄSKIE,MALWINA,KOBIETA,12
02,DOLNOŚLĄSKIE,DIANA,KOBIETA,12
02,DOLNOŚLĄSKIE,ANETA,KOBIETA,12
02,DOLNOŚLĄSKIE,ILONA,KOBIETA,11
02,DOLNOŚLĄSKIE,FAUSTYNA,KOBIETA,11
02,DOLNOŚLĄSKIE,CECYLIA,KOBIETA,11
02,DOLNOŚLĄSKIE,BOGUMIŁA,KOBIETA,11
02,DOLNOŚLĄSKIE,OLGA,KOBIETA,10
02,DOLNOŚLĄSKIE,MARIOLA,KOBIETA,10
02,DOLNOŚLĄSKIE,DAGMARA,KOBIETA,10
02,DOLNOŚLĄSKIE,NELA,KOBIETA,9
02,DOLNOŚLĄSKIE,LIWIA,KOBIETA,9
02,DOLNOŚLĄSKIE,GAJA,KOBIETA,9
02,DOLNOŚLĄSKIE,FRANCISZKA,KOBIETA,9
02,DOLNOŚLĄSKIE,SANDRA,KOBIETA,8
02,DOLNOŚLĄSKIE,MARIKA,KOBIETA,8
02,DOLNOŚLĄSKIE,KARINA,KOBIETA,8
02,DOLNOŚLĄSKIE,EMMA,KOBIETA,8
02,DOLNOŚLĄSKIE,BLANKA,KOBIETA,8
02,DOLNOŚLĄSKIE,WIESŁAWA,KOBIETA,7
02,DOLNOŚLĄSKIE,REGINA,KOBIETA,7
02,DOLNOŚLĄSKIE,LEOKADIA,KOBIETA,7
02,DOLNOŚLĄSKIE,LEA,KOBIETA,7
02,DOLNOŚLĄSKIE,KALINA,KOBIETA,7
02,DOLNOŚLĄSKIE,HONORATA,KOBIETA,7
02,DOLNOŚLĄSKIE,DANIELA,KOBIETA,7
02,DOLNOŚLĄSKIE,BIANKA,KOBIETA,7
02,DOLNOŚLĄSKIE,ANITA,KOBIETA,7
02,DOLNOŚLĄSKIE,ANGELIKA,KOBIETA,7
02,DOLNOŚLĄSKIE,VICTORIA,KOBIETA,6
02,DOLNOŚLĄSKIE,MARLENA,KOBIETA,6
02,DOLNOŚLĄSKIE,MALINA,KOBIETA,6
02,DOLNOŚLĄSKIE,LARA,KOBIETA,6
02,DOLNOŚLĄSKIE,GENOWEFA,KOBIETA,6
02,DOLNOŚLĄSKIE,FELICJA,KOBIETA,6
02,DOLNOŚLĄSKIE,EUGENIA,KOBIETA,6
02,DOLNOŚLĄSKIE,ESTERA,KOBIETA,6
02,DOLNOŚLĄSKIE,ADA,KOBIETA,6
02,DOLNOŚLĄSKIE,WIOLETA,KOBIETA,5
02,DOLNOŚLĄSKIE,WALERIA,KOBIETA,5
02,DOLNOŚLĄSKIE,VIOLETTA,KOBIETA,5
02,DOLNOŚLĄSKIE,VIKTORIA,KOBIETA,5
02,DOLNOŚLĄSKIE,PELAGIA,KOBIETA,5
02,DOLNOŚLĄSKIE,NOEMI,KOBIETA,5
02,DOLNOŚLĄSKIE,NICOLA,KOBIETA,5
02,DOLNOŚLĄSKIE,NATASZA,KOBIETA,5
02,DOLNOŚLĄSKIE,MELANIA,KOBIETA,5
02,DOLNOŚLĄSKIE,KONSTANCJA,KOBIETA,5
02,DOLNOŚLĄSKIE,KAZIMIERA,KOBIETA,5
02,DOLNOŚLĄSKIE,JÓZEFINA,KOBIETA,5
02,DOLNOŚLĄSKIE,JAŚMINA,KOBIETA,5
02,DOLNOŚLĄSKIE,BOGUSŁAWA,KOBIETA,5
02,DOLNOŚLĄSKIE,BALBINA,KOBIETA,5
02,DOLNOŚLĄSKIE,ADELA,KOBIETA,5
02,DOLNOŚLĄSKIE,WŁADYSŁAWA,KOBIETA,4
02,DOLNOŚLĄSKIE,ROMA,KOBIETA,4
02,DOLNOŚLĄSKIE,MIROSŁAWA,KOBIETA,4
02,DOLNOŚLĄSKIE,LUIZA,KOBIETA,4
02,DOLNOŚLĄSKIE,LILA,KOBIETA,4
02,DOLNOŚLĄSKIE,JULIANNA,KOBIETA,4
02,DOLNOŚLĄSKIE,JUDYTA,KOBIETA,4
02,DOLNOŚLĄSKIE,INGA,KOBIETA,4
02,DOLNOŚLĄSKIE,CZESŁAWA,KOBIETA,4
02,DOLNOŚLĄSKIE,BERNADETTA,KOBIETA,4
02,DOLNOŚLĄSKIE,ALDONA,KOBIETA,4
02,DOLNOŚLĄSKIE,ŻANETA,KOBIETA,3
02,DOLNOŚLĄSKIE,WALENTYNA,KOBIETA,3
02,DOLNOŚLĄSKIE,ROSE,KOBIETA,3
02,DOLNOŚLĄSKIE,PAULA,KOBIETA,3
02,DOLNOŚLĄSKIE,OKTAWIA,KOBIETA,3
02,DOLNOŚLĄSKIE,NADZIEJA,KOBIETA,3
02,DOLNOŚLĄSKIE,MIRA,KOBIETA,3
02,DOLNOŚLĄSKIE,LUNA,KOBIETA,3
02,DOLNOŚLĄSKIE,LILLA,KOBIETA,3
02,DOLNOŚLĄSKIE,JULITA,KOBIETA,3
02,DOLNOŚLĄSKIE,JOWITA,KOBIETA,3
02,DOLNOŚLĄSKIE,IZABELLA,KOBIETA,3
02,DOLNOŚLĄSKIE,HIACYNTA,KOBIETA,3
02,DOLNOŚLĄSKIE,GRETA,KOBIETA,3
02,DOLNOŚLĄSKIE,GIZELA,KOBIETA,3
02,DOLNOŚLĄSKIE,ELENA,KOBIETA,3
02,DOLNOŚLĄSKIE,DOBRAWA,KOBIETA,3
02,DOLNOŚLĄSKIE,CELINA,KOBIETA,3
02,DOLNOŚLĄSKIE,BRONISŁAWA,KOBIETA,3
02,DOLNOŚLĄSKIE,AURORA,KOBIETA,3
02,DOLNOŚLĄSKIE,AMANDA,KOBIETA,3
02,DOLNOŚLĄSKIE,ŻYWIA,KOBIETA,2
02,DOLNOŚLĄSKIE,ZOJA,KOBIETA,2
02,DOLNOŚLĄSKIE,ZDZISŁAWA,KOBIETA,2
02,DOLNOŚLĄSKIE,TEODOZJA,KOBIETA,2
02,DOLNOŚLĄSKIE,ŚWIĘTOSŁAWA,KOBIETA,2
02,DOLNOŚLĄSKIE,SOPHIA,KOBIETA,2
02,DOLNOŚLĄSKIE,SOFIA,KOBIETA,2
02,DOLNOŚLĄSKIE,RUT,KOBIETA,2
02,DOLNOŚLĄSKIE,OLIVIA,KOBIETA,2
02,DOLNOŚLĄSKIE,OLIMPIA,KOBIETA,2
02,DOLNOŚLĄSKIE,MILA,KOBIETA,2
02,DOLNOŚLĄSKIE,MERCEDES,KOBIETA,2
02,DOLNOŚLĄSKIE,MELISA,KOBIETA,2
02,DOLNOŚLĄSKIE,MARINA,KOBIETA,2
02,DOLNOŚLĄSKIE,MARCELA,KOBIETA,2
02,DOLNOŚLĄSKIE,LILIA,KOBIETA,2
02,DOLNOŚLĄSKIE,KLEMENTYNA,KOBIETA,2
02,DOLNOŚLĄSKIE,IDA,KOBIETA,2
02,DOLNOŚLĄSKIE,GRACE,KOBIETA,2
02,DOLNOŚLĄSKIE,GLORIA,KOBIETA,2
02,DOLNOŚLĄSKIE,ELWIRA,KOBIETA,2
02,DOLNOŚLĄSKIE,ELEONORA,KOBIETA,2
02,DOLNOŚLĄSKIE,DOBROSŁAWA,KOBIETA,2
02,DOLNOŚLĄSKIE,CARMEN,KOBIETA,2
02,DOLNOŚLĄSKIE,BOGNA,KOBIETA,2
02,DOLNOŚLĄSKIE,BERENIKA,KOBIETA,2
02,DOLNOŚLĄSKIE,ATENA,KOBIETA,2
02,DOLNOŚLĄSKIE,ARIANA,KOBIETA,2
02,DOLNOŚLĄSKIE,APOLONIA,KOBIETA,2
02,DOLNOŚLĄSKIE,ANETTA,KOBIETA,2
02,DOLNOŚLĄSKIE,ANDŻELIKA,KOBIETA,2
02,DOLNOŚLĄSKIE,AMIRA,KOBIETA,2
02,DOLNOŚLĄSKIE,ALFREDA,KOBIETA,2
02,DOLNOŚLĄSKIE,ADELAJDA,KOBIETA,2
04,KUJAWSKO-POMORSKIE,MARIA,KOBIETA,267
04,KUJAWSKO-POMORSKIE,ANNA,KOBIETA,215
04,KUJAWSKO-POMORSKIE,ZOFIA,KOBIETA,80
04,KUJAWSKO-POMORSKIE,MAGDALENA,KOBIETA,70
04,KUJAWSKO-POMORSKIE,HELENA,KOBIETA,68
04,KUJAWSKO-POMORSKIE,BARBARA,KOBIETA,58
04,KUJAWSKO-POMORSKIE,MAŁGORZATA,KOBIETA,57
04,KUJAWSKO-POMORSKIE,KATARZYNA,KOBIETA,57
04,KUJAWSKO-POMORSKIE,EWA,KOBIETA,50
04,KUJAWSKO-POMORSKIE,ALEKSANDRA,KOBIETA,49
04,KUJAWSKO-POMORSKIE,TERESA,KOBIETA,44
04,KUJAWSKO-POMORSKIE,ALICJA,KOBIETA,44
04,KUJAWSKO-POMORSKIE,ELŻBIETA,KOBIETA,43
04,KUJAWSKO-POMORSKIE,JULIA,KOBIETA,42
04,KUJAWSKO-POMORSKIE,JOANNA,KOBIETA,40
04,KUJAWSKO-POMORSKIE,WIKTORIA,KOBIETA,38
04,KUJAWSKO-POMORSKIE,HANNA,KOBIETA,38
04,KUJAWSKO-POMORSKIE,ŁUCJA,KOBIETA,36
04,KUJAWSKO-POMORSKIE,KRYSTYNA,KOBIETA,35
04,KUJAWSKO-POMORSKIE,AGATA,KOBIETA,35
04,KUJAWSKO-POMORSKIE,WERONIKA,KOBIETA,34
04,KUJAWSKO-POMORSKIE,MARTA,KOBIETA,34
04,KUJAWSKO-POMORSKIE,NATALIA,KOBIETA,32
04,KUJAWSKO-POMORSKIE,AGNIESZKA,KOBIETA,32
04,KUJAWSKO-POMORSKIE,ANTONINA,KOBIETA,31
04,KUJAWSKO-POMORSKIE,AMELIA,KOBIETA,31
04,KUJAWSKO-POMORSKIE,ZUZANNA,KOBIETA,30
04,KUJAWSKO-POMORSKIE,KAROLINA,KOBIETA,30
04,KUJAWSKO-POMORSKIE,JANINA,KOBIETA,28
04,KUJAWSKO-POMORSKIE,ANASTAZJA,KOBIETA,28
04,KUJAWSKO-POMORSKIE,MAJA,KOBIETA,26
04,KUJAWSKO-POMORSKIE,IRENA,KOBIETA,26
04,KUJAWSKO-POMORSKIE,URSZULA,KOBIETA,25
04,KUJAWSKO-POMORSKIE,LENA,KOBIETA,25
04,KUJAWSKO-POMORSKIE,GABRIELA,KOBIETA,25
04,KUJAWSKO-POMORSKIE,MICHALINA,KOBIETA,24
04,KUJAWSKO-POMORSKIE,LAURA,KOBIETA,24
04,KUJAWSKO-POMORSKIE,OLIWIA,KOBIETA,23
04,KUJAWSKO-POMORSKIE,MONIKA,KOBIETA,23
04,KUJAWSKO-POMORSKIE,MARIANNA,KOBIETA,23
04,KUJAWSKO-POMORSKIE,JADWIGA,KOBIETA,23
04,KUJAWSKO-POMORSKIE,KLARA,KOBIETA,22
04,KUJAWSKO-POMORSKIE,EMILIA,KOBIETA,21
04,KUJAWSKO-POMORSKIE,HALINA,KOBIETA,20
04,KUJAWSKO-POMORSKIE,PAULINA,KOBIETA,18
04,KUJAWSKO-POMORSKIE,IZABELA,KOBIETA,18
04,KUJAWSKO-POMORSKIE,STANISŁAWA,KOBIETA,17
04,KUJAWSKO-POMORSKIE,MARCELINA,KOBIETA,17
04,KUJAWSKO-POMORSKIE,BEATA,KOBIETA,17
04,KUJAWSKO-POMORSKIE,DANUTA,KOBIETA,16
04,KUJAWSKO-POMORSKIE,WANDA,KOBIETA,15
04,KUJAWSKO-POMORSKIE,RÓŻA,KOBIETA,15
04,KUJAWSKO-POMORSKIE,KORNELIA,KOBIETA,15
04,KUJAWSKO-POMORSKIE,KINGA,KOBIETA,15
04,KUJAWSKO-POMORSKIE,PATRYCJA,KOBIETA,14
04,KUJAWSKO-POMORSKIE,JUSTYNA,KOBIETA,14
04,KUJAWSKO-POMORSKIE,DOMINIKA,KOBIETA,14
04,KUJAWSKO-POMORSKIE,ANIELA,KOBIETA,14
04,KUJAWSKO-POMORSKIE,NADIA,KOBIETA,13
04,KUJAWSKO-POMORSKIE,JAGODA,KOBIETA,13
04,KUJAWSKO-POMORSKIE,DOROTA,KOBIETA,13
04,KUJAWSKO-POMORSKIE,IWONA,KOBIETA,12
04,KUJAWSKO-POMORSKIE,STEFANIA,KOBIETA,11
04,KUJAWSKO-POMORSKIE,IGA,KOBIETA,11
04,KUJAWSKO-POMORSKIE,ROZALIA,KOBIETA,10
04,KUJAWSKO-POMORSKIE,RENATA,KOBIETA,10
04,KUJAWSKO-POMORSKIE,KAMILA,KOBIETA,9
04,KUJAWSKO-POMORSKIE,JOLANTA,KOBIETA,9
04,KUJAWSKO-POMORSKIE,DARIA,KOBIETA,9
04,KUJAWSKO-POMORSKIE,BOŻENA,KOBIETA,9
04,KUJAWSKO-POMORSKIE,SARA,KOBIETA,8
04,KUJAWSKO-POMORSKIE,NIKOLA,KOBIETA,8
04,KUJAWSKO-POMORSKIE,KLAUDIA,KOBIETA,8
04,KUJAWSKO-POMORSKIE,FAUSTYNA,KOBIETA,8
04,KUJAWSKO-POMORSKIE,APOLONIA,KOBIETA,8
04,KUJAWSKO-POMORSKIE,WIESŁAWA,KOBIETA,7
04,KUJAWSKO-POMORSKIE,RITA,KOBIETA,7
04,KUJAWSKO-POMORSKIE,LILIANA,KOBIETA,7
04,KUJAWSKO-POMORSKIE,KONSTANCJA,KOBIETA,7
04,KUJAWSKO-POMORSKIE,KAJA,KOBIETA,7
04,KUJAWSKO-POMORSKIE,BLANKA,KOBIETA,7
04,KUJAWSKO-POMORSKIE,ANGELIKA,KOBIETA,7
04,KUJAWSKO-POMORSKIE,SABINA,KOBIETA,6
04,KUJAWSKO-POMORSKIE,POLA,KOBIETA,6
04,KUJAWSKO-POMORSKIE,MARTYNA,KOBIETA,6
04,KUJAWSKO-POMORSKIE,MARIOLA,KOBIETA,6
04,KUJAWSKO-POMORSKIE,LIDIA,KOBIETA,6
04,KUJAWSKO-POMORSKIE,JÓZEFA,KOBIETA,6
04,KUJAWSKO-POMORSKIE,GRAŻYNA,KOBIETA,6
04,KUJAWSKO-POMORSKIE,CECYLIA,KOBIETA,6
04,KUJAWSKO-POMORSKIE,ADRIANNA,KOBIETA,6
04,KUJAWSKO-POMORSKIE,SANDRA,KOBIETA,5
04,KUJAWSKO-POMORSKIE,REGINA,KOBIETA,5
04,KUJAWSKO-POMORSKIE,MILENA,KOBIETA,5
04,KUJAWSKO-POMORSKIE,MARZENA,KOBIETA,5
04,KUJAWSKO-POMORSKIE,LIWIA,KOBIETA,5
04,KUJAWSKO-POMORSKIE,ELIZA,KOBIETA,5
04,KUJAWSKO-POMORSKIE,BERNADETA,KOBIETA,5
04,KUJAWSKO-POMORSKIE,VIOLETTA,KOBIETA,4
04,KUJAWSKO-POMORSKIE,SYLWIA,KOBIETA,4
04,KUJAWSKO-POMORSKIE,NELA,KOBIETA,4
04,KUJAWSKO-POMORSKIE,MIROSŁAWA,KOBIETA,4
04,KUJAWSKO-POMORSKIE,MATYLDA,KOBIETA,4
04,KUJAWSKO-POMORSKIE,MARLENA,KOBIETA,4
04,KUJAWSKO-POMORSKIE,MARIKA,KOBIETA,4
04,KUJAWSKO-POMORSKIE,LUCYNA,KOBIETA,4
04,KUJAWSKO-POMORSKIE,JULITA,KOBIETA,4
04,KUJAWSKO-POMORSKIE,JOWITA,KOBIETA,4
04,KUJAWSKO-POMORSKIE,IDA,KOBIETA,4
04,KUJAWSKO-POMORSKIE,FRANCISZKA,KOBIETA,4
04,KUJAWSKO-POMORSKIE,ELEONORA,KOBIETA,4
04,KUJAWSKO-POMORSKIE,CZESŁAWA,KOBIETA,4
04,KUJAWSKO-POMORSKIE,BOGUMIŁA,KOBIETA,4
04,KUJAWSKO-POMORSKIE,AURELIA,KOBIETA,4
04,KUJAWSKO-POMORSKIE,ALINA,KOBIETA,4
04,KUJAWSKO-POMORSKIE,VIKTORIA,KOBIETA,3
04,KUJAWSKO-POMORSKIE,ROKSANA,KOBIETA,3
04,KUJAWSKO-POMORSKIE,OTYLIA,KOBIETA,3
04,KUJAWSKO-POMORSKIE,OLGA,KOBIETA,3
04,KUJAWSKO-POMORSKIE,KARINA,KOBIETA,3
04,KUJAWSKO-POMORSKIE,IZABELLA,KOBIETA,3
04,KUJAWSKO-POMORSKIE,HONORATA,KOBIETA,3
04,KUJAWSKO-POMORSKIE,EWELINA,KOBIETA,3
04,KUJAWSKO-POMORSKIE,ELENA,KOBIETA,3
04,KUJAWSKO-POMORSKIE,EDYTA,KOBIETA,3
04,KUJAWSKO-POMORSKIE,DANIELA,KOBIETA,3
04,KUJAWSKO-POMORSKIE,BRONISŁAWA,KOBIETA,3
04,KUJAWSKO-POMORSKIE,ANETA,KOBIETA,3
04,KUJAWSKO-POMORSKIE,WIOLETTA,KOBIETA,2
04,KUJAWSKO-POMORSKIE,WALERIA,KOBIETA,2
04,KUJAWSKO-POMORSKIE,VICTORIA,KOBIETA,2
04,KUJAWSKO-POMORSKIE,TATIANA,KOBIETA,2
04,KUJAWSKO-POMORSKIE,TAMARA,KOBIETA,2
04,KUJAWSKO-POMORSKIE,SALOMEA,KOBIETA,2
04,KUJAWSKO-POMORSKIE,ROMA,KOBIETA,2
04,KUJAWSKO-POMORSKIE,OKTAWIA,KOBIETA,2
04,KUJAWSKO-POMORSKIE,NICOLE,KOBIETA,2
04,KUJAWSKO-POMORSKIE,LUDWIKA,KOBIETA,2
04,KUJAWSKO-POMORSKIE,LILIANNA,KOBIETA,2
04,KUJAWSKO-POMORSKIE,LILIA,KOBIETA,2
04,KUJAWSKO-POMORSKIE,LILA,KOBIETA,2
04,KUJAWSKO-POMORSKIE,LEA,KOBIETA,2
04,KUJAWSKO-POMORSKIE,KALINA,KOBIETA,2
04,KUJAWSKO-POMORSKIE,JUDYTA,KOBIETA,2
04,KUJAWSKO-POMORSKIE,JÓZEFINA,KOBIETA,2
04,KUJAWSKO-POMORSKIE,JAGNA,KOBIETA,2
04,KUJAWSKO-POMORSKIE,GENOWEFA,KOBIETA,2
04,KUJAWSKO-POMORSKIE,GAJA,KOBIETA,2
04,KUJAWSKO-POMORSKIE,FELICJA,KOBIETA,2
04,KUJAWSKO-POMORSKIE,EUFEMIA,KOBIETA,2
04,KUJAWSKO-POMORSKIE,ESTERA,KOBIETA,2
04,KUJAWSKO-POMORSKIE,EMMA,KOBIETA,2
04,KUJAWSKO-POMORSKIE,EMILY,KOBIETA,2
04,KUJAWSKO-POMORSKIE,DIANA,KOBIETA,2
04,KUJAWSKO-POMORSKIE,DAGMARA,KOBIETA,2
04,KUJAWSKO-POMORSKIE,CELINA,KOBIETA,2
04,KUJAWSKO-POMORSKIE,BRYGIDA,KOBIETA,2
04,KUJAWSKO-POMORSKIE,BOGUSŁAWA,KOBIETA,2
04,KUJAWSKO-POMORSKIE,BIANKA,KOBIETA,2
04,KUJAWSKO-POMORSKIE,AURORA,KOBIETA,2
04,KUJAWSKO-POMORSKIE,ANITA,KOBIETA,2
04,KUJAWSKO-POMORSKIE,ANETTA,KOBIETA,2
04,KUJAWSKO-POMORSKIE,ALEXANDRA,KOBIETA,2
04,KUJAWSKO-POMORSKIE,ADA,KOBIETA,2
06,LUBELSKIE,MARIA,KOBIETA,201
06,LUBELSKIE,ANNA,KOBIETA,149
06,LUBELSKIE,ZOFIA,KOBIETA,72
06,LUBELSKIE,WIKTORIA,KOBIETA,55
06,LUBELSKIE,MAGDALENA,KOBIETA,51
06,LUBELSKIE,ALICJA,KOBIETA,45
06,LUBELSKIE,HELENA,KOBIETA,43
06,LUBELSKIE,ŁUCJA,KOBIETA,41
06,LUBELSKIE,EWA,KOBIETA,41
06,LUBELSKIE,JULIA,KOBIETA,40
06,LUBELSKIE,ALEKSANDRA,KOBIETA,36
06,LUBELSKIE,BARBARA,KOBIETA,35
06,LUBELSKIE,MAŁGORZATA,KOBIETA,32
06,LUBELSKIE,KATARZYNA,KOBIETA,30
06,LUBELSKIE,JOANNA,KOBIETA,28
06,LUBELSKIE,WERONIKA,KOBIETA,27
06,LUBELSKIE,KAROLINA,KOBIETA,27
06,LUBELSKIE,EMILIA,KOBIETA,27
06,LUBELSKIE,NATALIA,KOBIETA,26
06,LUBELSKIE,ANTONINA,KOBIETA,26
06,LUBELSKIE,ZUZANNA,KOBIETA,24
06,LUBELSKIE,LENA,KOBIETA,23
06,LUBELSKIE,ELŻBIETA,KOBIETA,23
06,LUBELSKIE,OLIWIA,KOBIETA,22
06,LUBELSKIE,TERESA,KOBIETA,21
06,LUBELSKIE,MAJA,KOBIETA,21
06,LUBELSKIE,HANNA,KOBIETA,21
06,LUBELSKIE,AGNIESZKA,KOBIETA,21
06,LUBELSKIE,AMELIA,KOBIETA,20
06,LUBELSKIE,RITA,KOBIETA,19
06,LUBELSKIE,IZABELA,KOBIETA,19
06,LUBELSKIE,MICHALINA,KOBIETA,18
06,LUBELSKIE,RÓŻA,KOBIETA,17
06,LUBELSKIE,KRYSTYNA,KOBIETA,17
06,LUBELSKIE,PAULINA,KOBIETA,15
06,LUBELSKIE,LAURA,KOBIETA,15
06,LUBELSKIE,KLARA,KOBIETA,15
06,LUBELSKIE,JADWIGA,KOBIETA,15
06,LUBELSKIE,ANASTAZJA,KOBIETA,15
06,LUBELSKIE,MARIANNA,KOBIETA,14
06,LUBELSKIE,JANINA,KOBIETA,14
06,LUBELSKIE,GABRIELA,KOBIETA,14
06,LUBELSKIE,ANIELA,KOBIETA,14
06,LUBELSKIE,AGATA,KOBIETA,14
06,LUBELSKIE,NIKOLA,KOBIETA,13
06,LUBELSKIE,KINGA,KOBIETA,13
06,LUBELSKIE,JAGODA,KOBIETA,13
06,LUBELSKIE,MARTYNA,KOBIETA,12
06,LUBELSKIE,MARTA,KOBIETA,11
06,LUBELSKIE,IGA,KOBIETA,11
06,LUBELSKIE,URSZULA,KOBIETA,10
06,LUBELSKIE,MONIKA,KOBIETA,10
06,LUBELSKIE,MARCELINA,KOBIETA,10
06,LUBELSKIE,MILENA,KOBIETA,9
06,LUBELSKIE,KORNELIA,KOBIETA,9
06,LUBELSKIE,KAJA,KOBIETA,9
06,LUBELSKIE,IWONA,KOBIETA,9
06,LUBELSKIE,DOMINIKA,KOBIETA,9
06,LUBELSKIE,STANISŁAWA,KOBIETA,8
06,LUBELSKIE,PATRYCJA,KOBIETA,8
06,LUBELSKIE,JUSTYNA,KOBIETA,8
06,LUBELSKIE,IRENA,KOBIETA,8
06,LUBELSKIE,FAUSTYNA,KOBIETA,8
06,LUBELSKIE,DARIA,KOBIETA,8
06,LUBELSKIE,POLA,KOBIETA,7
06,LUBELSKIE,MIA,KOBIETA,7
06,LUBELSKIE,LILIANA,KOBIETA,7
06,LUBELSKIE,LIDIA,KOBIETA,7
06,LUBELSKIE,KAMILA,KOBIETA,7
06,LUBELSKIE,JOLANTA,KOBIETA,7
06,LUBELSKIE,DOROTA,KOBIETA,7
06,LUBELSKIE,CECYLIA,KOBIETA,7
06,LUBELSKIE,WANDA,KOBIETA,6
06,LUBELSKIE,OLGA,KOBIETA,6
06,LUBELSKIE,HALINA,KOBIETA,6
06,LUBELSKIE,BLANKA,KOBIETA,6
06,LUBELSKIE,SYLWIA,KOBIETA,5
06,LUBELSKIE,MARLENA,KOBIETA,5
06,LUBELSKIE,MARIKA,KOBIETA,5
06,LUBELSKIE,LUIZA,KOBIETA,5
06,LUBELSKIE,DANUTA,KOBIETA,5
06,LUBELSKIE,BOGUMIŁA,KOBIETA,5
06,LUBELSKIE,SARA,KOBIETA,4
06,LUBELSKIE,SANDRA,KOBIETA,4
06,LUBELSKIE,SABINA,KOBIETA,4
06,LUBELSKIE,REGINA,KOBIETA,4
06,LUBELSKIE,NADIA,KOBIETA,4
06,LUBELSKIE,LUCYNA,KOBIETA,4
06,LUBELSKIE,KLAUDIA,KOBIETA,4
06,LUBELSKIE,FELICJA,KOBIETA,4
06,LUBELSKIE,EWELINA,KOBIETA,4
06,LUBELSKIE,ELIZA,KOBIETA,4
06,LUBELSKIE,EDYTA,KOBIETA,4
06,LUBELSKIE,BEATA,KOBIETA,4
06,LUBELSKIE,ANETA,KOBIETA,4
06,LUBELSKIE,ADELA,KOBIETA,4
06,LUBELSKIE,VICTORIA,KOBIETA,3
06,LUBELSKIE,RENATA,KOBIETA,3
06,LUBELSKIE,NELA,KOBIETA,3
06,LUBELSKIE,MELANIA,KOBIETA,3
06,LUBELSKIE,MATYLDA,KOBIETA,3
06,LUBELSKIE,MARZENA,KOBIETA,3
06,LUBELSKIE,LILIA,KOBIETA,3
06,LUBELSKIE,LEOKADIA,KOBIETA,3
06,LUBELSKIE,LEA,KOBIETA,3
06,LUBELSKIE,KONSTANCJA,KOBIETA,3
06,LUBELSKIE,KLEMENTYNA,KOBIETA,3
06,LUBELSKIE,JÓZEFINA,KOBIETA,3
06,LUBELSKIE,JAŚMINA,KOBIETA,3
06,LUBELSKIE,ILONA,KOBIETA,3
06,LUBELSKIE,IDA,KOBIETA,3
06,LUBELSKIE,GLORIA,KOBIETA,3
06,LUBELSKIE,FRANCISZKA,KOBIETA,3
06,LUBELSKIE,EMMA,KOBIETA,3
06,LUBELSKIE,ELWIRA,KOBIETA,3
06,LUBELSKIE,WŁADYSŁAWA,KOBIETA,2
06,LUBELSKIE,WALENTYNA,KOBIETA,2
06,LUBELSKIE,SAMANTA,KOBIETA,2
06,LUBELSKIE,ROSE,KOBIETA,2
06,LUBELSKIE,ROKSANA,KOBIETA,2
06,LUBELSKIE,OLIVIA,KOBIETA,2
06,LUBELSKIE,NOEMI,KOBIETA,2
06,LUBELSKIE,NINA,KOBIETA,2
06,LUBELSKIE,NICOLA,KOBIETA,2
06,LUBELSKIE,MIRA,KOBIETA,2
06,LUBELSKIE,MALWINA,KOBIETA,2
06,LUBELSKIE,MALINA,KOBIETA,2
06,LUBELSKIE,KARINA,KOBIETA,2
06,LUBELSKIE,JUDYTA,KOBIETA,2
06,LUBELSKIE,JÓZEFA,KOBIETA,2
06,LUBELSKIE,JOWITA,KOBIETA,2
06,LUBELSKIE,IRMINA,KOBIETA,2
06,LUBELSKIE,HONORATA,KOBIETA,2
06,LUBELSKIE,HENRYKA,KOBIETA,2
06,LUBELSKIE,FLORENCE,KOBIETA,2
06,LUBELSKIE,DAGMARA,KOBIETA,2
06,LUBELSKIE,BOŻENA,KOBIETA,2
06,LUBELSKIE,BERNADETTA,KOBIETA,2
06,LUBELSKIE,AURORA,KOBIETA,2
06,LUBELSKIE,AURELIA,KOBIETA,2
06,LUBELSKIE,ANITA,KOBIETA,2
06,LUBELSKIE,ANDŻELIKA,KOBIETA,2
06,LUBELSKIE,ALINA,KOBIETA,2
06,LUBELSKIE,ALDONA,KOBIETA,2
06,LUBELSKIE,ADRIANNA,KOBIETA,2
06,LUBELSKIE,ADA,KOBIETA,2
08,LUBUSKIE,MARIA,KOBIETA,144
08,LUBUSKIE,ANNA,KOBIETA,105
08,LUBUSKIE,ZOFIA,KOBIETA,59
08,LUBUSKIE,JULIA,KOBIETA,40
08,LUBUSKIE,HELENA,KOBIETA,35
08,LUBUSKIE,JOANNA,KOBIETA,33
08,LUBUSKIE,ALEKSANDRA,KOBIETA,33
08,LUBUSKIE,EWA,KOBIETA,32
08,LUBUSKIE,MAGDALENA,KOBIETA,31
08,LUBUSKIE,BARBARA,KOBIETA,31
08,LUBUSKIE,MAŁGORZATA,KOBIETA,30
08,LUBUSKIE,KATARZYNA,KOBIETA,30
08,LUBUSKIE,ALICJA,KOBIETA,28
08,LUBUSKIE,WIKTORIA,KOBIETA,27
08,LUBUSKIE,ELŻBIETA,KOBIETA,25
08,LUBUSKIE,ZUZANNA,KOBIETA,23
08,LUBUSKIE,KRYSTYNA,KOBIETA,23
08,LUBUSKIE,TERESA,KOBIETA,22
08,LUBUSKIE,KAROLINA,KOBIETA,21
08,LUBUSKIE,MONIKA,KOBIETA,20
08,LUBUSKIE,MAJA,KOBIETA,19
08,LUBUSKIE,AGNIESZKA,KOBIETA,19
08,LUBUSKIE,JANINA,KOBIETA,18
08,LUBUSKIE,IRENA,KOBIETA,18
08,LUBUSKIE,DOROTA,KOBIETA,18
08,LUBUSKIE,NATALIA,KOBIETA,17
08,LUBUSKIE,DANUTA,KOBIETA,16
08,LUBUSKIE,OLIWIA,KOBIETA,15
08,LUBUSKIE,LAURA,KOBIETA,15
08,LUBUSKIE,JADWIGA,KOBIETA,15
08,LUBUSKIE,ANASTAZJA,KOBIETA,15
08,LUBUSKIE,MICHALINA,KOBIETA,14
08,LUBUSKIE,ŁUCJA,KOBIETA,14
08,LUBUSKIE,ANTONINA,KOBIETA,14
08,LUBUSKIE,PAULINA,KOBIETA,13
08,LUBUSKIE,MARTA,KOBIETA,13
08,LUBUSKIE,EMILIA,KOBIETA,13
08,LUBUSKIE,WERONIKA,KOBIETA,12
08,LUBUSKIE,MARIANNA,KOBIETA,12
08,LUBUSKIE,JAGODA,KOBIETA,12
08,LUBUSKIE,IZABELA,KOBIETA,12
08,LUBUSKIE,HANNA,KOBIETA,12
08,LUBUSKIE,URSZULA,KOBIETA,11
08,LUBUSKIE,PATRYCJA,KOBIETA,11
08,LUBUSKIE,MILENA,KOBIETA,11
08,LUBUSKIE,MARCELINA,KOBIETA,11
08,LUBUSKIE,LILIANA,KOBIETA,11
08,LUBUSKIE,LENA,KOBIETA,11
08,LUBUSKIE,KORNELIA,KOBIETA,11
08,LUBUSKIE,JOLANTA,KOBIETA,11
08,LUBUSKIE,NADIA,KOBIETA,10
08,LUBUSKIE,GABRIELA,KOBIETA,10
08,LUBUSKIE,DOMINIKA,KOBIETA,10
08,LUBUSKIE,GRAŻYNA,KOBIETA,9
08,LUBUSKIE,BEATA,KOBIETA,9
08,LUBUSKIE,NIKOLA,KOBIETA,8
08,LUBUSKIE,MARTYNA,KOBIETA,8
08,LUBUSKIE,KINGA,KOBIETA,8
08,LUBUSKIE,KAMILA,KOBIETA,8
08,LUBUSKIE,IWONA,KOBIETA,8
08,LUBUSKIE,BLANKA,KOBIETA,8
08,LUBUSKIE,ANIELA,KOBIETA,8
08,LUBUSKIE,RÓŻA,KOBIETA,7
08,LUBUSKIE,KLARA,KOBIETA,7
08,LUBUSKIE,BOŻENA,KOBIETA,7
08,LUBUSKIE,AMELIA,KOBIETA,7
08,LUBUSKIE,WIOLETTA,KOBIETA,6
08,LUBUSKIE,WANDA,KOBIETA,6
08,LUBUSKIE,STEFANIA,KOBIETA,6
08,LUBUSKIE,STANISŁAWA,KOBIETA,6
08,LUBUSKIE,SARA,KOBIETA,6
08,LUBUSKIE,SANDRA,KOBIETA,6
08,LUBUSKIE,RENATA,KOBIETA,6
08,LUBUSKIE,HALINA,KOBIETA,6
08,LUBUSKIE,ANGELIKA,KOBIETA,6
08,LUBUSKIE,AGATA,KOBIETA,6
08,LUBUSKIE,SYLWIA,KOBIETA,5
08,LUBUSKIE,RITA,KOBIETA,5
08,LUBUSKIE,NINA,KOBIETA,5
08,LUBUSKIE,MATYLDA,KOBIETA,5
08,LUBUSKIE,LILIANNA,KOBIETA,5
08,LUBUSKIE,LIDIA,KOBIETA,5
08,LUBUSKIE,JUSTYNA,KOBIETA,5
08,LUBUSKIE,EDYTA,KOBIETA,5
08,LUBUSKIE,ROZALIA,KOBIETA,4
08,LUBUSKIE,MIROSŁAWA,KOBIETA,4
08,LUBUSKIE,LUCYNA,KOBIETA,4
08,LUBUSKIE,LEOKADIA,KOBIETA,4
08,LUBUSKIE,KALINA,KOBIETA,4
08,LUBUSKIE,JÓZEFA,KOBIETA,4
08,LUBUSKIE,DIANA,KOBIETA,4
08,LUBUSKIE,BOGUMIŁA,KOBIETA,4
08,LUBUSKIE,WIESŁAWA,KOBIETA,3
08,LUBUSKIE,ROKSANA,KOBIETA,3
08,LUBUSKIE,OLGA,KOBIETA,3
08,LUBUSKIE,NELA,KOBIETA,3
08,LUBUSKIE,MIA,KOBIETA,3
08,LUBUSKIE,MELANIA,KOBIETA,3
08,LUBUSKIE,MARZENA,KOBIETA,3
08,LUBUSKIE,MARIOLA,KOBIETA,3
08,LUBUSKIE,MARIKA,KOBIETA,3
08,LUBUSKIE,LUDWIKA,KOBIETA,3
08,LUBUSKIE,LEA,KOBIETA,3
08,LUBUSKIE,KLAUDIA,KOBIETA,3
08,LUBUSKIE,IGA,KOBIETA,3
08,LUBUSKIE,IDA,KOBIETA,3
08,LUBUSKIE,GLORIA,KOBIETA,3
08,LUBUSKIE,FRANCISZKA,KOBIETA,3
08,LUBUSKIE,EWELINA,KOBIETA,3
08,LUBUSKIE,DARIA,KOBIETA,3
08,LUBUSKIE,AURELIA,KOBIETA,3
08,LUBUSKIE,ANITA,KOBIETA,3
08,LUBUSKIE,ADRIANNA,KOBIETA,3
08,LUBUSKIE,ADA,KOBIETA,3
08,LUBUSKIE,ŻANETA,KOBIETA,2
08,LUBUSKIE,WŁADYSŁAWA,KOBIETA,2
08,LUBUSKIE,WIOLETA,KOBIETA,2
08,LUBUSKIE,WANESSA,KOBIETA,2
08,LUBUSKIE,VIOLETTA,KOBIETA,2
08,LUBUSKIE,VANESSA,KOBIETA,2
08,LUBUSKIE,POLA,KOBIETA,2
08,LUBUSKIE,PAULA,KOBIETA,2
08,LUBUSKIE,OLIVIA,KOBIETA,2
08,LUBUSKIE,MIRA,KOBIETA,2
08,LUBUSKIE,LUIZA,KOBIETA,2
08,LUBUSKIE,LUCY,KOBIETA,2
08,LUBUSKIE,LIWIA,KOBIETA,2
08,LUBUSKIE,LILIA,KOBIETA,2
08,LUBUSKIE,KONSTANCJA,KOBIETA,2
08,LUBUSKIE,KAZIMIERA,KOBIETA,2
08,LUBUSKIE,KAJA,KOBIETA,2
08,LUBUSKIE,JULITA,KOBIETA,2
08,LUBUSKIE,JANA,KOBIETA,2
08,LUBUSKIE,IZABELLA,KOBIETA,2
08,LUBUSKIE,IRMINA,KOBIETA,2
08,LUBUSKIE,GAJA,KOBIETA,2
08,LUBUSKIE,FAUSTYNA,KOBIETA,2
08,LUBUSKIE,EMMA,KOBIETA,2
08,LUBUSKIE,ELIZA,KOBIETA,2
08,LUBUSKIE,ELENA,KOBIETA,2
08,LUBUSKIE,DOBROMIŁA,KOBIETA,2
08,LUBUSKIE,DANIELA,KOBIETA,2
08,LUBUSKIE,CECYLIA,KOBIETA,2
08,LUBUSKIE,CARMEN,KOBIETA,2
08,LUBUSKIE,BIANKA,KOBIETA,2
08,LUBUSKIE,ARLETA,KOBIETA,2
08,LUBUSKIE,ANETA,KOBIETA,2
08,LUBUSKIE,ALINA,KOBIETA,2
10,ŁÓDZKIE,MARIA,KOBIETA,475
10,ŁÓDZKIE,ANNA,KOBIETA,381
10,ŁÓDZKIE,ZOFIA,KOBIETA,179
10,ŁÓDZKIE,KATARZYNA,KOBIETA,145
10,ŁÓDZKIE,WIKTORIA,KOBIETA,129
10,ŁÓDZKIE,JULIA,KOBIETA,126
10,ŁÓDZKIE,MAGDALENA,KOBIETA,124
10,ŁÓDZKIE,ALEKSANDRA,KOBIETA,114
10,ŁÓDZKIE,HELENA,KOBIETA,109
10,ŁÓDZKIE,MAŁGORZATA,KOBIETA,103
10,ŁÓDZKIE,ALICJA,KOBIETA,101
10,ŁÓDZKIE,EWA,KOBIETA,98
10,ŁÓDZKIE,BARBARA,KOBIETA,94
10,ŁÓDZKIE,ZUZANNA,KOBIETA,82
10,ŁÓDZKIE,MAJA,KOBIETA,80
10,ŁÓDZKIE,WERONIKA,KOBIETA,78
10,ŁÓDZKIE,NATALIA,KOBIETA,78
10,ŁÓDZKIE,OLIWIA,KOBIETA,72
10,ŁÓDZKIE,MARTA,KOBIETA,66
10,ŁÓDZKIE,LENA,KOBIETA,65
10,ŁÓDZKIE,HANNA,KOBIETA,65
10,ŁÓDZKIE,AGNIESZKA,KOBIETA,65
10,ŁÓDZKIE,ELŻBIETA,KOBIETA,64
10,ŁÓDZKIE,JOANNA,KOBIETA,61
10,ŁÓDZKIE,MONIKA,KOBIETA,59
10,ŁÓDZKIE,AMELIA,KOBIETA,57
10,ŁÓDZKIE,KRYSTYNA,KOBIETA,56
10,ŁÓDZKIE,ŁUCJA,KOBIETA,55
10,ŁÓDZKIE,ANTONINA,KOBIETA,55
10,ŁÓDZKIE,MARIANNA,KOBIETA,53
10,ŁÓDZKIE,ANASTAZJA,KOBIETA,52
10,ŁÓDZKIE,KORNELIA,KOBIETA,49
10,ŁÓDZKIE,EMILIA,KOBIETA,49
10,ŁÓDZKIE,LAURA,KOBIETA,48
10,ŁÓDZKIE,TERESA,KOBIETA,47
10,ŁÓDZKIE,KAROLINA,KOBIETA,47
10,ŁÓDZKIE,JADWIGA,KOBIETA,44
10,ŁÓDZKIE,JANINA,KOBIETA,41
10,ŁÓDZKIE,MICHALINA,KOBIETA,40
10,ŁÓDZKIE,PAULINA,KOBIETA,39
10,ŁÓDZKIE,RÓŻA,KOBIETA,35
10,ŁÓDZKIE,AGATA,KOBIETA,34
10,ŁÓDZKIE,KLARA,KOBIETA,32
10,ŁÓDZKIE,DOROTA,KOBIETA,32
10,ŁÓDZKIE,IZABELA,KOBIETA,31
10,ŁÓDZKIE,POLA,KOBIETA,29
10,ŁÓDZKIE,MARCELINA,KOBIETA,29
10,ŁÓDZKIE,IRENA,KOBIETA,29
10,ŁÓDZKIE,ANIELA,KOBIETA,29
10,ŁÓDZKIE,KLAUDIA,KOBIETA,28
10,ŁÓDZKIE,SYLWIA,KOBIETA,27
10,ŁÓDZKIE,JOLANTA,KOBIETA,27
10,ŁÓDZKIE,PATRYCJA,KOBIETA,26
10,ŁÓDZKIE,JAGODA,KOBIETA,26
10,ŁÓDZKIE,KINGA,KOBIETA,25
10,ŁÓDZKIE,JUSTYNA,KOBIETA,24
10,ŁÓDZKIE,DARIA,KOBIETA,24
10,ŁÓDZKIE,BEATA,KOBIETA,24
10,ŁÓDZKIE,NADIA,KOBIETA,23
10,ŁÓDZKIE,KAMILA,KOBIETA,23
10,ŁÓDZKIE,LILIANA,KOBIETA,22
10,ŁÓDZKIE,GABRIELA,KOBIETA,22
10,ŁÓDZKIE,DANUTA,KOBIETA,22
10,ŁÓDZKIE,MARTYNA,KOBIETA,20
10,ŁÓDZKIE,IWONA,KOBIETA,20
10,ŁÓDZKIE,HALINA,KOBIETA,20
10,ŁÓDZKIE,NIKOLA,KOBIETA,19
10,ŁÓDZKIE,EWELINA,KOBIETA,19
10,ŁÓDZKIE,DOMINIKA,KOBIETA,19
10,ŁÓDZKIE,RITA,KOBIETA,18
10,ŁÓDZKIE,BLANKA,KOBIETA,17
10,ŁÓDZKIE,SARA,KOBIETA,16
10,ŁÓDZKIE,ADRIANNA,KOBIETA,16
10,ŁÓDZKIE,URSZULA,KOBIETA,15
10,ŁÓDZKIE,RENATA,KOBIETA,15
10,ŁÓDZKIE,IGA,KOBIETA,15
10,ŁÓDZKIE,GRAŻYNA,KOBIETA,15
10,ŁÓDZKIE,BOŻENA,KOBIETA,15
10,ŁÓDZKIE,ANETA,KOBIETA,15
10,ŁÓDZKIE,WANDA,KOBIETA,14
10,ŁÓDZKIE,SABINA,KOBIETA,14
10,ŁÓDZKIE,ROZALIA,KOBIETA,14
10,ŁÓDZKIE,OLGA,KOBIETA,14
10,ŁÓDZKIE,MIA,KOBIETA,14
10,ŁÓDZKIE,LUCYNA,KOBIETA,14
10,ŁÓDZKIE,BOGUMIŁA,KOBIETA,14
10,ŁÓDZKIE,FAUSTYNA,KOBIETA,13
10,ŁÓDZKIE,ANGELIKA,KOBIETA,13
10,ŁÓDZKIE,STEFANIA,KOBIETA,12
10,ŁÓDZKIE,MILENA,KOBIETA,12
10,ŁÓDZKIE,MATYLDA,KOBIETA,12
10,ŁÓDZKIE,LIDIA,KOBIETA,12
10,ŁÓDZKIE,ELIZA,KOBIETA,12
10,ŁÓDZKIE,WIESŁAWA,KOBIETA,11
10,ŁÓDZKIE,JÓZEFINA,KOBIETA,11
10,ŁÓDZKIE,STANISŁAWA,KOBIETA,10
10,ŁÓDZKIE,NINA,KOBIETA,10
10,ŁÓDZKIE,EDYTA,KOBIETA,10
10,ŁÓDZKIE,NELA,KOBIETA,9
10,ŁÓDZKIE,MARZENA,KOBIETA,9
10,ŁÓDZKIE,HENRYKA,KOBIETA,9
10,ŁÓDZKIE,ANITA,KOBIETA,9
10,ŁÓDZKIE,WIOLETTA,KOBIETA,8
10,ŁÓDZKIE,ROKSANA,KOBIETA,8
10,ŁÓDZKIE,MIROSŁAWA,KOBIETA,8
10,ŁÓDZKIE,MARLENA,KOBIETA,8
10,ŁÓDZKIE,KARINA,KOBIETA,8
10,ŁÓDZKIE,JÓZEFA,KOBIETA,8
10,ŁÓDZKIE,AURELIA,KOBIETA,8
10,ŁÓDZKIE,MARIKA,KOBIETA,7
10,ŁÓDZKIE,IDA,KOBIETA,7
10,ŁÓDZKIE,ESTERA,KOBIETA,7
10,ŁÓDZKIE,DIANA,KOBIETA,7
10,ŁÓDZKIE,CECYLIA,KOBIETA,7
10,ŁÓDZKIE,ALINA,KOBIETA,7
10,ŁÓDZKIE,LILIANNA,KOBIETA,6
10,ŁÓDZKIE,LEA,KOBIETA,6
10,ŁÓDZKIE,KALINA,KOBIETA,6
10,ŁÓDZKIE,GENOWEFA,KOBIETA,6
10,ŁÓDZKIE,GAJA,KOBIETA,6
10,ŁÓDZKIE,BOGUSŁAWA,KOBIETA,6
10,ŁÓDZKIE,SANDRA,KOBIETA,5
10,ŁÓDZKIE,MELANIA,KOBIETA,5
10,ŁÓDZKIE,MALWINA,KOBIETA,5
10,ŁÓDZKIE,LILIA,KOBIETA,5
10,ŁÓDZKIE,LILA,KOBIETA,5
10,ŁÓDZKIE,HONORATA,KOBIETA,5
10,ŁÓDZKIE,DANIELA,KOBIETA,5
10,ŁÓDZKIE,DAGMARA,KOBIETA,5
10,ŁÓDZKIE,APOLONIA,KOBIETA,5
10,ŁÓDZKIE,WALENTYNA,KOBIETA,4
10,ŁÓDZKIE,NATASZA,KOBIETA,4
10,ŁÓDZKIE,MAGDA,KOBIETA,4
10,ŁÓDZKIE,LEOKADIA,KOBIETA,4
10,ŁÓDZKIE,KAJA,KOBIETA,4
10,ŁÓDZKIE,JULITA,KOBIETA,4
10,ŁÓDZKIE,INGA,KOBIETA,4
10,ŁÓDZKIE,ELENA,KOBIETA,4
10,ŁÓDZKIE,BIANKA,KOBIETA,4
10,ŁÓDZKIE,ADA,KOBIETA,4
10,ŁÓDZKIE,ZOJA,KOBIETA,3
10,ŁÓDZKIE,SOPHIE,KOBIETA,3
10,ŁÓDZKIE,REGINA,KOBIETA,3
10,ŁÓDZKIE,OLIVIA,KOBIETA,3
10,ŁÓDZKIE,NOEMI,KOBIETA,3
10,ŁÓDZKIE,MERCEDES,KOBIETA,3
10,ŁÓDZKIE,MARIOLA,KOBIETA,3
10,ŁÓDZKIE,MARIETTA,KOBIETA,3
10,ŁÓDZKIE,MARCJANNA,KOBIETA,3
10,ŁÓDZKIE,LUIZA,KOBIETA,3
10,ŁÓDZKIE,KONSTANCJA,KOBIETA,3
10,ŁÓDZKIE,JULIANNA,KOBIETA,3
10,ŁÓDZKIE,JOWITA,KOBIETA,3
10,ŁÓDZKIE,ILONA,KOBIETA,3
10,ŁÓDZKIE,GLORIA,KOBIETA,3
10,ŁÓDZKIE,FRIDA,KOBIETA,3
10,ŁÓDZKIE,FRANCISZKA,KOBIETA,3
10,ŁÓDZKIE,FLORENTYNA,KOBIETA,3
10,ŁÓDZKIE,ELLA,KOBIETA,3
10,ŁÓDZKIE,CZESŁAWA,KOBIETA,3
10,ŁÓDZKIE,AURORA,KOBIETA,3
10,ŁÓDZKIE,AMANDA,KOBIETA,3
10,ŁÓDZKIE,ŻANETA,KOBIETA,2
10,ŁÓDZKIE,ZENOBIA,KOBIETA,2
10,ŁÓDZKIE,WŁADYSŁAWA,KOBIETA,2
10,ŁÓDZKIE,VIKTORIA,KOBIETA,2
10,ŁÓDZKIE,VICTORIA,KOBIETA,2
10,ŁÓDZKIE,SONIA,KOBIETA,2
10,ŁÓDZKIE,SOFIA,KOBIETA,2
10,ŁÓDZKIE,SALOMEA,KOBIETA,2
10,ŁÓDZKIE,PAULA,KOBIETA,2
10,ŁÓDZKIE,OKTAWIA,KOBIETA,2
10,ŁÓDZKIE,NEL,KOBIETA,2
10,ŁÓDZKIE,MIRANDA,KOBIETA,2
10,ŁÓDZKIE,MIECZYSŁAWA,KOBIETA,2
10,ŁÓDZKIE,MARCELA,KOBIETA,2
10,ŁÓDZKIE,MANUELA,KOBIETA,2
10,ŁÓDZKIE,LILI,KOBIETA,2
10,ŁÓDZKIE,KAZIMIERA,KOBIETA,2
10,ŁÓDZKIE,JUDYTA,KOBIETA,2
10,ŁÓDZKIE,JAGNA,KOBIETA,2
10,ŁÓDZKIE,IZABELLA,KOBIETA,2
10,ŁÓDZKIE,IRMINA,KOBIETA,2
10,ŁÓDZKIE,INKA,KOBIETA,2
10,ŁÓDZKIE,INEZ,KOBIETA,2
10,ŁÓDZKIE,EMMA,KOBIETA,2
10,ŁÓDZKIE,CELINA,KOBIETA,2
10,ŁÓDZKIE,BERNADETA,KOBIETA,2
10,ŁÓDZKIE,ANA,KOBIETA,2
10,ŁÓDZKIE,ADELA,KOBIETA,2
12,MAŁOPOLSKIE,MARIA,KOBIETA,1561
12,MAŁOPOLSKIE,ANNA,KOBIETA,1083
12,MAŁOPOLSKIE,ZOFIA,KOBIETA,457
12,MAŁOPOLSKIE,MAGDALENA,KOBIETA,380
12,MAŁOPOLSKIE,KATARZYNA,KOBIETA,344
12,MAŁOPOLSKIE,JULIA,KOBIETA,288
12,MAŁOPOLSKIE,WIKTORIA,KOBIETA,278
12,MAŁOPOLSKIE,MAŁGORZATA,KOBIETA,260
12,MAŁOPOLSKIE,BARBARA,KOBIETA,252
12,MAŁOPOLSKIE,HELENA,KOBIETA,251
12,MAŁOPOLSKIE,KAROLINA,KOBIETA,246
12,MAŁOPOLSKIE,ALEKSANDRA,KOBIETA,240
12,MAŁOPOLSKIE,RITA,KOBIETA,223
12,MAŁOPOLSKIE,JOANNA,KOBIETA,202
12,MAŁOPOLSKIE,EWA,KOBIETA,194
12,MAŁOPOLSKIE,AGNIESZKA,KOBIETA,183
12,MAŁOPOLSKIE,WERONIKA,KOBIETA,181
12,MAŁOPOLSKIE,NATALIA,KOBIETA,181
12,MAŁOPOLSKIE,ŁUCJA,KOBIETA,177
12,MAŁOPOLSKIE,ALICJA,KOBIETA,169
12,MAŁOPOLSKIE,EMILIA,KOBIETA,163
12,MAŁOPOLSKIE,ELŻBIETA,KOBIETA,160
12,MAŁOPOLSKIE,ZUZANNA,KOBIETA,152
12,MAŁOPOLSKIE,MONIKA,KOBIETA,146
12,MAŁOPOLSKIE,TERESA,KOBIETA,133
12,MAŁOPOLSKIE,ANTONINA,KOBIETA,132
12,MAŁOPOLSKIE,KRYSTYNA,KOBIETA,124
12,MAŁOPOLSKIE,PAULINA,KOBIETA,116
12,MAŁOPOLSKIE,MAJA,KOBIETA,114
12,MAŁOPOLSKIE,KINGA,KOBIETA,108
12,MAŁOPOLSKIE,JANINA,KOBIETA,106
12,MAŁOPOLSKIE,OLIWIA,KOBIETA,103
12,MAŁOPOLSKIE,MARTA,KOBIETA,103
12,MAŁOPOLSKIE,GABRIELA,KOBIETA,98
12,MAŁOPOLSKIE,LENA,KOBIETA,91
12,MAŁOPOLSKIE,DOROTA,KOBIETA,89
12,MAŁOPOLSKIE,LAURA,KOBIETA,86
12,MAŁOPOLSKIE,KLARA,KOBIETA,84
12,MAŁOPOLSKIE,JUSTYNA,KOBIETA,84
12,MAŁOPOLSKIE,AMELIA,KOBIETA,81
12,MAŁOPOLSKIE,ANIELA,KOBIETA,79
12,MAŁOPOLSKIE,AGATA,KOBIETA,79
12,MAŁOPOLSKIE,HANNA,KOBIETA,78
12,MAŁOPOLSKIE,ANASTAZJA,KOBIETA,76
12,MAŁOPOLSKIE,MICHALINA,KOBIETA,75
12,MAŁOPOLSKIE,FAUSTYNA,KOBIETA,73
12,MAŁOPOLSKIE,JADWIGA,KOBIETA,72
12,MAŁOPOLSKIE,DOMINIKA,KOBIETA,68
12,MAŁOPOLSKIE,IZABELA,KOBIETA,67
12,MAŁOPOLSKIE,DANUTA,KOBIETA,67
12,MAŁOPOLSKIE,PATRYCJA,KOBIETA,65
12,MAŁOPOLSKIE,IRENA,KOBIETA,59
12,MAŁOPOLSKIE,RÓŻA,KOBIETA,58
12,MAŁOPOLSKIE,BEATA,KOBIETA,58
12,MAŁOPOLSKIE,STANISŁAWA,KOBIETA,56
12,MAŁOPOLSKIE,ROZALIA,KOBIETA,55
12,MAŁOPOLSKIE,EWELINA,KOBIETA,55
12,MAŁOPOLSKIE,KAMILA,KOBIETA,50
12,MAŁOPOLSKIE,JAGODA,KOBIETA,49
12,MAŁOPOLSKIE,NADIA,KOBIETA,47
12,MAŁOPOLSKIE,URSZULA,KOBIETA,46
12,MAŁOPOLSKIE,KLAUDIA,KOBIETA,46
12,MAŁOPOLSKIE,RENATA,KOBIETA,45
12,MAŁOPOLSKIE,MARTYNA,KOBIETA,45
12,MAŁOPOLSKIE,JOLANTA,KOBIETA,44
12,MAŁOPOLSKIE,WANDA,KOBIETA,43
12,MAŁOPOLSKIE,KORNELIA,KOBIETA,43
12,MAŁOPOLSKIE,HALINA,KOBIETA,43
12,MAŁOPOLSKIE,STEFANIA,KOBIETA,38
12,MAŁOPOLSKIE,JÓZEFA,KOBIETA,38
12,MAŁOPOLSKIE,ANETA,KOBIETA,38
12,MAŁOPOLSKIE,MARIANNA,KOBIETA,37
12,MAŁOPOLSKIE,MARCELINA,KOBIETA,37
12,MAŁOPOLSKIE,DARIA,KOBIETA,37
12,MAŁOPOLSKIE,MILENA,KOBIETA,36
12,MAŁOPOLSKIE,LILIANA,KOBIETA,36
12,MAŁOPOLSKIE,LUCYNA,KOBIETA,35
12,MAŁOPOLSKIE,SYLWIA,KOBIETA,34
12,MAŁOPOLSKIE,LIDIA,KOBIETA,34
12,MAŁOPOLSKIE,IWONA,KOBIETA,32
12,MAŁOPOLSKIE,IGA,KOBIETA,29
12,MAŁOPOLSKIE,GRAŻYNA,KOBIETA,29
12,MAŁOPOLSKIE,ANGELIKA,KOBIETA,26
12,MAŁOPOLSKIE,MARZENA,KOBIETA,25
12,MAŁOPOLSKIE,POLA,KOBIETA,24
12,MAŁOPOLSKIE,OLGA,KOBIETA,24
12,MAŁOPOLSKIE,SARA,KOBIETA,23
12,MAŁOPOLSKIE,EDYTA,KOBIETA,22
12,MAŁOPOLSKIE,BOŻENA,KOBIETA,22
12,MAŁOPOLSKIE,NINA,KOBIETA,20
12,MAŁOPOLSKIE,NIKOLA,KOBIETA,19
12,MAŁOPOLSKIE,MATYLDA,KOBIETA,18
12,MAŁOPOLSKIE,CECYLIA,KOBIETA,18
12,MAŁOPOLSKIE,SABINA,KOBIETA,15
12,MAŁOPOLSKIE,BOGUMIŁA,KOBIETA,15
12,MAŁOPOLSKIE,AURELIA,KOBIETA,15
12,MAŁOPOLSKIE,ADRIANNA,KOBIETA,15
12,MAŁOPOLSKIE,BERNADETA,KOBIETA,14
12,MAŁOPOLSKIE,ALINA,KOBIETA,14
12,MAŁOPOLSKIE,WIOLETTA,KOBIETA,13
12,MAŁOPOLSKIE,FRANCISZKA,KOBIETA,13
12,MAŁOPOLSKIE,ESTERA,KOBIETA,12
12,MAŁOPOLSKIE,ELIZA,KOBIETA,12
12,MAŁOPOLSKIE,DIANA,KOBIETA,12
12,MAŁOPOLSKIE,WŁADYSŁAWA,KOBIETA,11
12,MAŁOPOLSKIE,WIESŁAWA,KOBIETA,11
12,MAŁOPOLSKIE,MELANIA,KOBIETA,11
12,MAŁOPOLSKIE,KAJA,KOBIETA,11
12,MAŁOPOLSKIE,WIOLETA,KOBIETA,10
12,MAŁOPOLSKIE,SANDRA,KOBIETA,10
12,MAŁOPOLSKIE,ROKSANA,KOBIETA,10
12,MAŁOPOLSKIE,MIA,KOBIETA,10
12,MAŁOPOLSKIE,LILIANNA,KOBIETA,10
12,MAŁOPOLSKIE,DAGMARA,KOBIETA,10
12,MAŁOPOLSKIE,ANITA,KOBIETA,10
12,MAŁOPOLSKIE,MARIOLA,KOBIETA,9
12,MAŁOPOLSKIE,BLANKA,KOBIETA,9
12,MAŁOPOLSKIE,MARIKA,KOBIETA,8
12,MAŁOPOLSKIE,LUDWIKA,KOBIETA,8
12,MAŁOPOLSKIE,LEA,KOBIETA,8
12,MAŁOPOLSKIE,KONSTANCJA,KOBIETA,8
12,MAŁOPOLSKIE,KARINA,KOBIETA,8
12,MAŁOPOLSKIE,JÓZEFINA,KOBIETA,8
12,MAŁOPOLSKIE,IZABELLA,KOBIETA,8
12,MAŁOPOLSKIE,HONORATA,KOBIETA,8
12,MAŁOPOLSKIE,EMMA,KOBIETA,8
12,MAŁOPOLSKIE,ELENA,KOBIETA,8
12,MAŁOPOLSKIE,CZESŁAWA,KOBIETA,8
12,MAŁOPOLSKIE,BERNADETTA,KOBIETA,8
12,MAŁOPOLSKIE,LEOKADIA,KOBIETA,7
12,MAŁOPOLSKIE,JUDYTA,KOBIETA,7
12,MAŁOPOLSKIE,ILONA,KOBIETA,7
12,MAŁOPOLSKIE,IDA,KOBIETA,7
12,MAŁOPOLSKIE,GENOWEFA,KOBIETA,7
12,MAŁOPOLSKIE,ELEONORA,KOBIETA,7
12,MAŁOPOLSKIE,BRYGIDA,KOBIETA,7
12,MAŁOPOLSKIE,WALERIA,KOBIETA,6
12,MAŁOPOLSKIE,VICTORIA,KOBIETA,6
12,MAŁOPOLSKIE,PAULA,KOBIETA,6
12,MAŁOPOLSKIE,MALWINA,KOBIETA,6
12,MAŁOPOLSKIE,KAZIMIERA,KOBIETA,6
12,MAŁOPOLSKIE,KALINA,KOBIETA,6
12,MAŁOPOLSKIE,JULITA,KOBIETA,6
12,MAŁOPOLSKIE,JOWITA,KOBIETA,6
12,MAŁOPOLSKIE,GAJA,KOBIETA,6
12,MAŁOPOLSKIE,CELINA,KOBIETA,6
12,MAŁOPOLSKIE,BRONISŁAWA,KOBIETA,6
12,MAŁOPOLSKIE,ANDŻELIKA,KOBIETA,6
12,MAŁOPOLSKIE,ŻANETA,KOBIETA,5
12,MAŁOPOLSKIE,OTYLIA,KOBIETA,5
12,MAŁOPOLSKIE,OLIVIA,KOBIETA,5
12,MAŁOPOLSKIE,NELA,KOBIETA,5
12,MAŁOPOLSKIE,MARLENA,KOBIETA,5
12,MAŁOPOLSKIE,LUIZA,KOBIETA,5
12,MAŁOPOLSKIE,LIWIA,KOBIETA,5
12,MAŁOPOLSKIE,KLEMENTYNA,KOBIETA,5
12,MAŁOPOLSKIE,ADA,KOBIETA,5
12,MAŁOPOLSKIE,TAMARA,KOBIETA,4
12,MAŁOPOLSKIE,SONIA,KOBIETA,4
12,MAŁOPOLSKIE,SOFIA,KOBIETA,4
12,MAŁOPOLSKIE,OKTAWIA,KOBIETA,4
12,MAŁOPOLSKIE,LILIA,KOBIETA,4
12,MAŁOPOLSKIE,INGA,KOBIETA,4
12,MAŁOPOLSKIE,HIACYNTA,KOBIETA,4
12,MAŁOPOLSKIE,DANIELA,KOBIETA,4
12,MAŁOPOLSKIE,AURORA,KOBIETA,4
12,MAŁOPOLSKIE,APOLONIA,KOBIETA,4
12,MAŁOPOLSKIE,ADELA,KOBIETA,4
12,MAŁOPOLSKIE,ROMA,KOBIETA,3
12,MAŁOPOLSKIE,NEL,KOBIETA,3
12,MAŁOPOLSKIE,MIRIAM,KOBIETA,3
12,MAŁOPOLSKIE,MALINA,KOBIETA,3
12,MAŁOPOLSKIE,LUDMIŁA,KOBIETA,3
12,MAŁOPOLSKIE,FLORENTYNA,KOBIETA,3
12,MAŁOPOLSKIE,DOBRAWA,KOBIETA,3
12,MAŁOPOLSKIE,BOGUSŁAWA,KOBIETA,3
12,MAŁOPOLSKIE,BIANKA,KOBIETA,3
12,MAŁOPOLSKIE,BERENIKA,KOBIETA,3
12,MAŁOPOLSKIE,BALBINA,KOBIETA,3
12,MAŁOPOLSKIE,ARLETA,KOBIETA,3
12,MAŁOPOLSKIE,ALICE,KOBIETA,3
12,MAŁOPOLSKIE,ALEXANDRA,KOBIETA,3
12,MAŁOPOLSKIE,ZOE,KOBIETA,2
12,MAŁOPOLSKIE,VIOLETTA,KOBIETA,2
12,MAŁOPOLSKIE,VIKTORIA,KOBIETA,2
12,MAŁOPOLSKIE,VALENTINA,KOBIETA,2
12,MAŁOPOLSKIE,STEPHANIE,KOBIETA,2
12,MAŁOPOLSKIE,RUT,KOBIETA,2
12,MAŁOPOLSKIE,ROSE,KOBIETA,2
12,MAŁOPOLSKIE,REGINA,KOBIETA,2
12,MAŁOPOLSKIE,OLA,KOBIETA,2
12,MAŁOPOLSKIE,NICOLE,KOBIETA,2
12,MAŁOPOLSKIE,NADZIEJA,KOBIETA,2
12,MAŁOPOLSKIE,MIROSŁAWA,KOBIETA,2
12,MAŁOPOLSKIE,LILA,KOBIETA,2
12,MAŁOPOLSKIE,JULIANNA,KOBIETA,2
12,MAŁOPOLSKIE,JAGNA,KOBIETA,2
12,MAŁOPOLSKIE,IRMINA,KOBIETA,2
12,MAŁOPOLSKIE,IRIS,KOBIETA,2
12,MAŁOPOLSKIE,INEZ,KOBIETA,2
12,MAŁOPOLSKIE,INES,KOBIETA,2
12,MAŁOPOLSKIE,IMELDA,KOBIETA,2
12,MAŁOPOLSKIE,HERMINA,KOBIETA,2
12,MAŁOPOLSKIE,HENRYKA,KOBIETA,2
12,MAŁOPOLSKIE,GLORIA,KOBIETA,2
12,MAŁOPOLSKIE,GABRIELLA,KOBIETA,2
12,MAŁOPOLSKIE,FELICJA,KOBIETA,2
12,MAŁOPOLSKIE,EMILY,KOBIETA,2
12,MAŁOPOLSKIE,CHARLOTTE,KOBIETA,2
12,MAŁOPOLSKIE,CELESTYNA,KOBIETA,2
12,MAŁOPOLSKIE,CARMEN,KOBIETA,2
12,MAŁOPOLSKIE,ANTONIA,KOBIETA,2
12,MAŁOPOLSKIE,ANIKA,KOBIETA,2
12,MAŁOPOLSKIE,ANGELA,KOBIETA,2
12,MAŁOPOLSKIE,ANA,KOBIETA,2
12,MAŁOPOLSKIE,ALDONA,KOBIETA,2
14,MAZOWIECKIE,MARIA,KOBIETA,880
14,MAZOWIECKIE,ANNA,KOBIETA,618
14,MAZOWIECKIE,ZOFIA,KOBIETA,299
14,MAZOWIECKIE,WIKTORIA,KOBIETA,205
14,MAZOWIECKIE,HELENA,KOBIETA,202
14,MAZOWIECKIE,EWA,KOBIETA,182
14,MAZOWIECKIE,ALEKSANDRA,KOBIETA,182
14,MAZOWIECKIE,BARBARA,KOBIETA,171
14,MAZOWIECKIE,MAŁGORZATA,KOBIETA,163
14,MAZOWIECKIE,ALICJA,KOBIETA,157
14,MAZOWIECKIE,KATARZYNA,KOBIETA,153
14,MAZOWIECKIE,JULIA,KOBIETA,145
14,MAZOWIECKIE,ELŻBIETA,KOBIETA,145
14,MAZOWIECKIE,MAGDALENA,KOBIETA,144
14,MAZOWIECKIE,HANNA,KOBIETA,108
14,MAZOWIECKIE,NATALIA,KOBIETA,107
14,MAZOWIECKIE,ANTONINA,KOBIETA,103
14,MAZOWIECKIE,ŁUCJA,KOBIETA,100
14,MAZOWIECKIE,TERESA,KOBIETA,98
14,MAZOWIECKIE,ZUZANNA,KOBIETA,95
14,MAZOWIECKIE,MAJA,KOBIETA,94
14,MAZOWIECKIE,LAURA,KOBIETA,94
14,MAZOWIECKIE,MARIANNA,KOBIETA,91
14,MAZOWIECKIE,JOANNA,KOBIETA,91
14,MAZOWIECKIE,RÓŻA,KOBIETA,87
14,MAZOWIECKIE,AGNIESZKA,KOBIETA,87
14,MAZOWIECKIE,KRYSTYNA,KOBIETA,86
14,MAZOWIECKIE,MARTA,KOBIETA,82
14,MAZOWIECKIE,JADWIGA,KOBIETA,82
14,MAZOWIECKIE,KAROLINA,KOBIETA,80
14,MAZOWIECKIE,WERONIKA,KOBIETA,73
14,MAZOWIECKIE,OLIWIA,KOBIETA,70
14,MAZOWIECKIE,EMILIA,KOBIETA,67
14,MAZOWIECKIE,ANASTAZJA,KOBIETA,66
14,MAZOWIECKIE,IRENA,KOBIETA,65
14,MAZOWIECKIE,MICHALINA,KOBIETA,64
14,MAZOWIECKIE,KLARA,KOBIETA,63
14,MAZOWIECKIE,JANINA,KOBIETA,63
14,MAZOWIECKIE,MONIKA,KOBIETA,59
14,MAZOWIECKIE,GABRIELA,KOBIETA,57
14,MAZOWIECKIE,RITA,KOBIETA,55
14,MAZOWIECKIE,IZABELA,KOBIETA,55
14,MAZOWIECKIE,AMELIA,KOBIETA,55
14,MAZOWIECKIE,AGATA,KOBIETA,48
14,MAZOWIECKIE,DANUTA,KOBIETA,47
14,MAZOWIECKIE,LENA,KOBIETA,46
14,MAZOWIECKIE,URSZULA,KOBIETA,45
14,MAZOWIECKIE,MARCELINA,KOBIETA,42
14,MAZOWIECKIE,KINGA,KOBIETA,42
14,MAZOWIECKIE,WANDA,KOBIETA,40
14,MAZOWIECKIE,STEFANIA,KOBIETA,39
14,MAZOWIECKIE,DOROTA,KOBIETA,38
14,MAZOWIECKIE,PAULINA,KOBIETA,37
14,MAZOWIECKIE,JOLANTA,KOBIETA,36
14,MAZOWIECKIE,ANIELA,KOBIETA,35
14,MAZOWIECKIE,JAGODA,KOBIETA,34
14,MAZOWIECKIE,HALINA,KOBIETA,34
14,MAZOWIECKIE,AURELIA,KOBIETA,33
14,MAZOWIECKIE,IWONA,KOBIETA,31
14,MAZOWIECKIE,LILIANA,KOBIETA,30
14,MAZOWIECKIE,BLANKA,KOBIETA,30
14,MAZOWIECKIE,LIDIA,KOBIETA,28
14,MAZOWIECKIE,KORNELIA,KOBIETA,28
14,MAZOWIECKIE,MATYLDA,KOBIETA,27
14,MAZOWIECKIE,SARA,KOBIETA,26
14,MAZOWIECKIE,JUSTYNA,KOBIETA,26
14,MAZOWIECKIE,POLA,KOBIETA,25
14,MAZOWIECKIE,GRAŻYNA,KOBIETA,25
14,MAZOWIECKIE,DOMINIKA,KOBIETA,25
14,MAZOWIECKIE,OLGA,KOBIETA,24
14,MAZOWIECKIE,NADIA,KOBIETA,24
14,MAZOWIECKIE,KAMILA,KOBIETA,23
14,MAZOWIECKIE,IGA,KOBIETA,23
14,MAZOWIECKIE,ALINA,KOBIETA,23
14,MAZOWIECKIE,ROZALIA,KOBIETA,22
14,MAZOWIECKIE,PATRYCJA,KOBIETA,22
14,MAZOWIECKIE,NIKOLA,KOBIETA,22
14,MAZOWIECKIE,MIA,KOBIETA,22
14,MAZOWIECKIE,KLAUDIA,KOBIETA,22
14,MAZOWIECKIE,SYLWIA,KOBIETA,21
14,MAZOWIECKIE,FAUSTYNA,KOBIETA,21
14,MAZOWIECKIE,NINA,KOBIETA,20
14,MAZOWIECKIE,BOŻENA,KOBIETA,20
14,MAZOWIECKIE,KONSTANCJA,KOBIETA,19
14,MAZOWIECKIE,DARIA,KOBIETA,19
14,MAZOWIECKIE,BEATA,KOBIETA,19
14,MAZOWIECKIE,STANISŁAWA,KOBIETA,18
14,MAZOWIECKIE,ELIZA,KOBIETA,17
14,MAZOWIECKIE,CECYLIA,KOBIETA,17
14,MAZOWIECKIE,JÓZEFINA,KOBIETA,16
14,MAZOWIECKIE,LUIZA,KOBIETA,15
14,MAZOWIECKIE,EWELINA,KOBIETA,15
14,MAZOWIECKIE,MARTYNA,KOBIETA,14
14,MAZOWIECKIE,KAJA,KOBIETA,13
14,MAZOWIECKIE,IDA,KOBIETA,13
14,MAZOWIECKIE,ELENA,KOBIETA,13
14,MAZOWIECKIE,APOLONIA,KOBIETA,13
14,MAZOWIECKIE,ANETA,KOBIETA,12
14,MAZOWIECKIE,SABINA,KOBIETA,11
14,MAZOWIECKIE,RENATA,KOBIETA,11
14,MAZOWIECKIE,MALINA,KOBIETA,11
14,MAZOWIECKIE,KALINA,KOBIETA,11
14,MAZOWIECKIE,GAJA,KOBIETA,11
14,MAZOWIECKIE,DIANA,KOBIETA,11
14,MAZOWIECKIE,BOGUMIŁA,KOBIETA,11
14,MAZOWIECKIE,ADRIANNA,KOBIETA,11
14,MAZOWIECKIE,VICTORIA,KOBIETA,10
14,MAZOWIECKIE,SOFIA,KOBIETA,10
14,MAZOWIECKIE,LILIANNA,KOBIETA,10
14,MAZOWIECKIE,IZABELLA,KOBIETA,10
14,MAZOWIECKIE,FELICJA,KOBIETA,10
14,MAZOWIECKIE,EMMA,KOBIETA,10
14,MAZOWIECKIE,DANIELA,KOBIETA,10
14,MAZOWIECKIE,REGINA,KOBIETA,9
14,MAZOWIECKIE,MARZENA,KOBIETA,9
14,MAZOWIECKIE,LILIA,KOBIETA,9
14,MAZOWIECKIE,KAZIMIERA,KOBIETA,9
14,MAZOWIECKIE,FRANCISZKA,KOBIETA,9
14,MAZOWIECKIE,SANDRA,KOBIETA,8
14,MAZOWIECKIE,JAŚMINA,KOBIETA,8
14,MAZOWIECKIE,HONORATA,KOBIETA,8
14,MAZOWIECKIE,ANITA,KOBIETA,8
14,MAZOWIECKIE,ROSE,KOBIETA,7
14,MAZOWIECKIE,ROMA,KOBIETA,7
14,MAZOWIECKIE,MIROSŁAWA,KOBIETA,7
14,MAZOWIECKIE,MILENA,KOBIETA,7
14,MAZOWIECKIE,MARLENA,KOBIETA,7
14,MAZOWIECKIE,LUCYNA,KOBIETA,7
14,MAZOWIECKIE,LIWIA,KOBIETA,7
14,MAZOWIECKIE,LEA,KOBIETA,7
14,MAZOWIECKIE,JULIANNA,KOBIETA,7
14,MAZOWIECKIE,ROKSANA,KOBIETA,6
14,MAZOWIECKIE,PAULA,KOBIETA,6
14,MAZOWIECKIE,MIRA,KOBIETA,6
14,MAZOWIECKIE,MELANIA,KOBIETA,6
14,MAZOWIECKIE,KARINA,KOBIETA,6
14,MAZOWIECKIE,INKA,KOBIETA,6
14,MAZOWIECKIE,HENRYKA,KOBIETA,6
14,MAZOWIECKIE,ESTERA,KOBIETA,6
14,MAZOWIECKIE,ELEONORA,KOBIETA,6
14,MAZOWIECKIE,ANGELIKA,KOBIETA,6
14,MAZOWIECKIE,WIERA,KOBIETA,5
14,MAZOWIECKIE,MIRIAM,KOBIETA,5
14,MAZOWIECKIE,LUNA,KOBIETA,5
14,MAZOWIECKIE,LUDWIKA,KOBIETA,5
14,MAZOWIECKIE,LARA,KOBIETA,5
14,MAZOWIECKIE,KLEMENTYNA,KOBIETA,5
14,MAZOWIECKIE,JÓZEFA,KOBIETA,5
14,MAZOWIECKIE,ILONA,KOBIETA,5
14,MAZOWIECKIE,EUGENIA,KOBIETA,5
14,MAZOWIECKIE,DAGMARA,KOBIETA,5
14,MAZOWIECKIE,BRONISŁAWA,KOBIETA,5
14,MAZOWIECKIE,AURORA,KOBIETA,5
14,MAZOWIECKIE,WŁADYSŁAWA,KOBIETA,4
14,MAZOWIECKIE,WIOLETTA,KOBIETA,4
14,MAZOWIECKIE,WIESŁAWA,KOBIETA,4
14,MAZOWIECKIE,WALERIA,KOBIETA,4
14,MAZOWIECKIE,STELLA,KOBIETA,4
14,MAZOWIECKIE,SONIA,KOBIETA,4
14,MAZOWIECKIE,OKTAWIA,KOBIETA,4
14,MAZOWIECKIE,NOEMI,KOBIETA,4
14,MAZOWIECKIE,NELA,KOBIETA,4
14,MAZOWIECKIE,NADZIEJA,KOBIETA,4
14,MAZOWIECKIE,MALWINA,KOBIETA,4
14,MAZOWIECKIE,LUDMIŁA,KOBIETA,4
14,MAZOWIECKIE,LILI,KOBIETA,4
14,MAZOWIECKIE,LEOKADIA,KOBIETA,4
14,MAZOWIECKIE,JUDYTA,KOBIETA,4
14,MAZOWIECKIE,GENOWEFA,KOBIETA,4
14,MAZOWIECKIE,GAIA,KOBIETA,4
14,MAZOWIECKIE,FLORENTYNA,KOBIETA,4
14,MAZOWIECKIE,EDYTA,KOBIETA,4
14,MAZOWIECKIE,CELINA,KOBIETA,4
14,MAZOWIECKIE,BIANKA,KOBIETA,4
14,MAZOWIECKIE,BELLA,KOBIETA,4
14,MAZOWIECKIE,ADA,KOBIETA,4
14,MAZOWIECKIE,ZOJA,KOBIETA,3
14,MAZOWIECKIE,WIOLETA,KOBIETA,3
14,MAZOWIECKIE,WALENTYNA,KOBIETA,3
14,MAZOWIECKIE,SŁAWA,KOBIETA,3
14,MAZOWIECKIE,SAWA,KOBIETA,3
14,MAZOWIECKIE,REBEKA,KOBIETA,3
14,MAZOWIECKIE,NEL,KOBIETA,3
14,MAZOWIECKIE,NATASZA,KOBIETA,3
14,MAZOWIECKIE,MARIOLA,KOBIETA,3
14,MAZOWIECKIE,MARIKA,KOBIETA,3
14,MAZOWIECKIE,MARIETTA,KOBIETA,3
14,MAZOWIECKIE,KAUR,KOBIETA,3
14,MAZOWIECKIE,JAGNA,KOBIETA,3
14,MAZOWIECKIE,ISABELLA,KOBIETA,3
14,MAZOWIECKIE,INGA,KOBIETA,3
14,MAZOWIECKIE,INEZ,KOBIETA,3
14,MAZOWIECKIE,HIACYNTA,KOBIETA,3
14,MAZOWIECKIE,FILOMENA,KOBIETA,3
14,MAZOWIECKIE,FATIMA,KOBIETA,3
14,MAZOWIECKIE,ELWIRA,KOBIETA,3
14,MAZOWIECKIE,CZESŁAWA,KOBIETA,3
14,MAZOWIECKIE,BRYGIDA,KOBIETA,3
14,MAZOWIECKIE,BOŻENNA,KOBIETA,3
14,MAZOWIECKIE,ARIANNA,KOBIETA,3
14,MAZOWIECKIE,ANDŻELIKA,KOBIETA,3
14,MAZOWIECKIE,AMANDA,KOBIETA,3
14,MAZOWIECKIE,ADELA,KOBIETA,3
14,MAZOWIECKIE,ŻYWIA,KOBIETA,2
14,MAZOWIECKIE,ŻANETA,KOBIETA,2
14,MAZOWIECKIE,WANESSA,KOBIETA,2
14,MAZOWIECKIE,VIKTORIA,KOBIETA,2
14,MAZOWIECKIE,VALENTINA,KOBIETA,2
14,MAZOWIECKIE,TATIANA,KOBIETA,2
14,MAZOWIECKIE,SOPHIA,KOBIETA,2
14,MAZOWIECKIE,SABRINA,KOBIETA,2
14,MAZOWIECKIE,ROSA,KOBIETA,2
14,MAZOWIECKIE,RAE,KOBIETA,2
14,MAZOWIECKIE,PIA,KOBIETA,2
14,MAZOWIECKIE,PELAGIA,KOBIETA,2
14,MAZOWIECKIE,OTYLIA,KOBIETA,2
14,MAZOWIECKIE,MICHELLE,KOBIETA,2
14,MAZOWIECKIE,MARZANNA,KOBIETA,2
14,MAZOWIECKIE,MARINA,KOBIETA,2
14,MAZOWIECKIE,MARIIA,KOBIETA,2
14,MAZOWIECKIE,MARIE,KOBIETA,2
14,MAZOWIECKIE,MARGARET,KOBIETA,2
14,MAZOWIECKIE,MARCJANNA,KOBIETA,2
14,MAZOWIECKIE,MAGDA,KOBIETA,2
14,MAZOWIECKIE,LUKRECJA,KOBIETA,2
14,MAZOWIECKIE,LIVIA,KOBIETA,2
14,MAZOWIECKIE,LIGIA,KOBIETA,2
14,MAZOWIECKIE,LARYSA,KOBIETA,2
14,MAZOWIECKIE,KAMELIA,KOBIETA,2
14,MAZOWIECKIE,JULITA,KOBIETA,2
14,MAZOWIECKIE,IVY,KOBIETA,2
14,MAZOWIECKIE,ISKRA,KOBIETA,2
14,MAZOWIECKIE,ISABEL,KOBIETA,2
14,MAZOWIECKIE,IRMINA,KOBIETA,2
14,MAZOWIECKIE,IRIS,KOBIETA,2
14,MAZOWIECKIE,INES,KOBIETA,2
14,MAZOWIECKIE,GRETA,KOBIETA,2
14,MAZOWIECKIE,GRACE,KOBIETA,2
14,MAZOWIECKIE,GLORIA,KOBIETA,2
14,MAZOWIECKIE,DOBRAWA,KOBIETA,2
14,MAZOWIECKIE,DEBORA,KOBIETA,2
14,MAZOWIECKIE,CLAIRE,KOBIETA,2
14,MAZOWIECKIE,CIRILLA,KOBIETA,2
14,MAZOWIECKIE,BRAK DANYCH,KOBIETA,2
14,MAZOWIECKIE,BERENIKA,KOBIETA,2
14,MAZOWIECKIE,BALBINA,KOBIETA,2
14,MAZOWIECKIE,ASTRID,KOBIETA,2
14,MAZOWIECKIE,ARIA,KOBIETA,2
14,MAZOWIECKIE,ANGEL,KOBIETA,2
14,MAZOWIECKIE,ALESSANDRA,KOBIETA,2
14,MAZOWIECKIE,ALDONA,KOBIETA,2
14,MAZOWIECKIE,AGNES,KOBIETA,2
14,MAZOWIECKIE,ADRIANA,KOBIETA,2
16,OPOLSKIE,MARIA,KOBIETA,389
16,OPOLSKIE,ANNA,KOBIETA,306
16,OPOLSKIE,ZOFIA,KOBIETA,92
16,OPOLSKIE,MAGDALENA,KOBIETA,83
16,OPOLSKIE,KATARZYNA,KOBIETA,79
16,OPOLSKIE,JULIA,KOBIETA,65
16,OPOLSKIE,MAŁGORZATA,KOBIETA,60
16,OPOLSKIE,WIKTORIA,KOBIETA,56
16,OPOLSKIE,EWA,KOBIETA,51
16,OPOLSKIE,ALICJA,KOBIETA,49
16,OPOLSKIE,ALEKSANDRA,KOBIETA,49
16,OPOLSKIE,AGNIESZKA,KOBIETA,49
16,OPOLSKIE,JOANNA,KOBIETA,48
16,OPOLSKIE,BARBARA,KOBIETA,48
16,OPOLSKIE,EMILIA,KOBIETA,47
16,OPOLSKIE,HELENA,KOBIETA,46
16,OPOLSKIE,ŁUCJA,KOBIETA,45
16,OPOLSKIE,WERONIKA,KOBIETA,43
16,OPOLSKIE,TERESA,KOBIETA,43
16,OPOLSKIE,PAULINA,KOBIETA,43
16,OPOLSKIE,MAJA,KOBIETA,43
16,OPOLSKIE,KAROLINA,KOBIETA,41
16,OPOLSKIE,NATALIA,KOBIETA,40
16,OPOLSKIE,ELŻBIETA,KOBIETA,40
16,OPOLSKIE,MARTA,KOBIETA,38
16,OPOLSKIE,DOROTA,KOBIETA,36
16,OPOLSKIE,ANTONINA,KOBIETA,36
16,OPOLSKIE,JADWIGA,KOBIETA,35
16,OPOLSKIE,HANNA,KOBIETA,35
16,OPOLSKIE,AGATA,KOBIETA,35
16,OPOLSKIE,LENA,KOBIETA,34
16,OPOLSKIE,KRYSTYNA,KOBIETA,34
16,OPOLSKIE,ANASTAZJA,KOBIETA,32
16,OPOLSKIE,ZUZANNA,KOBIETA,28
16,OPOLSKIE,MICHALINA,KOBIETA,28
16,OPOLSKIE,MONIKA,KOBIETA,27
16,OPOLSKIE,DANUTA,KOBIETA,26
16,OPOLSKIE,AMELIA,KOBIETA,26
16,OPOLSKIE,KLARA,KOBIETA,25
16,OPOLSKIE,OLIWIA,KOBIETA,24
16,OPOLSKIE,JANINA,KOBIETA,24
16,OPOLSKIE,RÓŻA,KOBIETA,22
16,OPOLSKIE,LAURA,KOBIETA,21
16,OPOLSKIE,BEATA,KOBIETA,21
16,OPOLSKIE,URSZULA,KOBIETA,20
16,OPOLSKIE,MARTYNA,KOBIETA,19
16,OPOLSKIE,JUSTYNA,KOBIETA,19
16,OPOLSKIE,IRENA,KOBIETA,19
16,OPOLSKIE,DOMINIKA,KOBIETA,19
16,OPOLSKIE,LILIANA,KOBIETA,18
16,OPOLSKIE,ANIELA,KOBIETA,17
16,OPOLSKIE,PATRYCJA,KOBIETA,16
16,OPOLSKIE,JOLANTA,KOBIETA,16
16,OPOLSKIE,KINGA,KOBIETA,15
16,OPOLSKIE,KAMILA,KOBIETA,15
16,OPOLSKIE,GABRIELA,KOBIETA,15
16,OPOLSKIE,EWELINA,KOBIETA,15
16,OPOLSKIE,STANISŁAWA,KOBIETA,14
16,OPOLSKIE,IZABELA,KOBIETA,14
16,OPOLSKIE,JAGODA,KOBIETA,13
16,OPOLSKIE,BOŻENA,KOBIETA,13
16,OPOLSKIE,POLA,KOBIETA,12
16,OPOLSKIE,MARIANNA,KOBIETA,12
16,OPOLSKIE,ANETA,KOBIETA,12
16,OPOLSKIE,WANDA,KOBIETA,11
16,OPOLSKIE,SABINA,KOBIETA,11
16,OPOLSKIE,MARCELINA,KOBIETA,11
16,OPOLSKIE,KLAUDIA,KOBIETA,11
16,OPOLSKIE,IGA,KOBIETA,11
16,OPOLSKIE,SYLWIA,KOBIETA,10
16,OPOLSKIE,STEFANIA,KOBIETA,10
16,OPOLSKIE,NINA,KOBIETA,10
16,OPOLSKIE,NADIA,KOBIETA,10
16,OPOLSKIE,DARIA,KOBIETA,10
16,OPOLSKIE,IWONA,KOBIETA,9
16,OPOLSKIE,HALINA,KOBIETA,9
16,OPOLSKIE,SARA,KOBIETA,8
16,OPOLSKIE,SANDRA,KOBIETA,8
16,OPOLSKIE,LILIANNA,KOBIETA,8
16,OPOLSKIE,LIDIA,KOBIETA,8
16,OPOLSKIE,KAJA,KOBIETA,8
16,OPOLSKIE,FAUSTYNA,KOBIETA,8
16,OPOLSKIE,EDYTA,KOBIETA,8
16,OPOLSKIE,BLANKA,KOBIETA,8
16,OPOLSKIE,RENATA,KOBIETA,7
16,OPOLSKIE,KARINA,KOBIETA,7
16,OPOLSKIE,GRAŻYNA,KOBIETA,7
16,OPOLSKIE,CECYLIA,KOBIETA,7
16,OPOLSKIE,ROZALIA,KOBIETA,6
16,OPOLSKIE,OLGA,KOBIETA,6
16,OPOLSKIE,MILENA,KOBIETA,6
16,OPOLSKIE,MIA,KOBIETA,6
16,OPOLSKIE,FRANCISZKA,KOBIETA,6
16,OPOLSKIE,AURELIA,KOBIETA,6
16,OPOLSKIE,APOLONIA,KOBIETA,6
16,OPOLSKIE,WIESŁAWA,KOBIETA,5
16,OPOLSKIE,VICTORIA,KOBIETA,5
16,OPOLSKIE,RITA,KOBIETA,5
16,OPOLSKIE,NIKOLA,KOBIETA,5
16,OPOLSKIE,MARIOLA,KOBIETA,5
16,OPOLSKIE,KORNELIA,KOBIETA,5
16,OPOLSKIE,ELIZA,KOBIETA,5
16,OPOLSKIE,DAGMARA,KOBIETA,5
16,OPOLSKIE,PAULA,KOBIETA,4
16,OPOLSKIE,MATYLDA,KOBIETA,4
16,OPOLSKIE,LIWIA,KOBIETA,4
16,OPOLSKIE,JÓZEFINA,KOBIETA,4
16,OPOLSKIE,EMMA,KOBIETA,4
16,OPOLSKIE,ANITA,KOBIETA,4
16,OPOLSKIE,ANGELIKA,KOBIETA,4
16,OPOLSKIE,ADRIANNA,KOBIETA,4
16,OPOLSKIE,WIOLETTA,KOBIETA,3
16,OPOLSKIE,REGINA,KOBIETA,3
16,OPOLSKIE,OLIVIA,KOBIETA,3
16,OPOLSKIE,MELANIA,KOBIETA,3
16,OPOLSKIE,MARZENA,KOBIETA,3
16,OPOLSKIE,MARLENA,KOBIETA,3
16,OPOLSKIE,MALWINA,KOBIETA,3
16,OPOLSKIE,LUCYNA,KOBIETA,3
16,OPOLSKIE,LEA,KOBIETA,3
16,OPOLSKIE,KALINA,KOBIETA,3
16,OPOLSKIE,JULIANNA,KOBIETA,3
16,OPOLSKIE,JÓZEFA,KOBIETA,3
16,OPOLSKIE,GERTRUDA,KOBIETA,3
16,OPOLSKIE,BERNADETA,KOBIETA,3
16,OPOLSKIE,ZOJA,KOBIETA,2
16,OPOLSKIE,VIOLETTA,KOBIETA,2
16,OPOLSKIE,VANESSA,KOBIETA,2
16,OPOLSKIE,STELLA,KOBIETA,2
16,OPOLSKIE,SOPHIE,KOBIETA,2
16,OPOLSKIE,SONIA,KOBIETA,2
16,OPOLSKIE,SOFIA,KOBIETA,2
16,OPOLSKIE,ROKSANA,KOBIETA,2
16,OPOLSKIE,OTYLIA,KOBIETA,2
16,OPOLSKIE,OKTAWIA,KOBIETA,2
16,OPOLSKIE,NICOLA,KOBIETA,2
16,OPOLSKIE,MELISSA,KOBIETA,2
16,OPOLSKIE,MARIETTA,KOBIETA,2
16,OPOLSKIE,MAGDA,KOBIETA,2
16,OPOLSKIE,LUIZA,KOBIETA,2
16,OPOLSKIE,KRZYSZTOFA,KOBIETA,2
16,OPOLSKIE,KONSTANCJA,KOBIETA,2
16,OPOLSKIE,JUDYTA,KOBIETA,2
16,OPOLSKIE,JOWITA,KOBIETA,2
16,OPOLSKIE,JANA,KOBIETA,2
16,OPOLSKIE,HENRYKA,KOBIETA,2
16,OPOLSKIE,EUGENIA,KOBIETA,2
16,OPOLSKIE,ELEONORA,KOBIETA,2
16,OPOLSKIE,BRYGIDA,KOBIETA,2
16,OPOLSKIE,BOGUMIŁA,KOBIETA,2
16,OPOLSKIE,BIBIANNA,KOBIETA,2
16,OPOLSKIE,BIANKA,KOBIETA,2
16,OPOLSKIE,ARIANA,KOBIETA,2
16,OPOLSKIE,ANGEL,KOBIETA,2
16,OPOLSKIE,ALINA,KOBIETA,2
16,OPOLSKIE,ALFREDA,KOBIETA,2
16,OPOLSKIE,ADRIANA,KOBIETA,2
18,PODKARPACKIE,MARIA,KOBIETA,813
18,PODKARPACKIE,ANNA,KOBIETA,427
18,PODKARPACKIE,ZOFIA,KOBIETA,277
18,PODKARPACKIE,MAGDALENA,KOBIETA,172
18,PODKARPACKIE,WIKTORIA,KOBIETA,131
18,PODKARPACKIE,JULIA,KOBIETA,126
18,PODKARPACKIE,KATARZYNA,KOBIETA,115
18,PODKARPACKIE,WERONIKA,KOBIETA,105
18,PODKARPACKIE,ALEKSANDRA,KOBIETA,102
18,PODKARPACKIE,HELENA,KOBIETA,101
18,PODKARPACKIE,ŁUCJA,KOBIETA,100
18,PODKARPACKIE,EWA,KOBIETA,99
18,PODKARPACKIE,EMILIA,KOBIETA,93
18,PODKARPACKIE,MAŁGORZATA,KOBIETA,88
18,PODKARPACKIE,KAROLINA,KOBIETA,88
18,PODKARPACKIE,BARBARA,KOBIETA,87
18,PODKARPACKIE,ALICJA,KOBIETA,76
18,PODKARPACKIE,RITA,KOBIETA,73
18,PODKARPACKIE,ZUZANNA,KOBIETA,68
18,PODKARPACKIE,ELŻBIETA,KOBIETA,66
18,PODKARPACKIE,AGNIESZKA,KOBIETA,64
18,PODKARPACKIE,KINGA,KOBIETA,63
18,PODKARPACKIE,JANINA,KOBIETA,63
18,PODKARPACKIE,ANTONINA,KOBIETA,63
18,PODKARPACKIE,OLIWIA,KOBIETA,62
18,PODKARPACKIE,KRYSTYNA,KOBIETA,61
18,PODKARPACKIE,TERESA,KOBIETA,57
18,PODKARPACKIE,MAJA,KOBIETA,56
18,PODKARPACKIE,JOANNA,KOBIETA,52
18,PODKARPACKIE,FAUSTYNA,KOBIETA,49
18,PODKARPACKIE,ANIELA,KOBIETA,49
18,PODKARPACKIE,LAURA,KOBIETA,48
18,PODKARPACKIE,GABRIELA,KOBIETA,48
18,PODKARPACKIE,NATALIA,KOBIETA,44
18,PODKARPACKIE,KLARA,KOBIETA,43
18,PODKARPACKIE,AMELIA,KOBIETA,40
18,PODKARPACKIE,LENA,KOBIETA,37
18,PODKARPACKIE,MICHALINA,KOBIETA,35
18,PODKARPACKIE,DANUTA,KOBIETA,34
18,PODKARPACKIE,ANASTAZJA,KOBIETA,34
18,PODKARPACKIE,MARTA,KOBIETA,33
18,PODKARPACKIE,DOROTA,KOBIETA,33
18,PODKARPACKIE,MONIKA,KOBIETA,32
18,PODKARPACKIE,IRENA,KOBIETA,32
18,PODKARPACKIE,JADWIGA,KOBIETA,31
18,PODKARPACKIE,PAULINA,KOBIETA,27
18,PODKARPACKIE,AGATA,KOBIETA,27
18,PODKARPACKIE,URSZULA,KOBIETA,26
18,PODKARPACKIE,HANNA,KOBIETA,26
18,PODKARPACKIE,STEFANIA,KOBIETA,25
18,PODKARPACKIE,RÓŻA,KOBIETA,25
18,PODKARPACKIE,MARCELINA,KOBIETA,23
18,PODKARPACKIE,JUSTYNA,KOBIETA,23
18,PODKARPACKIE,IZABELA,KOBIETA,23
18,PODKARPACKIE,MILENA,KOBIETA,22
18,PODKARPACKIE,NIKOLA,KOBIETA,19
18,PODKARPACKIE,NADIA,KOBIETA,19
18,PODKARPACKIE,ROZALIA,KOBIETA,18
18,PODKARPACKIE,KORNELIA,KOBIETA,18
18,PODKARPACKIE,KLAUDIA,KOBIETA,18
18,PODKARPACKIE,DOMINIKA,KOBIETA,18
18,PODKARPACKIE,JAGODA,KOBIETA,17
18,PODKARPACKIE,HALINA,KOBIETA,17
18,PODKARPACKIE,JÓZEFA,KOBIETA,16
18,PODKARPACKIE,BEATA,KOBIETA,16
18,PODKARPACKIE,STANISŁAWA,KOBIETA,15
18,PODKARPACKIE,MARTYNA,KOBIETA,15
18,PODKARPACKIE,LILIANA,KOBIETA,15
18,PODKARPACKIE,JOLANTA,KOBIETA,15
18,PODKARPACKIE,PATRYCJA,KOBIETA,14
18,PODKARPACKIE,FRANCISZKA,KOBIETA,14
18,PODKARPACKIE,SYLWIA,KOBIETA,13
18,PODKARPACKIE,LIDIA,KOBIETA,13
18,PODKARPACKIE,KAMILA,KOBIETA,13
18,PODKARPACKIE,GRAŻYNA,KOBIETA,13
18,PODKARPACKIE,BLANKA,KOBIETA,13
18,PODKARPACKIE,RENATA,KOBIETA,12
18,PODKARPACKIE,MARIANNA,KOBIETA,12
18,PODKARPACKIE,IWONA,KOBIETA,12
18,PODKARPACKIE,ELIZA,KOBIETA,12
18,PODKARPACKIE,LUCYNA,KOBIETA,11
18,PODKARPACKIE,DARIA,KOBIETA,11
18,PODKARPACKIE,CECYLIA,KOBIETA,11
18,PODKARPACKIE,AURELIA,KOBIETA,10
18,PODKARPACKIE,WŁADYSŁAWA,KOBIETA,9
18,PODKARPACKIE,WANDA,KOBIETA,9
18,PODKARPACKIE,ROKSANA,KOBIETA,9
18,PODKARPACKIE,POLA,KOBIETA,9
18,PODKARPACKIE,EWELINA,KOBIETA,9
18,PODKARPACKIE,EDYTA,KOBIETA,9
18,PODKARPACKIE,DIANA,KOBIETA,9
18,PODKARPACKIE,SABINA,KOBIETA,8
18,PODKARPACKIE,MARZENA,KOBIETA,8
18,PODKARPACKIE,IGA,KOBIETA,8
18,PODKARPACKIE,ANETA,KOBIETA,8
18,PODKARPACKIE,ALINA,KOBIETA,8
18,PODKARPACKIE,ADRIANNA,KOBIETA,8
18,PODKARPACKIE,SANDRA,KOBIETA,7
18,PODKARPACKIE,KAJA,KOBIETA,7
18,PODKARPACKIE,DAGMARA,KOBIETA,7
18,PODKARPACKIE,BRONISŁAWA,KOBIETA,7
18,PODKARPACKIE,BOGUSŁAWA,KOBIETA,7
18,PODKARPACKIE,VICTORIA,KOBIETA,6
18,PODKARPACKIE,MELANIA,KOBIETA,6
18,PODKARPACKIE,MARLENA,KOBIETA,6
18,PODKARPACKIE,MARIOLA,KOBIETA,6
18,PODKARPACKIE,FELICJA,KOBIETA,6
18,PODKARPACKIE,CZESŁAWA,KOBIETA,6
18,PODKARPACKIE,BOŻENA,KOBIETA,6
18,PODKARPACKIE,ANGELIKA,KOBIETA,6
18,PODKARPACKIE,WIOLETTA,KOBIETA,5
18,PODKARPACKIE,SARA,KOBIETA,5
18,PODKARPACKIE,REGINA,KOBIETA,5
18,PODKARPACKIE,MIA,KOBIETA,5
18,PODKARPACKIE,MATYLDA,KOBIETA,5
18,PODKARPACKIE,MALWINA,KOBIETA,5
18,PODKARPACKIE,KAZIMIERA,KOBIETA,5
18,PODKARPACKIE,KALINA,KOBIETA,5
18,PODKARPACKIE,GENOWEFA,KOBIETA,5
18,PODKARPACKIE,ELEONORA,KOBIETA,5
18,PODKARPACKIE,ADELA,KOBIETA,5
18,PODKARPACKIE,WIESŁAWA,KOBIETA,4
18,PODKARPACKIE,NINA,KOBIETA,4
18,PODKARPACKIE,KONSTANCJA,KOBIETA,4
18,PODKARPACKIE,JULITA,KOBIETA,4
18,PODKARPACKIE,GLORIA,KOBIETA,4
18,PODKARPACKIE,CELINA,KOBIETA,4
18,PODKARPACKIE,BOGUMIŁA,KOBIETA,4
18,PODKARPACKIE,BERNADETA,KOBIETA,4
18,PODKARPACKIE,ANDŻELIKA,KOBIETA,4
18,PODKARPACKIE,WIOLETA,KOBIETA,3
18,PODKARPACKIE,WALENTYNA,KOBIETA,3
18,PODKARPACKIE,VANESSA,KOBIETA,3
18,PODKARPACKIE,PAULA,KOBIETA,3
18,PODKARPACKIE,OTYLIA,KOBIETA,3
18,PODKARPACKIE,OLGA,KOBIETA,3
18,PODKARPACKIE,OKTAWIA,KOBIETA,3
18,PODKARPACKIE,MIRIAM,KOBIETA,3
18,PODKARPACKIE,MARIKA,KOBIETA,3
18,PODKARPACKIE,LILIA,KOBIETA,3
18,PODKARPACKIE,KLEMENTYNA,KOBIETA,3
18,PODKARPACKIE,JOWITA,KOBIETA,3
18,PODKARPACKIE,IZABELLA,KOBIETA,3
18,PODKARPACKIE,INGA,KOBIETA,3
18,PODKARPACKIE,HIACYNTA,KOBIETA,3
18,PODKARPACKIE,GAJA,KOBIETA,3
18,PODKARPACKIE,EMMA,KOBIETA,3
18,PODKARPACKIE,ELENA,KOBIETA,3
18,PODKARPACKIE,ŻANETA,KOBIETA,2
18,PODKARPACKIE,ROSE,KOBIETA,2
18,PODKARPACKIE,ROMA,KOBIETA,2
18,PODKARPACKIE,PATRICIA,KOBIETA,2
18,PODKARPACKIE,NOELIA,KOBIETA,2
18,PODKARPACKIE,NELA,KOBIETA,2
18,PODKARPACKIE,NADZIEJA,KOBIETA,2
18,PODKARPACKIE,MIRA,KOBIETA,2
18,PODKARPACKIE,MIŁOCHNA,KOBIETA,2
18,PODKARPACKIE,LUIZA,KOBIETA,2
18,PODKARPACKIE,LIVIA,KOBIETA,2
18,PODKARPACKIE,LEOKADIA,KOBIETA,2
18,PODKARPACKIE,LEA,KOBIETA,2
18,PODKARPACKIE,JUDYTA,KOBIETA,2
18,PODKARPACKIE,JESSICA,KOBIETA,2
18,PODKARPACKIE,IRMINA,KOBIETA,2
18,PODKARPACKIE,ILONA,KOBIETA,2
18,PODKARPACKIE,IDA,KOBIETA,2
18,PODKARPACKIE,HONORATA,KOBIETA,2
18,PODKARPACKIE,FILOMENA,KOBIETA,2
18,PODKARPACKIE,EUGENIA,KOBIETA,2
18,PODKARPACKIE,EMILY,KOBIETA,2
18,PODKARPACKIE,ELIZABETH,KOBIETA,2
18,PODKARPACKIE,BIANKA,KOBIETA,2
18,PODKARPACKIE,AURORA,KOBIETA,2
18,PODKARPACKIE,APOLONIA,KOBIETA,2
18,PODKARPACKIE,ANTONIA,KOBIETA,2
18,PODKARPACKIE,ANNABELLE,KOBIETA,2
18,PODKARPACKIE,ALBINA,KOBIETA,2
20,PODLASKIE,MARIA,KOBIETA,53
20,PODLASKIE,ANNA,KOBIETA,20
20,PODLASKIE,ZOFIA,KOBIETA,10
20,PODLASKIE,HELENA,KOBIETA,10
20,PODLASKIE,MAJA,KOBIETA,8
20,PODLASKIE,WIKTORIA,KOBIETA,7
20,PODLASKIE,MAGDALENA,KOBIETA,7
20,PODLASKIE,JULIA,KOBIETA,7
20,PODLASKIE,EWA,KOBIETA,7
20,PODLASKIE,WERONIKA,KOBIETA,6
20,PODLASKIE,RITA,KOBIETA,5
20,PODLASKIE,OLIWIA,KOBIETA,5
20,PODLASKIE,LENA,KOBIETA,5
20,PODLASKIE,KLARA,KOBIETA,5
20,PODLASKIE,ALEKSANDRA,KOBIETA,5
20,PODLASKIE,AGNIESZKA,KOBIETA,5
20,PODLASKIE,ZUZANNA,KOBIETA,4
20,PODLASKIE,TERESA,KOBIETA,4
20,PODLASKIE,RÓŻA,KOBIETA,4
20,PODLASKIE,NINA,KOBIETA,4
20,PODLASKIE,MAŁGORZATA,KOBIETA,4
20,PODLASKIE,KRYSTYNA,KOBIETA,4
20,PODLASKIE,JADWIGA,KOBIETA,4
20,PODLASKIE,IZABELA,KOBIETA,4
20,PODLASKIE,DANUTA,KOBIETA,4
20,PODLASKIE,BARBARA,KOBIETA,4
20,PODLASKIE,ALICJA,KOBIETA,4
20,PODLASKIE,MARIANNA,KOBIETA,3
20,PODLASKIE,KONSTANCJA,KOBIETA,3
20,PODLASKIE,IRENA,KOBIETA,3
20,PODLASKIE,WANDA,KOBIETA,2
20,PODLASKIE,URSZULA,KOBIETA,2
20,PODLASKIE,SARA,KOBIETA,2
20,PODLASKIE,ROZALIA,KOBIETA,2
20,PODLASKIE,NOEMI,KOBIETA,2
20,PODLASKIE,NELA,KOBIETA,2
20,PODLASKIE,NADZIEJA,KOBIETA,2
20,PODLASKIE,MARIE,KOBIETA,2
20,PODLASKIE,ŁUCJA,KOBIETA,2
20,PODLASKIE,LUCYNA,KOBIETA,2
20,PODLASKIE,LIDIA,KOBIETA,2
20,PODLASKIE,LAURA,KOBIETA,2
20,PODLASKIE,KINGA,KOBIETA,2
20,PODLASKIE,KAROLINA,KOBIETA,2
20,PODLASKIE,KARINA,KOBIETA,2
20,PODLASKIE,KAMILA,KOBIETA,2
20,PODLASKIE,JUSTYNA,KOBIETA,2
20,PODLASKIE,JANINA,KOBIETA,2
20,PODLASKIE,IGA,KOBIETA,2
20,PODLASKIE,HANNA,KOBIETA,2
20,PODLASKIE,HALINA,KOBIETA,2
20,PODLASKIE,GABRIELA,KOBIETA,2
20,PODLASKIE,FAUSTYNA,KOBIETA,2
20,PODLASKIE,EMILIA,KOBIETA,2
20,PODLASKIE,ELIZA,KOBIETA,2
20,PODLASKIE,DOMINIKA,KOBIETA,2
20,PODLASKIE,ANTONINA,KOBIETA,2
22,POMORSKIE,MARIA,KOBIETA,619
22,POMORSKIE,ANNA,KOBIETA,517
22,POMORSKIE,MAGDALENA,KOBIETA,184
22,POMORSKIE,ZOFIA,KOBIETA,175
22,POMORSKIE,KATARZYNA,KOBIETA,160
22,POMORSKIE,HELENA,KOBIETA,143
22,POMORSKIE,EWA,KOBIETA,141
22,POMORSKIE,MAŁGORZATA,KOBIETA,122
22,POMORSKIE,TERESA,KOBIETA,121
22,POMORSKIE,ALEKSANDRA,KOBIETA,118
22,POMORSKIE,BARBARA,KOBIETA,110
22,POMORSKIE,WIKTORIA,KOBIETA,109
22,POMORSKIE,WERONIKA,KOBIETA,109
22,POMORSKIE,AGNIESZKA,KOBIETA,106
22,POMORSKIE,MARTA,KOBIETA,99
22,POMORSKIE,JOANNA,KOBIETA,99
22,POMORSKIE,ELŻBIETA,KOBIETA,98
22,POMORSKIE,ŁUCJA,KOBIETA,97
22,POMORSKIE,KAROLINA,KOBIETA,88
22,POMORSKIE,JADWIGA,KOBIETA,87
22,POMORSKIE,JULIA,KOBIETA,85
22,POMORSKIE,ALICJA,KOBIETA,85
22,POMORSKIE,NATALIA,KOBIETA,84
22,POMORSKIE,KRYSTYNA,KOBIETA,71
22,POMORSKIE,MONIKA,KOBIETA,70
22,POMORSKIE,ZUZANNA,KOBIETA,66
22,POMORSKIE,ANASTAZJA,KOBIETA,65
22,POMORSKIE,IRENA,KOBIETA,63
22,POMORSKIE,DANUTA,KOBIETA,60
22,POMORSKIE,ANTONINA,KOBIETA,58
22,POMORSKIE,EMILIA,KOBIETA,56
22,POMORSKIE,PAULINA,KOBIETA,54
22,POMORSKIE,JANINA,KOBIETA,53
22,POMORSKIE,KLARA,KOBIETA,52
22,POMORSKIE,KINGA,KOBIETA,52
22,POMORSKIE,HANNA,KOBIETA,52
22,POMORSKIE,AGATA,KOBIETA,50
22,POMORSKIE,OLIWIA,KOBIETA,48
22,POMORSKIE,DOROTA,KOBIETA,48
22,POMORSKIE,MARIANNA,KOBIETA,46
22,POMORSKIE,URSZULA,KOBIETA,45
22,POMORSKIE,AMELIA,KOBIETA,44
22,POMORSKIE,MAJA,KOBIETA,43
22,POMORSKIE,RITA,KOBIETA,41
22,POMORSKIE,PATRYCJA,KOBIETA,40
22,POMORSKIE,WANDA,KOBIETA,39
22,POMORSKIE,LENA,KOBIETA,39
22,POMORSKIE,LAURA,KOBIETA,37
22,POMORSKIE,GABRIELA,KOBIETA,37
22,POMORSKIE,GRAŻYNA,KOBIETA,36
22,POMORSKIE,ANIELA,KOBIETA,36
22,POMORSKIE,MARTYNA,KOBIETA,35
22,POMORSKIE,BEATA,KOBIETA,35
22,POMORSKIE,IZABELA,KOBIETA,34
22,POMORSKIE,DOMINIKA,KOBIETA,33
22,POMORSKIE,MICHALINA,KOBIETA,32
22,POMORSKIE,SYLWIA,KOBIETA,31
22,POMORSKIE,RÓŻA,KOBIETA,31
22,POMORSKIE,KAMILA,KOBIETA,30
22,POMORSKIE,JOLANTA,KOBIETA,29
22,POMORSKIE,KLAUDIA,KOBIETA,28
22,POMORSKIE,STEFANIA,KOBIETA,27
22,POMORSKIE,NADIA,KOBIETA,27
22,POMORSKIE,IWONA,KOBIETA,27
22,POMORSKIE,JAGODA,KOBIETA,26
22,POMORSKIE,HALINA,KOBIETA,26
22,POMORSKIE,BOŻENA,KOBIETA,26
22,POMORSKIE,LIDIA,KOBIETA,25
22,POMORSKIE,RENATA,KOBIETA,23
22,POMORSKIE,POLA,KOBIETA,23
22,POMORSKIE,JUSTYNA,KOBIETA,23
22,POMORSKIE,FAUSTYNA,KOBIETA,23
22,POMORSKIE,SANDRA,KOBIETA,22
22,POMORSKIE,MARCELINA,KOBIETA,22
22,POMORSKIE,OLGA,KOBIETA,21
22,POMORSKIE,EWELINA,KOBIETA,21
22,POMORSKIE,KORNELIA,KOBIETA,20
22,POMORSKIE,LUCYNA,KOBIETA,19
22,POMORSKIE,ROZALIA,KOBIETA,18
22,POMORSKIE,MATYLDA,KOBIETA,18
22,POMORSKIE,BOGUMIŁA,KOBIETA,18
22,POMORSKIE,ANETA,KOBIETA,18
22,POMORSKIE,LILIANA,KOBIETA,17
22,POMORSKIE,REGINA,KOBIETA,16
22,POMORSKIE,MIROSŁAWA,KOBIETA,16
22,POMORSKIE,DARIA,KOBIETA,16
22,POMORSKIE,MILENA,KOBIETA,15
22,POMORSKIE,MARZENA,KOBIETA,15
22,POMORSKIE,AURELIA,KOBIETA,15
22,POMORSKIE,WIESŁAWA,KOBIETA,14
22,POMORSKIE,LILIANNA,KOBIETA,14
22,POMORSKIE,IGA,KOBIETA,14
22,POMORSKIE,BLANKA,KOBIETA,14
22,POMORSKIE,NINA,KOBIETA,13
22,POMORSKIE,NIKOLA,KOBIETA,13
22,POMORSKIE,EDYTA,KOBIETA,13
22,POMORSKIE,ANGELIKA,KOBIETA,13
22,POMORSKIE,SARA,KOBIETA,12
22,POMORSKIE,SABINA,KOBIETA,11
22,POMORSKIE,MIA,KOBIETA,11
22,POMORSKIE,ELIZA,KOBIETA,11
22,POMORSKIE,STANISŁAWA,KOBIETA,10
22,POMORSKIE,JÓZEFINA,KOBIETA,10
22,POMORSKIE,ANITA,KOBIETA,10
22,POMORSKIE,ADRIANNA,KOBIETA,10
22,POMORSKIE,WIOLETA,KOBIETA,9
22,POMORSKIE,MARIOLA,KOBIETA,9
22,POMORSKIE,BERNADETA,KOBIETA,9
22,POMORSKIE,ZYTA,KOBIETA,8
22,POMORSKIE,NELA,KOBIETA,8
22,POMORSKIE,GAJA,KOBIETA,8
22,POMORSKIE,DIANA,KOBIETA,8
22,POMORSKIE,ALINA,KOBIETA,8
22,POMORSKIE,WIOLETTA,KOBIETA,7
22,POMORSKIE,MARLENA,KOBIETA,7
22,POMORSKIE,KALINA,KOBIETA,7
22,POMORSKIE,KAJA,KOBIETA,7
22,POMORSKIE,JULITA,KOBIETA,7
22,POMORSKIE,FELICJA,KOBIETA,7
22,POMORSKIE,ERYKA,KOBIETA,7
22,POMORSKIE,DANIELA,KOBIETA,7
22,POMORSKIE,CELINA,KOBIETA,7
22,POMORSKIE,BRYGIDA,KOBIETA,7
22,POMORSKIE,ADRIANA,KOBIETA,7
22,POMORSKIE,PAULA,KOBIETA,6
22,POMORSKIE,LUIZA,KOBIETA,6
22,POMORSKIE,LUDWIKA,KOBIETA,6
22,POMORSKIE,LEOKADIA,KOBIETA,6
22,POMORSKIE,FRANCISZKA,KOBIETA,6
22,POMORSKIE,FILOMENA,KOBIETA,6
22,POMORSKIE,EMMA,KOBIETA,6
22,POMORSKIE,CECYLIA,KOBIETA,6
22,POMORSKIE,BIANKA,KOBIETA,6
22,POMORSKIE,APOLONIA,KOBIETA,6
22,POMORSKIE,ADELA,KOBIETA,6
22,POMORSKIE,WŁADYSŁAWA,KOBIETA,5
22,POMORSKIE,WALENTYNA,KOBIETA,5
22,POMORSKIE,VICTORIA,KOBIETA,5
22,POMORSKIE,OKTAWIA,KOBIETA,5
22,POMORSKIE,MAGDA,KOBIETA,5
22,POMORSKIE,JULIANNA,KOBIETA,5
22,POMORSKIE,JÓZEFA,KOBIETA,5
22,POMORSKIE,INGA,KOBIETA,5
22,POMORSKIE,HIACYNTA,KOBIETA,5
22,POMORSKIE,GERTRUDA,KOBIETA,5
22,POMORSKIE,GENOWEFA,KOBIETA,5
22,POMORSKIE,ŻANETA,KOBIETA,4
22,POMORSKIE,SOFIA,KOBIETA,4
22,POMORSKIE,ROKSANA,KOBIETA,4
22,POMORSKIE,MELANIA,KOBIETA,4
22,POMORSKIE,MARIKA,KOBIETA,4
22,POMORSKIE,MALWINA,KOBIETA,4
22,POMORSKIE,LIWIA,KOBIETA,4
22,POMORSKIE,LEA,KOBIETA,4
22,POMORSKIE,KARINA,KOBIETA,4
22,POMORSKIE,IRMINA,KOBIETA,4
22,POMORSKIE,IDA,KOBIETA,4
22,POMORSKIE,HONORATA,KOBIETA,4
22,POMORSKIE,HENRYKA,KOBIETA,4
22,POMORSKIE,ESTERA,KOBIETA,4
22,POMORSKIE,AMANDA,KOBIETA,4
22,POMORSKIE,WALERIA,KOBIETA,3
22,POMORSKIE,OLIMPIA,KOBIETA,3
22,POMORSKIE,NOEMI,KOBIETA,3
22,POMORSKIE,NADZIEJA,KOBIETA,3
22,POMORSKIE,MIECZYSŁAWA,KOBIETA,3
22,POMORSKIE,KONSTANCJA,KOBIETA,3
22,POMORSKIE,KIRA,KOBIETA,3
22,POMORSKIE,KAZIMIERA,KOBIETA,3
22,POMORSKIE,IZABELLA,KOBIETA,3
22,POMORSKIE,IRMA,KOBIETA,3
22,POMORSKIE,INA,KOBIETA,3
22,POMORSKIE,ILONA,KOBIETA,3
22,POMORSKIE,EUGENIA,KOBIETA,3
22,POMORSKIE,DOBRAWA,KOBIETA,3
22,POMORSKIE,AURORA,KOBIETA,3
22,POMORSKIE,ZOJA,KOBIETA,2
22,POMORSKIE,ZOE,KOBIETA,2
22,POMORSKIE,TOLA,KOBIETA,2
22,POMORSKIE,STELLA,KOBIETA,2
22,POMORSKIE,OTYLIA,KOBIETA,2
22,POMORSKIE,OLIVIA,KOBIETA,2
22,POMORSKIE,NEL,KOBIETA,2
22,POMORSKIE,MIRA,KOBIETA,2
22,POMORSKIE,MELISSA,KOBIETA,2
22,POMORSKIE,MARIE,KOBIETA,2
22,POMORSKIE,MARCJANNA,KOBIETA,2
22,POMORSKIE,LUDOMIRA,KOBIETA,2
22,POMORSKIE,LUDMIŁA,KOBIETA,2
22,POMORSKIE,LUBA,KOBIETA,2
22,POMORSKIE,LETYCJA,KOBIETA,2
22,POMORSKIE,KRZYSZTOFA,KOBIETA,2
22,POMORSKIE,KLEMENTYNA,KOBIETA,2
22,POMORSKIE,JUDYTA,KOBIETA,2
22,POMORSKIE,JAGNA,KOBIETA,2
22,POMORSKIE,INKA,KOBIETA,2
22,POMORSKIE,HANKA,KOBIETA,2
22,POMORSKIE,FLORENTYNA,KOBIETA,2
22,POMORSKIE,ELWIRA,KOBIETA,2
22,POMORSKIE,ELENA,KOBIETA,2
22,POMORSKIE,DAGMARA,KOBIETA,2
22,POMORSKIE,CZESŁAWA,KOBIETA,2
22,POMORSKIE,CIRILLA,KOBIETA,2
22,POMORSKIE,CARMEN,KOBIETA,2
22,POMORSKIE,BOGUSŁAWA,KOBIETA,2
22,POMORSKIE,BALBINA,KOBIETA,2
22,POMORSKIE,ANETTA,KOBIETA,2
22,POMORSKIE,ANDŻELIKA,KOBIETA,2
22,POMORSKIE,ADELAJDA,KOBIETA,2
24,ŚLĄSKIE,MARIA,KOBIETA,1360
24,ŚLĄSKIE,ANNA,KOBIETA,1224
24,ŚLĄSKIE,MAGDALENA,KOBIETA,536
24,ŚLĄSKIE,ZOFIA,KOBIETA,430
24,ŚLĄSKIE,KATARZYNA,KOBIETA,430
24,ŚLĄSKIE,BARBARA,KOBIETA,359
24,ŚLĄSKIE,WIKTORIA,KOBIETA,356
24,ŚLĄSKIE,ALEKSANDRA,KOBIETA,350
24,ŚLĄSKIE,JULIA,KOBIETA,333
24,ŚLĄSKIE,MAŁGORZATA,KOBIETA,320
24,ŚLĄSKIE,HELENA,KOBIETA,312
24,ŚLĄSKIE,EWA,KOBIETA,311
24,ŚLĄSKIE,ALICJA,KOBIETA,299
24,ŚLĄSKIE,AGNIESZKA,KOBIETA,294
24,ŚLĄSKIE,JOANNA,KOBIETA,283
24,ŚLĄSKIE,NATALIA,KOBIETA,282
24,ŚLĄSKIE,KAROLINA,KOBIETA,253
24,ŚLĄSKIE,WERONIKA,KOBIETA,251
24,ŚLĄSKIE,MARTA,KOBIETA,248
24,ŚLĄSKIE,EMILIA,KOBIETA,243
24,ŚLĄSKIE,ZUZANNA,KOBIETA,241
24,ŚLĄSKIE,ŁUCJA,KOBIETA,227
24,ŚLĄSKIE,MONIKA,KOBIETA,212
24,ŚLĄSKIE,ELŻBIETA,KOBIETA,193
24,ŚLĄSKIE,PAULINA,KOBIETA,189
24,ŚLĄSKIE,HANNA,KOBIETA,189
24,ŚLĄSKIE,OLIWIA,KOBIETA,185
24,ŚLĄSKIE,KRYSTYNA,KOBIETA,178
24,ŚLĄSKIE,LAURA,KOBIETA,168
24,ŚLĄSKIE,MAJA,KOBIETA,166
24,ŚLĄSKIE,TERESA,KOBIETA,163
24,ŚLĄSKIE,PATRYCJA,KOBIETA,149
24,ŚLĄSKIE,LENA,KOBIETA,149
24,ŚLĄSKIE,DOROTA,KOBIETA,145
24,ŚLĄSKIE,AGATA,KOBIETA,142
24,ŚLĄSKIE,ANTONINA,KOBIETA,128
24,ŚLĄSKIE,KLAUDIA,KOBIETA,125
24,ŚLĄSKIE,JUSTYNA,KOBIETA,125
24,ŚLĄSKIE,ANASTAZJA,KOBIETA,125
24,ŚLĄSKIE,JADWIGA,KOBIETA,124
24,ŚLĄSKIE,KINGA,KOBIETA,122
24,ŚLĄSKIE,DOMINIKA,KOBIETA,121
24,ŚLĄSKIE,AMELIA,KOBIETA,121
24,ŚLĄSKIE,MICHALINA,KOBIETA,119
24,ŚLĄSKIE,JANINA,KOBIETA,119
24,ŚLĄSKIE,DANUTA,KOBIETA,119
24,ŚLĄSKIE,IRENA,KOBIETA,118
24,ŚLĄSKIE,KLARA,KOBIETA,113
24,ŚLĄSKIE,URSZULA,KOBIETA,111
24,ŚLĄSKIE,IZABELA,KOBIETA,110
24,ŚLĄSKIE,RÓŻA,KOBIETA,106
24,ŚLĄSKIE,SYLWIA,KOBIETA,105
24,ŚLĄSKIE,BEATA,KOBIETA,105
24,ŚLĄSKIE,MARTYNA,KOBIETA,88
24,ŚLĄSKIE,KAMILA,KOBIETA,86
24,ŚLĄSKIE,GABRIELA,KOBIETA,86
24,ŚLĄSKIE,JOLANTA,KOBIETA,84
24,ŚLĄSKIE,IWONA,KOBIETA,81
24,ŚLĄSKIE,MARIANNA,KOBIETA,80
24,ŚLĄSKIE,ANIELA,KOBIETA,80
24,ŚLĄSKIE,NADIA,KOBIETA,78
24,ŚLĄSKIE,EWELINA,KOBIETA,73
24,ŚLĄSKIE,STEFANIA,KOBIETA,70
24,ŚLĄSKIE,HALINA,KOBIETA,69
24,ŚLĄSKIE,JAGODA,KOBIETA,62
24,ŚLĄSKIE,SARA,KOBIETA,58
24,ŚLĄSKIE,GRAŻYNA,KOBIETA,58
24,ŚLĄSKIE,BOŻENA,KOBIETA,57
24,ŚLĄSKIE,WANDA,KOBIETA,56
24,ŚLĄSKIE,LIDIA,KOBIETA,56
24,ŚLĄSKIE,DARIA,KOBIETA,52
24,ŚLĄSKIE,ANETA,KOBIETA,52
24,ŚLĄSKIE,RITA,KOBIETA,51
24,ŚLĄSKIE,POLA,KOBIETA,51
24,ŚLĄSKIE,EDYTA,KOBIETA,49
24,ŚLĄSKIE,RENATA,KOBIETA,48
24,ŚLĄSKIE,MARCELINA,KOBIETA,48
24,ŚLĄSKIE,KORNELIA,KOBIETA,48
24,ŚLĄSKIE,SANDRA,KOBIETA,47
24,ŚLĄSKIE,OLGA,KOBIETA,47
24,ŚLĄSKIE,MILENA,KOBIETA,47
24,ŚLĄSKIE,MARZENA,KOBIETA,46
24,ŚLĄSKIE,LILIANA,KOBIETA,45
24,ŚLĄSKIE,NIKOLA,KOBIETA,43
24,ŚLĄSKIE,IGA,KOBIETA,42
24,ŚLĄSKIE,ANGELIKA,KOBIETA,42
24,ŚLĄSKIE,SABINA,KOBIETA,41
24,ŚLĄSKIE,FAUSTYNA,KOBIETA,41
24,ŚLĄSKIE,MATYLDA,KOBIETA,40
24,ŚLĄSKIE,ROZALIA,KOBIETA,39
24,ŚLĄSKIE,BLANKA,KOBIETA,37
24,ŚLĄSKIE,CECYLIA,KOBIETA,35
24,ŚLĄSKIE,DAGMARA,KOBIETA,33
24,ŚLĄSKIE,STANISŁAWA,KOBIETA,32
24,ŚLĄSKIE,NINA,KOBIETA,32
24,ŚLĄSKIE,ELIZA,KOBIETA,31
24,ŚLĄSKIE,MARIOLA,KOBIETA,29
24,ŚLĄSKIE,ADRIANNA,KOBIETA,29
24,ŚLĄSKIE,AURELIA,KOBIETA,28
24,ŚLĄSKIE,SONIA,KOBIETA,27
24,ŚLĄSKIE,MARLENA,KOBIETA,26
24,ŚLĄSKIE,ILONA,KOBIETA,26
24,ŚLĄSKIE,WIOLETTA,KOBIETA,25
24,ŚLĄSKIE,ROKSANA,KOBIETA,25
24,ŚLĄSKIE,LUCYNA,KOBIETA,23
24,ŚLĄSKIE,MELANIA,KOBIETA,20
24,ŚLĄSKIE,MALWINA,KOBIETA,20
24,ŚLĄSKIE,LILIANNA,KOBIETA,20
24,ŚLĄSKIE,WIOLETA,KOBIETA,19
24,ŚLĄSKIE,JÓZEFA,KOBIETA,19
24,ŚLĄSKIE,ALINA,KOBIETA,19
24,ŚLĄSKIE,MIA,KOBIETA,18
24,ŚLĄSKIE,ŻANETA,KOBIETA,16
24,ŚLĄSKIE,OTYLIA,KOBIETA,16
24,ŚLĄSKIE,KARINA,KOBIETA,16
24,ŚLĄSKIE,KAJA,KOBIETA,16
24,ŚLĄSKIE,JÓZEFINA,KOBIETA,16
24,ŚLĄSKIE,GLORIA,KOBIETA,16
24,ŚLĄSKIE,BOGUSŁAWA,KOBIETA,16
24,ŚLĄSKIE,KAZIMIERA,KOBIETA,15
24,ŚLĄSKIE,FRANCISZKA,KOBIETA,15
24,ŚLĄSKIE,BOGUMIŁA,KOBIETA,15
24,ŚLĄSKIE,BERNADETA,KOBIETA,15
24,ŚLĄSKIE,BRONISŁAWA,KOBIETA,14
24,ŚLĄSKIE,ANITA,KOBIETA,14
24,ŚLĄSKIE,PAULA,KOBIETA,12
24,ŚLĄSKIE,MIROSŁAWA,KOBIETA,12
24,ŚLĄSKIE,LEOKADIA,KOBIETA,12
24,ŚLĄSKIE,DANIELA,KOBIETA,12
24,ŚLĄSKIE,NELA,KOBIETA,11
24,ŚLĄSKIE,MAGDA,KOBIETA,11
24,ŚLĄSKIE,LARA,KOBIETA,11
24,ŚLĄSKIE,KALINA,KOBIETA,11
24,ŚLĄSKIE,ELENA,KOBIETA,11
24,ŚLĄSKIE,CELINA,KOBIETA,11
24,ŚLĄSKIE,BIANKA,KOBIETA,11
24,ŚLĄSKIE,REGINA,KOBIETA,10
24,ŚLĄSKIE,NICOLA,KOBIETA,10
24,ŚLĄSKIE,INGA,KOBIETA,10
24,ŚLĄSKIE,FELICJA,KOBIETA,10
24,ŚLĄSKIE,EMMA,KOBIETA,10
24,ŚLĄSKIE,WIESŁAWA,KOBIETA,9
24,ŚLĄSKIE,VIOLETTA,KOBIETA,9
24,ŚLĄSKIE,VANESSA,KOBIETA,9
24,ŚLĄSKIE,LUIZA,KOBIETA,9
24,ŚLĄSKIE,LILIA,KOBIETA,9
24,ŚLĄSKIE,JUDYTA,KOBIETA,9
24,ŚLĄSKIE,JESSICA,KOBIETA,9
24,ŚLĄSKIE,HONORATA,KOBIETA,9
24,ŚLĄSKIE,HIACYNTA,KOBIETA,9
24,ŚLĄSKIE,GAJA,KOBIETA,9
24,ŚLĄSKIE,AMANDA,KOBIETA,9
24,ŚLĄSKIE,VICTORIA,KOBIETA,8
24,ŚLĄSKIE,MARIKA,KOBIETA,8
24,ŚLĄSKIE,LIWIA,KOBIETA,8
24,ŚLĄSKIE,JULITA,KOBIETA,8
24,ŚLĄSKIE,JULIANNA,KOBIETA,8
24,ŚLĄSKIE,JOWITA,KOBIETA,8
24,ŚLĄSKIE,IZABELLA,KOBIETA,8
24,ŚLĄSKIE,HENRYKA,KOBIETA,8
24,ŚLĄSKIE,DIANA,KOBIETA,8
24,ŚLĄSKIE,BERNADETTA,KOBIETA,8
24,ŚLĄSKIE,ADELA,KOBIETA,8
24,ŚLĄSKIE,ADA,KOBIETA,8
24,ŚLĄSKIE,ZOJA,KOBIETA,7
24,ŚLĄSKIE,SOFIA,KOBIETA,7
24,ŚLĄSKIE,OKTAWIA,KOBIETA,7
24,ŚLĄSKIE,MIRIAM,KOBIETA,7
24,ŚLĄSKIE,MIRELA,KOBIETA,7
24,ŚLĄSKIE,ESTERA,KOBIETA,7
24,ŚLĄSKIE,ELEONORA,KOBIETA,7
24,ŚLĄSKIE,APOLONIA,KOBIETA,7
24,ŚLĄSKIE,ADRIANA,KOBIETA,7
24,ŚLĄSKIE,NOEMI,KOBIETA,6
24,ŚLĄSKIE,LEA,KOBIETA,6
24,ŚLĄSKIE,KONSTANCJA,KOBIETA,6
24,ŚLĄSKIE,ANDŻELIKA,KOBIETA,6
24,ŚLĄSKIE,ADELAJDA,KOBIETA,6
24,ŚLĄSKIE,WALERIA,KOBIETA,5
24,ŚLĄSKIE,VIKTORIA,KOBIETA,5
24,ŚLĄSKIE,PELAGIA,KOBIETA,5
24,ŚLĄSKIE,OLIMPIA,KOBIETA,5
24,ŚLĄSKIE,MARIE,KOBIETA,5
24,ŚLĄSKIE,LILA,KOBIETA,5
24,ŚLĄSKIE,GERTRUDA,KOBIETA,5
24,ŚLĄSKIE,GENOWEFA,KOBIETA,5
24,ŚLĄSKIE,ELIZABETH,KOBIETA,5
24,ŚLĄSKIE,ALDONA,KOBIETA,5
24,ŚLĄSKIE,ZYTA,KOBIETA,4
24,ŚLĄSKIE,SALOMEA,KOBIETA,4
24,ŚLĄSKIE,ROMA,KOBIETA,4
24,ŚLĄSKIE,NATASZA,KOBIETA,4
24,ŚLĄSKIE,IDA,KOBIETA,4
24,ŚLĄSKIE,ERYKA,KOBIETA,4
24,ŚLĄSKIE,CARMEN,KOBIETA,4
24,ŚLĄSKIE,AMALIA,KOBIETA,4
24,ŚLĄSKIE,WANESSA,KOBIETA,3
24,ŚLĄSKIE,WALENTYNA,KOBIETA,3
24,ŚLĄSKIE,TOLA,KOBIETA,3
24,ŚLĄSKIE,TATIANA,KOBIETA,3
24,ŚLĄSKIE,SAMANTA,KOBIETA,3
24,ŚLĄSKIE,ROSE,KOBIETA,3
24,ŚLĄSKIE,NADZIEJA,KOBIETA,3
24,ŚLĄSKIE,MAYA,KOBIETA,3
24,ŚLĄSKIE,MARIETTA,KOBIETA,3
24,ŚLĄSKIE,KLEMENTYNA,KOBIETA,3
24,ŚLĄSKIE,JAŚMINA,KOBIETA,3
24,ŚLĄSKIE,HILDEGARDA,KOBIETA,3
24,ŚLĄSKIE,GIZELA,KOBIETA,3
24,ŚLĄSKIE,FLORENTYNA,KOBIETA,3
24,ŚLĄSKIE,ERNA,KOBIETA,3
24,ŚLĄSKIE,ELWIRA,KOBIETA,3
24,ŚLĄSKIE,DALIA,KOBIETA,3
24,ŚLĄSKIE,CZESŁAWA,KOBIETA,3
24,ŚLĄSKIE,BRYGIDA,KOBIETA,3
24,ŚLĄSKIE,BELLA,KOBIETA,3
24,ŚLĄSKIE,BALBINA,KOBIETA,3
24,ŚLĄSKIE,AURORA,KOBIETA,3
24,ŚLĄSKIE,ANNE,KOBIETA,3
24,ŚLĄSKIE,ZOE,KOBIETA,2
24,ŚLĄSKIE,WŁADYSŁAWA,KOBIETA,2
24,ŚLĄSKIE,TEODOZJA,KOBIETA,2
24,ŚLĄSKIE,TAMARA,KOBIETA,2
24,ŚLĄSKIE,ŚNIEŻKA,KOBIETA,2
24,ŚLĄSKIE,SOPHIE,KOBIETA,2
24,ŚLĄSKIE,SŁAWOMIRA,KOBIETA,2
24,ŚLĄSKIE,SŁAWA,KOBIETA,2
24,ŚLĄSKIE,SIMONA,KOBIETA,2
24,ŚLĄSKIE,ROSA,KOBIETA,2
24,ŚLĄSKIE,PATRICIA,KOBIETA,2
24,ŚLĄSKIE,NIKOLETTA,KOBIETA,2
24,ŚLĄSKIE,NIKOL,KOBIETA,2
24,ŚLĄSKIE,NICOLE,KOBIETA,2
24,ŚLĄSKIE,NEL,KOBIETA,2
24,ŚLĄSKIE,MIRA,KOBIETA,2
24,ŚLĄSKIE,MERCEDES,KOBIETA,2
24,ŚLĄSKIE,MELISA,KOBIETA,2
24,ŚLĄSKIE,MARZENNA,KOBIETA,2
24,ŚLĄSKIE,MARYLA,KOBIETA,2
24,ŚLĄSKIE,MALINA,KOBIETA,2
24,ŚLĄSKIE,LUDWIKA,KOBIETA,2
24,ŚLĄSKIE,LOUISE,KOBIETA,2
24,ŚLĄSKIE,LIVIA,KOBIETA,2
24,ŚLĄSKIE,LILLA,KOBIETA,2
24,ŚLĄSKIE,LIGIA,KOBIETA,2
24,ŚLĄSKIE,KLAUDYNA,KOBIETA,2
24,ŚLĄSKIE,JAGNA,KOBIETA,2
24,ŚLĄSKIE,ISABELLE,KOBIETA,2
24,ŚLĄSKIE,IRIS,KOBIETA,2
24,ŚLĄSKIE,INKA,KOBIETA,2
24,ŚLĄSKIE,GRACE,KOBIETA,2
24,ŚLĄSKIE,FATIMA,KOBIETA,2
24,ŚLĄSKIE,EVA,KOBIETA,2
24,ŚLĄSKIE,EUNIKA,KOBIETA,2
24,ŚLĄSKIE,EUGENIA,KOBIETA,2
24,ŚLĄSKIE,DONATA,KOBIETA,2
24,ŚLĄSKIE,DOBROSŁAWA,KOBIETA,2
24,ŚLĄSKIE,DOBROMIRA,KOBIETA,2
24,ŚLĄSKIE,CARLA,KOBIETA,2
24,ŚLĄSKIE,BOGNA,KOBIETA,2
24,ŚLĄSKIE,BERENIKA,KOBIETA,2
24,ŚLĄSKIE,ARLETA,KOBIETA,2
24,ŚLĄSKIE,ARIANA,KOBIETA,2
24,ŚLĄSKIE,ANTONIA,KOBIETA,2
24,ŚLĄSKIE,ANGELINA,KOBIETA,2
26,ŚWIĘTOKRZYSKIE,MARIA,KOBIETA,189
26,ŚWIĘTOKRZYSKIE,ANNA,KOBIETA,142
26,ŚWIĘTOKRZYSKIE,ZOFIA,KOBIETA,77
26,ŚWIĘTOKRZYSKIE,JULIA,KOBIETA,59
26,ŚWIĘTOKRZYSKIE,MAGDALENA,KOBIETA,50
26,ŚWIĘTOKRZYSKIE,WIKTORIA,KOBIETA,48
26,ŚWIĘTOKRZYSKIE,MAŁGORZATA,KOBIETA,45
26,ŚWIĘTOKRZYSKIE,WERONIKA,KOBIETA,41
26,ŚWIĘTOKRZYSKIE,EWA,KOBIETA,41
26,ŚWIĘTOKRZYSKIE,ALEKSANDRA,KOBIETA,41
26,ŚWIĘTOKRZYSKIE,KATARZYNA,KOBIETA,38
26,ŚWIĘTOKRZYSKIE,ALICJA,KOBIETA,36
26,ŚWIĘTOKRZYSKIE,ZUZANNA,KOBIETA,31
26,ŚWIĘTOKRZYSKIE,BARBARA,KOBIETA,31
26,ŚWIĘTOKRZYSKIE,NATALIA,KOBIETA,29
26,ŚWIĘTOKRZYSKIE,KAROLINA,KOBIETA,29
26,ŚWIĘTOKRZYSKIE,MAJA,KOBIETA,27
26,ŚWIĘTOKRZYSKIE,OLIWIA,KOBIETA,25
26,ŚWIĘTOKRZYSKIE,ŁUCJA,KOBIETA,25
26,ŚWIĘTOKRZYSKIE,HELENA,KOBIETA,25
26,ŚWIĘTOKRZYSKIE,ANTONINA,KOBIETA,25
26,ŚWIĘTOKRZYSKIE,HANNA,KOBIETA,24
26,ŚWIĘTOKRZYSKIE,MONIKA,KOBIETA,23
26,ŚWIĘTOKRZYSKIE,LENA,KOBIETA,23
26,ŚWIĘTOKRZYSKIE,LAURA,KOBIETA,23
26,ŚWIĘTOKRZYSKIE,ELŻBIETA,KOBIETA,23
26,ŚWIĘTOKRZYSKIE,AGNIESZKA,KOBIETA,23
26,ŚWIĘTOKRZYSKIE,AMELIA,KOBIETA,22
26,ŚWIĘTOKRZYSKIE,PAULINA,KOBIETA,21
26,ŚWIĘTOKRZYSKIE,KLARA,KOBIETA,21
26,ŚWIĘTOKRZYSKIE,MARCELINA,KOBIETA,20
26,ŚWIĘTOKRZYSKIE,KRYSTYNA,KOBIETA,20
26,ŚWIĘTOKRZYSKIE,JOANNA,KOBIETA,19
26,ŚWIĘTOKRZYSKIE,MARTA,KOBIETA,18
26,ŚWIĘTOKRZYSKIE,GABRIELA,KOBIETA,18
26,ŚWIĘTOKRZYSKIE,NADIA,KOBIETA,17
26,ŚWIĘTOKRZYSKIE,MICHALINA,KOBIETA,16
26,ŚWIĘTOKRZYSKIE,EMILIA,KOBIETA,16
26,ŚWIĘTOKRZYSKIE,TERESA,KOBIETA,15
26,ŚWIĘTOKRZYSKIE,JOLANTA,KOBIETA,15
26,ŚWIĘTOKRZYSKIE,JANINA,KOBIETA,15
26,ŚWIĘTOKRZYSKIE,DOROTA,KOBIETA,15
26,ŚWIĘTOKRZYSKIE,ANASTAZJA,KOBIETA,15
26,ŚWIĘTOKRZYSKIE,RITA,KOBIETA,14
26,ŚWIĘTOKRZYSKIE,DOMINIKA,KOBIETA,14
26,ŚWIĘTOKRZYSKIE,URSZULA,KOBIETA,13
26,ŚWIĘTOKRZYSKIE,SYLWIA,KOBIETA,12
26,ŚWIĘTOKRZYSKIE,JADWIGA,KOBIETA,12
26,ŚWIĘTOKRZYSKIE,AGATA,KOBIETA,12
26,ŚWIĘTOKRZYSKIE,NIKOLA,KOBIETA,11
26,ŚWIĘTOKRZYSKIE,MARIANNA,KOBIETA,11
26,ŚWIĘTOKRZYSKIE,KINGA,KOBIETA,11
26,ŚWIĘTOKRZYSKIE,KAMILA,KOBIETA,11
26,ŚWIĘTOKRZYSKIE,IZABELA,KOBIETA,11
26,ŚWIĘTOKRZYSKIE,IGA,KOBIETA,11
26,ŚWIĘTOKRZYSKIE,LILIANA,KOBIETA,10
26,ŚWIĘTOKRZYSKIE,KLAUDIA,KOBIETA,10
26,ŚWIĘTOKRZYSKIE,DANUTA,KOBIETA,10
26,ŚWIĘTOKRZYSKIE,BEATA,KOBIETA,10
26,ŚWIĘTOKRZYSKIE,PATRYCJA,KOBIETA,9
26,ŚWIĘTOKRZYSKIE,MARTYNA,KOBIETA,9
26,ŚWIĘTOKRZYSKIE,BLANKA,KOBIETA,9
26,ŚWIĘTOKRZYSKIE,ROZALIA,KOBIETA,8
26,ŚWIĘTOKRZYSKIE,JUSTYNA,KOBIETA,8
26,ŚWIĘTOKRZYSKIE,IRENA,KOBIETA,8
26,ŚWIĘTOKRZYSKIE,STEFANIA,KOBIETA,7
26,ŚWIĘTOKRZYSKIE,RENATA,KOBIETA,7
26,ŚWIĘTOKRZYSKIE,MILENA,KOBIETA,7
26,ŚWIĘTOKRZYSKIE,BOŻENA,KOBIETA,7
26,ŚWIĘTOKRZYSKIE,KAJA,KOBIETA,6
26,ŚWIĘTOKRZYSKIE,JAGODA,KOBIETA,6
26,ŚWIĘTOKRZYSKIE,EWELINA,KOBIETA,6
26,ŚWIĘTOKRZYSKIE,ANIELA,KOBIETA,6
26,ŚWIĘTOKRZYSKIE,ALINA,KOBIETA,6
26,ŚWIĘTOKRZYSKIE,WIESŁAWA,KOBIETA,5
26,ŚWIĘTOKRZYSKIE,STANISŁAWA,KOBIETA,5
26,ŚWIĘTOKRZYSKIE,RÓŻA,KOBIETA,5
26,ŚWIĘTOKRZYSKIE,POLA,KOBIETA,5
26,ŚWIĘTOKRZYSKIE,OLGA,KOBIETA,5
26,ŚWIĘTOKRZYSKIE,MIA,KOBIETA,5
26,ŚWIĘTOKRZYSKIE,MARZENA,KOBIETA,5
26,ŚWIĘTOKRZYSKIE,MARIKA,KOBIETA,5
26,ŚWIĘTOKRZYSKIE,IWONA,KOBIETA,5
26,ŚWIĘTOKRZYSKIE,GRAŻYNA,KOBIETA,5
26,ŚWIĘTOKRZYSKIE,EDYTA,KOBIETA,5
26,ŚWIĘTOKRZYSKIE,ANGELIKA,KOBIETA,5
26,ŚWIĘTOKRZYSKIE,WANDA,KOBIETA,4
26,ŚWIĘTOKRZYSKIE,PAULA,KOBIETA,4
26,ŚWIĘTOKRZYSKIE,MELANIA,KOBIETA,4
26,ŚWIĘTOKRZYSKIE,MATYLDA,KOBIETA,4
26,ŚWIĘTOKRZYSKIE,KORNELIA,KOBIETA,4
26,ŚWIĘTOKRZYSKIE,HONORATA,KOBIETA,4
26,ŚWIĘTOKRZYSKIE,HALINA,KOBIETA,4
26,ŚWIĘTOKRZYSKIE,ELIZA,KOBIETA,4
26,ŚWIĘTOKRZYSKIE,ADRIANNA,KOBIETA,4
26,ŚWIĘTOKRZYSKIE,SARA,KOBIETA,3
26,ŚWIĘTOKRZYSKIE,NELA,KOBIETA,3
26,ŚWIĘTOKRZYSKIE,MARLENA,KOBIETA,3
26,ŚWIĘTOKRZYSKIE,MARIOLA,KOBIETA,3
26,ŚWIĘTOKRZYSKIE,LUCYNA,KOBIETA,3
26,ŚWIĘTOKRZYSKIE,FRANCISZKA,KOBIETA,3
26,ŚWIĘTOKRZYSKIE,DARIA,KOBIETA,3
26,ŚWIĘTOKRZYSKIE,DAGMARA,KOBIETA,3
26,ŚWIĘTOKRZYSKIE,ANETA,KOBIETA,3
26,ŚWIĘTOKRZYSKIE,ŻANETA,KOBIETA,2
26,ŚWIĘTOKRZYSKIE,SANDRA,KOBIETA,2
26,ŚWIĘTOKRZYSKIE,SABINA,KOBIETA,2
26,ŚWIĘTOKRZYSKIE,ROKSANA,KOBIETA,2
26,ŚWIĘTOKRZYSKIE,REGINA,KOBIETA,2
26,ŚWIĘTOKRZYSKIE,OLIVIA,KOBIETA,2
26,ŚWIĘTOKRZYSKIE,NINA,KOBIETA,2
26,ŚWIĘTOKRZYSKIE,NEL,KOBIETA,2
26,ŚWIĘTOKRZYSKIE,MERCEDES,KOBIETA,2
26,ŚWIĘTOKRZYSKIE,MALWINA,KOBIETA,2
26,ŚWIĘTOKRZYSKIE,LUIZA,KOBIETA,2
26,ŚWIĘTOKRZYSKIE,LIDIA,KOBIETA,2
26,ŚWIĘTOKRZYSKIE,LEOKADIA,KOBIETA,2
26,ŚWIĘTOKRZYSKIE,KALINA,KOBIETA,2
26,ŚWIĘTOKRZYSKIE,JULIANNA,KOBIETA,2
26,ŚWIĘTOKRZYSKIE,JÓZEFINA,KOBIETA,2
26,ŚWIĘTOKRZYSKIE,JAŚMINA,KOBIETA,2
26,ŚWIĘTOKRZYSKIE,IZABELLA,KOBIETA,2
26,ŚWIĘTOKRZYSKIE,ILONA,KOBIETA,2
26,ŚWIĘTOKRZYSKIE,FAUSTYNA,KOBIETA,2
26,ŚWIĘTOKRZYSKIE,ESTERA,KOBIETA,2
26,ŚWIĘTOKRZYSKIE,ELENA,KOBIETA,2
26,ŚWIĘTOKRZYSKIE,DANIELA,KOBIETA,2
26,ŚWIĘTOKRZYSKIE,CELINA,KOBIETA,2
26,ŚWIĘTOKRZYSKIE,AURELIA,KOBIETA,2
26,ŚWIĘTOKRZYSKIE,ANITA,KOBIETA,2
26,ŚWIĘTOKRZYSKIE,ANDŻELIKA,KOBIETA,2
26,ŚWIĘTOKRZYSKIE,AMANDA,KOBIETA,2
28,WARMIŃSKO-MAZURSKIE,ANNA,KOBIETA,88
28,WARMIŃSKO-MAZURSKIE,MARIA,KOBIETA,84
28,WARMIŃSKO-MAZURSKIE,ZOFIA,KOBIETA,40
28,WARMIŃSKO-MAZURSKIE,EWA,KOBIETA,38
28,WARMIŃSKO-MAZURSKIE,MAGDALENA,KOBIETA,24
28,WARMIŃSKO-MAZURSKIE,HELENA,KOBIETA,24
28,WARMIŃSKO-MAZURSKIE,ELŻBIETA,KOBIETA,24
28,WARMIŃSKO-MAZURSKIE,TERESA,KOBIETA,23
28,WARMIŃSKO-MAZURSKIE,ALEKSANDRA,KOBIETA,23
28,WARMIŃSKO-MAZURSKIE,MAŁGORZATA,KOBIETA,20
28,WARMIŃSKO-MAZURSKIE,ŁUCJA,KOBIETA,18
28,WARMIŃSKO-MAZURSKIE,ALICJA,KOBIETA,18
28,WARMIŃSKO-MAZURSKIE,KATARZYNA,KOBIETA,17
28,WARMIŃSKO-MAZURSKIE,JULIA,KOBIETA,17
28,WARMIŃSKO-MAZURSKIE,WIKTORIA,KOBIETA,16
28,WARMIŃSKO-MAZURSKIE,JADWIGA,KOBIETA,16
28,WARMIŃSKO-MAZURSKIE,HANNA,KOBIETA,16
28,WARMIŃSKO-MAZURSKIE,NATALIA,KOBIETA,15
28,WARMIŃSKO-MAZURSKIE,MAJA,KOBIETA,15
28,WARMIŃSKO-MAZURSKIE,DANUTA,KOBIETA,14
28,WARMIŃSKO-MAZURSKIE,WERONIKA,KOBIETA,13
28,WARMIŃSKO-MAZURSKIE,KRYSTYNA,KOBIETA,13
28,WARMIŃSKO-MAZURSKIE,RÓŻA,KOBIETA,12
28,WARMIŃSKO-MAZURSKIE,BARBARA,KOBIETA,12
28,WARMIŃSKO-MAZURSKIE,AGNIESZKA,KOBIETA,12
28,WARMIŃSKO-MAZURSKIE,ZUZANNA,KOBIETA,11
28,WARMIŃSKO-MAZURSKIE,DOROTA,KOBIETA,11
28,WARMIŃSKO-MAZURSKIE,AGATA,KOBIETA,11
28,WARMIŃSKO-MAZURSKIE,JUSTYNA,KOBIETA,10
28,WARMIŃSKO-MAZURSKIE,JOANNA,KOBIETA,10
28,WARMIŃSKO-MAZURSKIE,IRENA,KOBIETA,10
28,WARMIŃSKO-MAZURSKIE,URSZULA,KOBIETA,9
28,WARMIŃSKO-MAZURSKIE,OLIWIA,KOBIETA,9
28,WARMIŃSKO-MAZURSKIE,MONIKA,KOBIETA,9
28,WARMIŃSKO-MAZURSKIE,MARTA,KOBIETA,9
28,WARMIŃSKO-MAZURSKIE,MARIANNA,KOBIETA,9
28,WARMIŃSKO-MAZURSKIE,KAROLINA,KOBIETA,9
28,WARMIŃSKO-MAZURSKIE,HALINA,KOBIETA,9
28,WARMIŃSKO-MAZURSKIE,ANASTAZJA,KOBIETA,9
28,WARMIŃSKO-MAZURSKIE,AMELIA,KOBIETA,9
28,WARMIŃSKO-MAZURSKIE,STEFANIA,KOBIETA,8
28,WARMIŃSKO-MAZURSKIE,LENA,KOBIETA,8
28,WARMIŃSKO-MAZURSKIE,LAURA,KOBIETA,8
28,WARMIŃSKO-MAZURSKIE,BEATA,KOBIETA,8
28,WARMIŃSKO-MAZURSKIE,LIDIA,KOBIETA,7
28,WARMIŃSKO-MAZURSKIE,KLARA,KOBIETA,7
28,WARMIŃSKO-MAZURSKIE,IGA,KOBIETA,7
28,WARMIŃSKO-MAZURSKIE,PAULINA,KOBIETA,6
28,WARMIŃSKO-MAZURSKIE,NADIA,KOBIETA,6
28,WARMIŃSKO-MAZURSKIE,MICHALINA,KOBIETA,6
28,WARMIŃSKO-MAZURSKIE,MARCELINA,KOBIETA,6
28,WARMIŃSKO-MAZURSKIE,LUIZA,KOBIETA,6
28,WARMIŃSKO-MAZURSKIE,LILIANA,KOBIETA,6
28,WARMIŃSKO-MAZURSKIE,IWONA,KOBIETA,6
28,WARMIŃSKO-MAZURSKIE,GABRIELA,KOBIETA,6
28,WARMIŃSKO-MAZURSKIE,RITA,KOBIETA,5
28,WARMIŃSKO-MAZURSKIE,NIKOLA,KOBIETA,5
28,WARMIŃSKO-MAZURSKIE,JOLANTA,KOBIETA,5
28,WARMIŃSKO-MAZURSKIE,JANINA,KOBIETA,5
28,WARMIŃSKO-MAZURSKIE,BOŻENA,KOBIETA,5
28,WARMIŃSKO-MAZURSKIE,WANDA,KOBIETA,4
28,WARMIŃSKO-MAZURSKIE,POLA,KOBIETA,4
28,WARMIŃSKO-MAZURSKIE,PATRYCJA,KOBIETA,4
28,WARMIŃSKO-MAZURSKIE,MILENA,KOBIETA,4
28,WARMIŃSKO-MAZURSKIE,MARLENA,KOBIETA,4
28,WARMIŃSKO-MAZURSKIE,LILIANNA,KOBIETA,4
28,WARMIŃSKO-MAZURSKIE,KAMILA,KOBIETA,4
28,WARMIŃSKO-MAZURSKIE,FAUSTYNA,KOBIETA,4
28,WARMIŃSKO-MAZURSKIE,EMILIA,KOBIETA,4
28,WARMIŃSKO-MAZURSKIE,DIANA,KOBIETA,4
28,WARMIŃSKO-MAZURSKIE,ANIELA,KOBIETA,4
28,WARMIŃSKO-MAZURSKIE,ALINA,KOBIETA,4
28,WARMIŃSKO-MAZURSKIE,SABINA,KOBIETA,3
28,WARMIŃSKO-MAZURSKIE,OLGA,KOBIETA,3
28,WARMIŃSKO-MAZURSKIE,MIA,KOBIETA,3
28,WARMIŃSKO-MAZURSKIE,KORNELIA,KOBIETA,3
28,WARMIŃSKO-MAZURSKIE,KAJA,KOBIETA,3
28,WARMIŃSKO-MAZURSKIE,IZABELLA,KOBIETA,3
28,WARMIŃSKO-MAZURSKIE,IZABELA,KOBIETA,3
28,WARMIŃSKO-MAZURSKIE,GRAŻYNA,KOBIETA,3
28,WARMIŃSKO-MAZURSKIE,GAJA,KOBIETA,3
28,WARMIŃSKO-MAZURSKIE,DOMINIKA,KOBIETA,3
28,WARMIŃSKO-MAZURSKIE,DARIA,KOBIETA,3
28,WARMIŃSKO-MAZURSKIE,CELINA,KOBIETA,3
28,WARMIŃSKO-MAZURSKIE,BOGUMIŁA,KOBIETA,3
28,WARMIŃSKO-MAZURSKIE,AURORA,KOBIETA,3
28,WARMIŃSKO-MAZURSKIE,ADRIANNA,KOBIETA,3
28,WARMIŃSKO-MAZURSKIE,STANISŁAWA,KOBIETA,2
28,WARMIŃSKO-MAZURSKIE,ROZALIA,KOBIETA,2
28,WARMIŃSKO-MAZURSKIE,ROMA,KOBIETA,2
28,WARMIŃSKO-MAZURSKIE,RENATA,KOBIETA,2
28,WARMIŃSKO-MAZURSKIE,NOEMI,KOBIETA,2
28,WARMIŃSKO-MAZURSKIE,NATASZA,KOBIETA,2
28,WARMIŃSKO-MAZURSKIE,NAOMI,KOBIETA,2
28,WARMIŃSKO-MAZURSKIE,MELANIA,KOBIETA,2
28,WARMIŃSKO-MAZURSKIE,MARIOLA,KOBIETA,2
28,WARMIŃSKO-MAZURSKIE,LUCYNA,KOBIETA,2
28,WARMIŃSKO-MAZURSKIE,KINGA,KOBIETA,2
28,WARMIŃSKO-MAZURSKIE,KALINA,KOBIETA,2
28,WARMIŃSKO-MAZURSKIE,JÓZEFA,KOBIETA,2
28,WARMIŃSKO-MAZURSKIE,ELIZA,KOBIETA,2
28,WARMIŃSKO-MAZURSKIE,ELEONORA,KOBIETA,2
28,WARMIŃSKO-MAZURSKIE,DOBRAWA,KOBIETA,2
28,WARMIŃSKO-MAZURSKIE,DANIELA,KOBIETA,2
28,WARMIŃSKO-MAZURSKIE,CHARLOTTE,KOBIETA,2
28,WARMIŃSKO-MAZURSKIE,AURELIA,KOBIETA,2
28,WARMIŃSKO-MAZURSKIE,ANTONINA,KOBIETA,2
30,WIELKOPOLSKIE,MARIA,KOBIETA,770
30,WIELKOPOLSKIE,ANNA,KOBIETA,435
30,WIELKOPOLSKIE,MAGDALENA,KOBIETA,181
30,WIELKOPOLSKIE,ZOFIA,KOBIETA,166
30,WIELKOPOLSKIE,HELENA,KOBIETA,124
30,WIELKOPOLSKIE,KATARZYNA,KOBIETA,100
30,WIELKOPOLSKIE,EWA,KOBIETA,100
30,WIELKOPOLSKIE,WIKTORIA,KOBIETA,97
30,WIELKOPOLSKIE,ALEKSANDRA,KOBIETA,94
30,WIELKOPOLSKIE,MAŁGORZATA,KOBIETA,92
30,WIELKOPOLSKIE,BARBARA,KOBIETA,91
30,WIELKOPOLSKIE,ŁUCJA,KOBIETA,86
30,WIELKOPOLSKIE,JOANNA,KOBIETA,84
30,WIELKOPOLSKIE,ELŻBIETA,KOBIETA,74
30,WIELKOPOLSKIE,ANTONINA,KOBIETA,71
30,WIELKOPOLSKIE,MARTA,KOBIETA,69
30,WIELKOPOLSKIE,JULIA,KOBIETA,68
30,WIELKOPOLSKIE,TERESA,KOBIETA,67
30,WIELKOPOLSKIE,KRYSTYNA,KOBIETA,65
30,WIELKOPOLSKIE,WERONIKA,KOBIETA,61
30,WIELKOPOLSKIE,ALICJA,KOBIETA,58
30,WIELKOPOLSKIE,HANNA,KOBIETA,57
30,WIELKOPOLSKIE,ZUZANNA,KOBIETA,55
30,WIELKOPOLSKIE,MARIANNA,KOBIETA,54
30,WIELKOPOLSKIE,JADWIGA,KOBIETA,46
30,WIELKOPOLSKIE,GABRIELA,KOBIETA,46
30,WIELKOPOLSKIE,AGNIESZKA,KOBIETA,45
30,WIELKOPOLSKIE,URSZULA,KOBIETA,44
30,WIELKOPOLSKIE,ANASTAZJA,KOBIETA,44
30,WIELKOPOLSKIE,NATALIA,KOBIETA,42
30,WIELKOPOLSKIE,EMILIA,KOBIETA,41
30,WIELKOPOLSKIE,KAROLINA,KOBIETA,39
30,WIELKOPOLSKIE,JANINA,KOBIETA,37
30,WIELKOPOLSKIE,RITA,KOBIETA,35
30,WIELKOPOLSKIE,PAULINA,KOBIETA,35
30,WIELKOPOLSKIE,LAURA,KOBIETA,34
30,WIELKOPOLSKIE,KLARA,KOBIETA,33
30,WIELKOPOLSKIE,DOROTA,KOBIETA,32
30,WIELKOPOLSKIE,MAJA,KOBIETA,31
30,WIELKOPOLSKIE,IRENA,KOBIETA,30
30,WIELKOPOLSKIE,DANUTA,KOBIETA,29
30,WIELKOPOLSKIE,IZABELA,KOBIETA,28
30,WIELKOPOLSKIE,AMELIA,KOBIETA,28
30,WIELKOPOLSKIE,AGATA,KOBIETA,28
30,WIELKOPOLSKIE,STEFANIA,KOBIETA,27
30,WIELKOPOLSKIE,MONIKA,KOBIETA,26
30,WIELKOPOLSKIE,WANDA,KOBIETA,25
30,WIELKOPOLSKIE,LENA,KOBIETA,23
30,WIELKOPOLSKIE,OLIWIA,KOBIETA,22
30,WIELKOPOLSKIE,MICHALINA,KOBIETA,22
30,WIELKOPOLSKIE,ANIELA,KOBIETA,22
30,WIELKOPOLSKIE,PATRYCJA,KOBIETA,21
30,WIELKOPOLSKIE,HALINA,KOBIETA,21
30,WIELKOPOLSKIE,DOMINIKA,KOBIETA,21
30,WIELKOPOLSKIE,MARCELINA,KOBIETA,20
30,WIELKOPOLSKIE,BEATA,KOBIETA,20
30,WIELKOPOLSKIE,JOLANTA,KOBIETA,19
30,WIELKOPOLSKIE,RÓŻA,KOBIETA,18
30,WIELKOPOLSKIE,KINGA,KOBIETA,18
30,WIELKOPOLSKIE,NADIA,KOBIETA,17
30,WIELKOPOLSKIE,IWONA,KOBIETA,16
30,WIELKOPOLSKIE,GRAŻYNA,KOBIETA,16
30,WIELKOPOLSKIE,STANISŁAWA,KOBIETA,15
30,WIELKOPOLSKIE,JUSTYNA,KOBIETA,15
30,WIELKOPOLSKIE,JAGODA,KOBIETA,15
30,WIELKOPOLSKIE,FAUSTYNA,KOBIETA,15
30,WIELKOPOLSKIE,LILIANA,KOBIETA,14
30,WIELKOPOLSKIE,MATYLDA,KOBIETA,13
30,WIELKOPOLSKIE,LIDIA,KOBIETA,13
30,WIELKOPOLSKIE,POLA,KOBIETA,12
30,WIELKOPOLSKIE,OLGA,KOBIETA,12
30,WIELKOPOLSKIE,KLAUDIA,KOBIETA,12
30,WIELKOPOLSKIE,EWELINA,KOBIETA,12
30,WIELKOPOLSKIE,MIA,KOBIETA,11
30,WIELKOPOLSKIE,MARTYNA,KOBIETA,11
30,WIELKOPOLSKIE,ROZALIA,KOBIETA,10
30,WIELKOPOLSKIE,RENATA,KOBIETA,10
30,WIELKOPOLSKIE,KORNELIA,KOBIETA,10
30,WIELKOPOLSKIE,KONSTANCJA,KOBIETA,10
30,WIELKOPOLSKIE,IZABELLA,KOBIETA,10
30,WIELKOPOLSKIE,AURELIA,KOBIETA,10
30,WIELKOPOLSKIE,NIKOLA,KOBIETA,9
30,WIELKOPOLSKIE,LUCYNA,KOBIETA,9
30,WIELKOPOLSKIE,LILIANNA,KOBIETA,9
30,WIELKOPOLSKIE,KAMILA,KOBIETA,9
30,WIELKOPOLSKIE,DARIA,KOBIETA,9
30,WIELKOPOLSKIE,BOŻENA,KOBIETA,9
30,WIELKOPOLSKIE,SYLWIA,KOBIETA,8
30,WIELKOPOLSKIE,REGINA,KOBIETA,8
30,WIELKOPOLSKIE,LEOKADIA,KOBIETA,8
30,WIELKOPOLSKIE,JÓZEFA,KOBIETA,8
30,WIELKOPOLSKIE,IGA,KOBIETA,8
30,WIELKOPOLSKIE,BOGUMIŁA,KOBIETA,8
30,WIELKOPOLSKIE,BLANKA,KOBIETA,8
30,WIELKOPOLSKIE,NINA,KOBIETA,7
30,WIELKOPOLSKIE,MARZENA,KOBIETA,7
30,WIELKOPOLSKIE,MARIKA,KOBIETA,7
30,WIELKOPOLSKIE,GAJA,KOBIETA,7
30,WIELKOPOLSKIE,CECYLIA,KOBIETA,7
30,WIELKOPOLSKIE,ANGELIKA,KOBIETA,7
30,WIELKOPOLSKIE,WIOLETTA,KOBIETA,6
30,WIELKOPOLSKIE,WIESŁAWA,KOBIETA,6
30,WIELKOPOLSKIE,SARA,KOBIETA,6
30,WIELKOPOLSKIE,MIROSŁAWA,KOBIETA,6
30,WIELKOPOLSKIE,LUIZA,KOBIETA,6
30,WIELKOPOLSKIE,KARINA,KOBIETA,6
30,WIELKOPOLSKIE,GENOWEFA,KOBIETA,6
30,WIELKOPOLSKIE,CZESŁAWA,KOBIETA,6
30,WIELKOPOLSKIE,APOLONIA,KOBIETA,6
30,WIELKOPOLSKIE,ALINA,KOBIETA,6
30,WIELKOPOLSKIE,ADA,KOBIETA,6
30,WIELKOPOLSKIE,SABINA,KOBIETA,5
30,WIELKOPOLSKIE,NADZIEJA,KOBIETA,5
30,WIELKOPOLSKIE,MILENA,KOBIETA,5
30,WIELKOPOLSKIE,MELANIA,KOBIETA,5
30,WIELKOPOLSKIE,MALINA,KOBIETA,5
30,WIELKOPOLSKIE,JAGNA,KOBIETA,5
30,WIELKOPOLSKIE,FELICJA,KOBIETA,5
30,WIELKOPOLSKIE,ELIZA,KOBIETA,5
30,WIELKOPOLSKIE,ANITA,KOBIETA,5
30,WIELKOPOLSKIE,ROKSANA,KOBIETA,4
30,WIELKOPOLSKIE,OLIVIA,KOBIETA,4
30,WIELKOPOLSKIE,NICOLA,KOBIETA,4
30,WIELKOPOLSKIE,NELA,KOBIETA,4
30,WIELKOPOLSKIE,MARIOLA,KOBIETA,4
30,WIELKOPOLSKIE,LEA,KOBIETA,4
30,WIELKOPOLSKIE,KAZIMIERA,KOBIETA,4
30,WIELKOPOLSKIE,KALINA,KOBIETA,4
30,WIELKOPOLSKIE,KAJA,KOBIETA,4
30,WIELKOPOLSKIE,JAŚMINA,KOBIETA,4
30,WIELKOPOLSKIE,ILONA,KOBIETA,4
30,WIELKOPOLSKIE,IDA,KOBIETA,4
30,WIELKOPOLSKIE,FRANCISZKA,KOBIETA,4
30,WIELKOPOLSKIE,DAGMARA,KOBIETA,4
30,WIELKOPOLSKIE,BRONISŁAWA,KOBIETA,4
30,WIELKOPOLSKIE,BIANKA,KOBIETA,4
30,WIELKOPOLSKIE,BERNADETA,KOBIETA,4
30,WIELKOPOLSKIE,AMANDA,KOBIETA,4
30,WIELKOPOLSKIE,VANESSA,KOBIETA,3
30,WIELKOPOLSKIE,TOLA,KOBIETA,3
30,WIELKOPOLSKIE,SOFIA,KOBIETA,3
30,WIELKOPOLSKIE,SANCJA,KOBIETA,3
30,WIELKOPOLSKIE,RUT,KOBIETA,3
30,WIELKOPOLSKIE,PELAGIA,KOBIETA,3
30,WIELKOPOLSKIE,PAULA,KOBIETA,3
30,WIELKOPOLSKIE,OLA,KOBIETA,3
30,WIELKOPOLSKIE,OKSANA,KOBIETA,3
30,WIELKOPOLSKIE,MARLENA,KOBIETA,3
30,WIELKOPOLSKIE,LILLA,KOBIETA,3
30,WIELKOPOLSKIE,KLEMENTYNA,KOBIETA,3
30,WIELKOPOLSKIE,JUDYTA,KOBIETA,3
30,WIELKOPOLSKIE,INKA,KOBIETA,3
30,WIELKOPOLSKIE,HENRYKA,KOBIETA,3
30,WIELKOPOLSKIE,GRACE,KOBIETA,3
30,WIELKOPOLSKIE,FRANCESCA,KOBIETA,3
30,WIELKOPOLSKIE,EMMA,KOBIETA,3
30,WIELKOPOLSKIE,ELEONORA,KOBIETA,3
30,WIELKOPOLSKIE,DONATA,KOBIETA,3
30,WIELKOPOLSKIE,DIANA,KOBIETA,3
30,WIELKOPOLSKIE,DANIELA,KOBIETA,3
30,WIELKOPOLSKIE,CELINA,KOBIETA,3
30,WIELKOPOLSKIE,BOGUSŁAWA,KOBIETA,3
30,WIELKOPOLSKIE,ANETA,KOBIETA,3
30,WIELKOPOLSKIE,WALENTYNA,KOBIETA,2
30,WIELKOPOLSKIE,VIOLETTA,KOBIETA,2
30,WIELKOPOLSKIE,SOPHIE,KOBIETA,2
30,WIELKOPOLSKIE,SOPHIA,KOBIETA,2
30,WIELKOPOLSKIE,SANDRA,KOBIETA,2
30,WIELKOPOLSKIE,SALOMEA,KOBIETA,2
30,WIELKOPOLSKIE,ROMA,KOBIETA,2
30,WIELKOPOLSKIE,OTYLIA,KOBIETA,2
30,WIELKOPOLSKIE,OFELIA,KOBIETA,2
30,WIELKOPOLSKIE,NEL,KOBIETA,2
30,WIELKOPOLSKIE,MARIE,KOBIETA,2
30,WIELKOPOLSKIE,MARCJANNA,KOBIETA,2
30,WIELKOPOLSKIE,MALWINA,KOBIETA,2
30,WIELKOPOLSKIE,LUNA,KOBIETA,2
30,WIELKOPOLSKIE,LUKRECJA,KOBIETA,2
30,WIELKOPOLSKIE,LUCJA,KOBIETA,2
30,WIELKOPOLSKIE,LILI,KOBIETA,2
30,WIELKOPOLSKIE,JULIANNA,KOBIETA,2
30,WIELKOPOLSKIE,JÓZEFINA,KOBIETA,2
30,WIELKOPOLSKIE,HONORATA,KOBIETA,2
30,WIELKOPOLSKIE,FLORENTYNA,KOBIETA,2
30,WIELKOPOLSKIE,ESTERA,KOBIETA,2
30,WIELKOPOLSKIE,ERNESTYNA,KOBIETA,2
30,WIELKOPOLSKIE,ELSIE,KOBIETA,2
30,WIELKOPOLSKIE,ELENA,KOBIETA,2
30,WIELKOPOLSKIE,DALIA,KOBIETA,2
30,WIELKOPOLSKIE,CHARLOTTE,KOBIETA,2
30,WIELKOPOLSKIE,AURORA,KOBIETA,2
30,WIELKOPOLSKIE,ANTONIA,KOBIETA,2
30,WIELKOPOLSKIE,ANDŻELIKA,KOBIETA,2
30,WIELKOPOLSKIE,ALDONA,KOBIETA,2
32,ZACHODNIOPOMORSKIE,ANNA,KOBIETA,181
32,ZACHODNIOPOMORSKIE,MARIA,KOBIETA,179
32,ZACHODNIOPOMORSKIE,ZOFIA,KOBIETA,89
32,ZACHODNIOPOMORSKIE,MAGDALENA,KOBIETA,62
32,ZACHODNIOPOMORSKIE,ALEKSANDRA,KOBIETA,59
32,ZACHODNIOPOMORSKIE,HELENA,KOBIETA,58
32,ZACHODNIOPOMORSKIE,EWA,KOBIETA,58
32,ZACHODNIOPOMORSKIE,MAŁGORZATA,KOBIETA,54
32,ZACHODNIOPOMORSKIE,KATARZYNA,KOBIETA,53
32,ZACHODNIOPOMORSKIE,JULIA,KOBIETA,48
32,ZACHODNIOPOMORSKIE,BARBARA,KOBIETA,48
32,ZACHODNIOPOMORSKIE,WIKTORIA,KOBIETA,46
32,ZACHODNIOPOMORSKIE,ELŻBIETA,KOBIETA,42
32,ZACHODNIOPOMORSKIE,ZUZANNA,KOBIETA,38
32,ZACHODNIOPOMORSKIE,NATALIA,KOBIETA,38
32,ZACHODNIOPOMORSKIE,KRYSTYNA,KOBIETA,36
32,ZACHODNIOPOMORSKIE,ALICJA,KOBIETA,35
32,ZACHODNIOPOMORSKIE,TERESA,KOBIETA,34
32,ZACHODNIOPOMORSKIE,ANASTAZJA,KOBIETA,34
32,ZACHODNIOPOMORSKIE,DANUTA,KOBIETA,33
32,ZACHODNIOPOMORSKIE,MAJA,KOBIETA,32
32,ZACHODNIOPOMORSKIE,AGNIESZKA,KOBIETA,32
32,ZACHODNIOPOMORSKIE,HANNA,KOBIETA,31
32,ZACHODNIOPOMORSKIE,JOANNA,KOBIETA,29
32,ZACHODNIOPOMORSKIE,ANTONINA,KOBIETA,29
32,ZACHODNIOPOMORSKIE,WERONIKA,KOBIETA,28
32,ZACHODNIOPOMORSKIE,MICHALINA,KOBIETA,27
32,ZACHODNIOPOMORSKIE,MARTA,KOBIETA,27
32,ZACHODNIOPOMORSKIE,LAURA,KOBIETA,26
32,ZACHODNIOPOMORSKIE,JANINA,KOBIETA,26
32,ZACHODNIOPOMORSKIE,EMILIA,KOBIETA,26
32,ZACHODNIOPOMORSKIE,KAROLINA,KOBIETA,25
32,ZACHODNIOPOMORSKIE,RÓŻA,KOBIETA,24
32,ZACHODNIOPOMORSKIE,IRENA,KOBIETA,23
32,ZACHODNIOPOMORSKIE,PAULINA,KOBIETA,22
32,ZACHODNIOPOMORSKIE,LENA,KOBIETA,22
32,ZACHODNIOPOMORSKIE,OLIWIA,KOBIETA,21
32,ZACHODNIOPOMORSKIE,JADWIGA,KOBIETA,21
32,ZACHODNIOPOMORSKIE,IZABELA,KOBIETA,21
32,ZACHODNIOPOMORSKIE,GABRIELA,KOBIETA,21
32,ZACHODNIOPOMORSKIE,AMELIA,KOBIETA,21
32,ZACHODNIOPOMORSKIE,ŁUCJA,KOBIETA,19
32,ZACHODNIOPOMORSKIE,KLARA,KOBIETA,19
32,ZACHODNIOPOMORSKIE,DOROTA,KOBIETA,19
32,ZACHODNIOPOMORSKIE,MARIANNA,KOBIETA,18
32,ZACHODNIOPOMORSKIE,JOLANTA,KOBIETA,17
32,ZACHODNIOPOMORSKIE,BEATA,KOBIETA,17
32,ZACHODNIOPOMORSKIE,AGATA,KOBIETA,17
32,ZACHODNIOPOMORSKIE,LILIANA,KOBIETA,15
32,ZACHODNIOPOMORSKIE,PATRYCJA,KOBIETA,14
32,ZACHODNIOPOMORSKIE,IWONA,KOBIETA,14
32,ZACHODNIOPOMORSKIE,BLANKA,KOBIETA,14
32,ZACHODNIOPOMORSKIE,KAMILA,KOBIETA,13
32,ZACHODNIOPOMORSKIE,HALINA,KOBIETA,13
32,ZACHODNIOPOMORSKIE,MONIKA,KOBIETA,12
32,ZACHODNIOPOMORSKIE,ANIELA,KOBIETA,12
32,ZACHODNIOPOMORSKIE,MARTYNA,KOBIETA,11
32,ZACHODNIOPOMORSKIE,KLAUDIA,KOBIETA,11
32,ZACHODNIOPOMORSKIE,DOMINIKA,KOBIETA,11
32,ZACHODNIOPOMORSKIE,WANDA,KOBIETA,10
32,ZACHODNIOPOMORSKIE,NADIA,KOBIETA,10
32,ZACHODNIOPOMORSKIE,KINGA,KOBIETA,10
32,ZACHODNIOPOMORSKIE,KAJA,KOBIETA,10
32,ZACHODNIOPOMORSKIE,GRAŻYNA,KOBIETA,10
32,ZACHODNIOPOMORSKIE,WIESŁAWA,KOBIETA,9
32,ZACHODNIOPOMORSKIE,URSZULA,KOBIETA,9
32,ZACHODNIOPOMORSKIE,STANISŁAWA,KOBIETA,9
32,ZACHODNIOPOMORSKIE,SARA,KOBIETA,9
32,ZACHODNIOPOMORSKIE,POLA,KOBIETA,9
32,ZACHODNIOPOMORSKIE,MARCELINA,KOBIETA,9
32,ZACHODNIOPOMORSKIE,KORNELIA,KOBIETA,9
32,ZACHODNIOPOMORSKIE,JUSTYNA,KOBIETA,9
32,ZACHODNIOPOMORSKIE,BOŻENA,KOBIETA,9
32,ZACHODNIOPOMORSKIE,SANDRA,KOBIETA,8
32,ZACHODNIOPOMORSKIE,NIKOLA,KOBIETA,8
32,ZACHODNIOPOMORSKIE,MIA,KOBIETA,8
32,ZACHODNIOPOMORSKIE,LIDIA,KOBIETA,8
32,ZACHODNIOPOMORSKIE,JAGODA,KOBIETA,8
32,ZACHODNIOPOMORSKIE,IGA,KOBIETA,8
32,ZACHODNIOPOMORSKIE,DARIA,KOBIETA,8
32,ZACHODNIOPOMORSKIE,AURELIA,KOBIETA,8
32,ZACHODNIOPOMORSKIE,ANGELIKA,KOBIETA,8
32,ZACHODNIOPOMORSKIE,ALINA,KOBIETA,8
32,ZACHODNIOPOMORSKIE,SYLWIA,KOBIETA,7
32,ZACHODNIOPOMORSKIE,LUCYNA,KOBIETA,7
32,ZACHODNIOPOMORSKIE,LILIANNA,KOBIETA,7
32,ZACHODNIOPOMORSKIE,ADRIANNA,KOBIETA,7
32,ZACHODNIOPOMORSKIE,STEFANIA,KOBIETA,6
32,ZACHODNIOPOMORSKIE,ROKSANA,KOBIETA,6
32,ZACHODNIOPOMORSKIE,RITA,KOBIETA,6
32,ZACHODNIOPOMORSKIE,OLIMPIA,KOBIETA,6
32,ZACHODNIOPOMORSKIE,OLGA,KOBIETA,6
32,ZACHODNIOPOMORSKIE,MIROSŁAWA,KOBIETA,6
32,ZACHODNIOPOMORSKIE,MATYLDA,KOBIETA,6
32,ZACHODNIOPOMORSKIE,MARIKA,KOBIETA,6
32,ZACHODNIOPOMORSKIE,KONSTANCJA,KOBIETA,6
32,ZACHODNIOPOMORSKIE,IDA,KOBIETA,6
32,ZACHODNIOPOMORSKIE,EWELINA,KOBIETA,6
32,ZACHODNIOPOMORSKIE,EDYTA,KOBIETA,6
32,ZACHODNIOPOMORSKIE,ANETA,KOBIETA,6
32,ZACHODNIOPOMORSKIE,WIOLETTA,KOBIETA,5
32,ZACHODNIOPOMORSKIE,WIOLETA,KOBIETA,5
32,ZACHODNIOPOMORSKIE,ROZALIA,KOBIETA,5
32,ZACHODNIOPOMORSKIE,RENATA,KOBIETA,5
32,ZACHODNIOPOMORSKIE,NINA,KOBIETA,5
32,ZACHODNIOPOMORSKIE,KAZIMIERA,KOBIETA,5
32,ZACHODNIOPOMORSKIE,HENRYKA,KOBIETA,5
32,ZACHODNIOPOMORSKIE,GAJA,KOBIETA,5
32,ZACHODNIOPOMORSKIE,BOGUSŁAWA,KOBIETA,5
32,ZACHODNIOPOMORSKIE,BOGUMIŁA,KOBIETA,5
32,ZACHODNIOPOMORSKIE,BIANKA,KOBIETA,5
32,ZACHODNIOPOMORSKIE,ANITA,KOBIETA,5
32,ZACHODNIOPOMORSKIE,WŁADYSŁAWA,KOBIETA,4
32,ZACHODNIOPOMORSKIE,PAULA,KOBIETA,4
32,ZACHODNIOPOMORSKIE,NELA,KOBIETA,4
32,ZACHODNIOPOMORSKIE,NEL,KOBIETA,4
32,ZACHODNIOPOMORSKIE,MILENA,KOBIETA,4
32,ZACHODNIOPOMORSKIE,MARZENA,KOBIETA,4
32,ZACHODNIOPOMORSKIE,LIWIA,KOBIETA,4
32,ZACHODNIOPOMORSKIE,JUDYTA,KOBIETA,4
32,ZACHODNIOPOMORSKIE,INGA,KOBIETA,4
32,ZACHODNIOPOMORSKIE,FELICJA,KOBIETA,4
32,ZACHODNIOPOMORSKIE,EMMA,KOBIETA,4
32,ZACHODNIOPOMORSKIE,BERNADETA,KOBIETA,4
32,ZACHODNIOPOMORSKIE,WALENTYNA,KOBIETA,3
32,ZACHODNIOPOMORSKIE,SABINA,KOBIETA,3
32,ZACHODNIOPOMORSKIE,NATASZA,KOBIETA,3
32,ZACHODNIOPOMORSKIE,MELANIA,KOBIETA,3
32,ZACHODNIOPOMORSKIE,MARLENA,KOBIETA,3
32,ZACHODNIOPOMORSKIE,MALWINA,KOBIETA,3
32,ZACHODNIOPOMORSKIE,LILA,KOBIETA,3
32,ZACHODNIOPOMORSKIE,KARINA,KOBIETA,3
32,ZACHODNIOPOMORSKIE,JOWITA,KOBIETA,3
32,ZACHODNIOPOMORSKIE,HONORATA,KOBIETA,3
32,ZACHODNIOPOMORSKIE,FRANCISZKA,KOBIETA,3
32,ZACHODNIOPOMORSKIE,EUGENIA,KOBIETA,3
32,ZACHODNIOPOMORSKIE,ESTERA,KOBIETA,3
32,ZACHODNIOPOMORSKIE,ELIZA,KOBIETA,3
32,ZACHODNIOPOMORSKIE,DIANA,KOBIETA,3
32,ZACHODNIOPOMORSKIE,DAGMARA,KOBIETA,3
32,ZACHODNIOPOMORSKIE,CZESŁAWA,KOBIETA,3
32,ZACHODNIOPOMORSKIE,BALBINA,KOBIETA,3
32,ZACHODNIOPOMORSKIE,ADRIANA,KOBIETA,3
32,ZACHODNIOPOMORSKIE,ADA,KOBIETA,3
32,ZACHODNIOPOMORSKIE,ZOJA,KOBIETA,2
32,ZACHODNIOPOMORSKIE,WIERA,KOBIETA,2
32,ZACHODNIOPOMORSKIE,VIOLETTA,KOBIETA,2
32,ZACHODNIOPOMORSKIE,VICTORIA,KOBIETA,2
32,ZACHODNIOPOMORSKIE,STELLA,KOBIETA,2
32,ZACHODNIOPOMORSKIE,SONIA,KOBIETA,2
32,ZACHODNIOPOMORSKIE,SOFIA,KOBIETA,2
32,ZACHODNIOPOMORSKIE,NICOLA,KOBIETA,2
32,ZACHODNIOPOMORSKIE,MIECZYSŁAWA,KOBIETA,2
32,ZACHODNIOPOMORSKIE,MALINA,KOBIETA,2
32,ZACHODNIOPOMORSKIE,KALINA,KOBIETA,2
32,ZACHODNIOPOMORSKIE,JULITA,KOBIETA,2
32,ZACHODNIOPOMORSKIE,JÓZEFA,KOBIETA,2
32,ZACHODNIOPOMORSKIE,JACQUELINE,KOBIETA,2
32,ZACHODNIOPOMORSKIE,IZABELLA,KOBIETA,2
32,ZACHODNIOPOMORSKIE,HANNAH,KOBIETA,2
32,ZACHODNIOPOMORSKIE,GLORIA,KOBIETA,2
32,ZACHODNIOPOMORSKIE,FAUSTYNA,KOBIETA,2
32,ZACHODNIOPOMORSKIE,EVA,KOBIETA,2
32,ZACHODNIOPOMORSKIE,ELWIRA,KOBIETA,2
32,ZACHODNIOPOMORSKIE,ELENA,KOBIETA,2
32,ZACHODNIOPOMORSKIE,DALIA,KOBIETA,2
32,ZACHODNIOPOMORSKIE,CLAUDIA,KOBIETA,2
32,ZACHODNIOPOMORSKIE,BRONISŁAWA,KOBIETA,2
32,ZACHODNIOPOMORSKIE,ARLETA,KOBIETA,2
32,ZACHODNIOPOMORSKIE,APOLONIA,KOBIETA,2
32,ZACHODNIOPOMORSKIE,ANIKA,KOBIETA,2
32,ZACHODNIOPOMORSKIE,ANDŻELIKA,KOBIETA,2
32,ZACHODNIOPOMORSKIE,ALEXANDRA,KOBIETA,2
,Brak województwa rejestracji urodzenia,MARIA,KOBIETA,2
,Brak województwa rejestracji urodzenia,MAŁGORZATA,KOBIETA,2
