IMIĘ_PIERWSZE,PŁEĆ,LICZBA_WYSTĄPIEŃ
ZUZANNA,KOBIETA,7351
JULIA,KOBIETA,7351
ZOFIA,KOBIETA,7073
HANNA,KOBIETA,6658
MAJA,KOBIETA,6508
LENA,KOBIETA,5446
ALICJA,KOBIETA,5139
OLIWIA,KOBIETA,4979
LAURA,KOBIETA,4954
MARIA,KOBIETA,4650
POLA,KOBIETA,4060
AMELIA,KOBIETA,3996
EMILIA,KOBIETA,3898
ANTONINA,KOBIETA,3719
WIKTORIA,KOBIETA,3673
ALEKSANDRA,KOBIETA,3444
MARCELINA,KOBIETA,3414
LILIANA,KOBIETA,3198
IGA,KOBIETA,2949
HELENA,KOBIETA,2753
KLARA,KOBIETA,2751
NATALIA,KOBIETA,2653
MICHALINA,KOBIETA,2644
GABRIELA,KOBIETA,2566
NADIA,KOBIETA,2402
ANNA,KOBIETA,2356
BLANKA,KOBIETA,2117
KORNELIA,KOBIETA,2107
MILENA,KOBIETA,1914
ŁUCJA,KOBIETA,1897
JAGODA,KOBIETA,1843
NELA,KOBIETA,1731
KAJA,KOBIETA,1604
NIKOLA,KOBIETA,1491
MARTYNA,KOBIETA,1454
ANASTAZJA,KOBIETA,1369
BARBARA,KOBIETA,1353
LILIANNA,KOBIETA,1352
NINA,KOBIETA,1339
WERONIKA,KOBIETA,1322
KAROLINA,KOBIETA,1181
AGATA,KOBIETA,1152
MATYLDA,KOBIETA,1137
MIA,KOBIETA,1114
ANIELA,KOBIETA,1109
MAGDALENA,KOBIETA,979
RÓŻA,KOBIETA,897
KINGA,KOBIETA,877
ROZALIA,KOBIETA,867
SARA,KOBIETA,858
ELIZA,KOBIETA,851
ADRIANNA,KOBIETA,799
JOANNA,KOBIETA,722
LIWIA,KOBIETA,715
IZABELA,KOBIETA,711
KALINA,KOBIETA,709
MAŁGORZATA,KOBIETA,703
GAJA,KOBIETA,685
PAULINA,KOBIETA,656
AURELIA,KOBIETA,588
MARIANNA,KOBIETA,578
LIDIA,KOBIETA,568
KATARZYNA,KOBIETA,555
MELANIA,KOBIETA,549
MARTA,KOBIETA,540
URSZULA,KOBIETA,529
MALWINA,KOBIETA,522
BIANKA,KOBIETA,516
DOMINIKA,KOBIETA,515
EWA,KOBIETA,505
KLAUDIA,KOBIETA,457
PATRYCJA,KOBIETA,435
OLGA,KOBIETA,424
APOLONIA,KOBIETA,421
IDA,KOBIETA,418
WANDA,KOBIETA,378
ZOJA,KOBIETA,361
DARIA,KOBIETA,350
JAGNA,KOBIETA,339
DOROTA,KOBIETA,336
ADA,KOBIETA,315
DIANA,KOBIETA,315
KAMILA,KOBIETA,302
MARIKA,KOBIETA,301
LILIA,KOBIETA,280
RITA,KOBIETA,277
ELENA,KOBIETA,267
STEFANIA,KOBIETA,257
LUIZA,KOBIETA,249
INGA,KOBIETA,245
DAGMARA,KOBIETA,242
JADWIGA,KOBIETA,229
SANDRA,KOBIETA,208
OLIVIA,KOBIETA,205
ELŻBIETA,KOBIETA,202
EMMA,KOBIETA,197
SOFIA,KOBIETA,195
NEL,KOBIETA,191
ROKSANA,KOBIETA,191
MONIKA,KOBIETA,188
JANINA,KOBIETA,186
AGNIESZKA,KOBIETA,186
TOLA,KOBIETA,185
LARA,KOBIETA,178
JOWITA,KOBIETA,176
LILA,KOBIETA,173
MARLENA,KOBIETA,163
JAŚMINA,KOBIETA,160
CELINA,KOBIETA,159
KARINA,KOBIETA,157
JUSTYNA,KOBIETA,157
ADELA,KOBIETA,152
LEA,KOBIETA,151
ALINA,KOBIETA,138
JULIANNA,KOBIETA,136
JULITA,KOBIETA,135
FELICJA,KOBIETA,131
SONIA,KOBIETA,130
NATASZA,KOBIETA,128
KRYSTYNA,KOBIETA,126
KONSTANCJA,KOBIETA,120
EWELINA,KOBIETA,118
NOEMI,KOBIETA,114
IZABELLA,KOBIETA,113
VANESSA,KOBIETA,113
VICTORIA,KOBIETA,111
ANITA,KOBIETA,110
ESTERA,KOBIETA,108
OTYLIA,KOBIETA,102
LIVIA,KOBIETA,96
MILANA,KOBIETA,95
FAUSTYNA,KOBIETA,94
MILA,KOBIETA,90
JUDYTA,KOBIETA,88
TERESA,KOBIETA,86
DANUTA,KOBIETA,86
MARIETTA,KOBIETA,83
SABINA,KOBIETA,83
OKTAWIA,KOBIETA,77
LUCYNA,KOBIETA,76
GLORIA,KOBIETA,75
KLEMENTYNA,KOBIETA,75
INES,KOBIETA,74
FRANCISZKA,KOBIETA,74
INKA,KOBIETA,73
PAULA,KOBIETA,72
FLORENTYNA,KOBIETA,71
VIKTORIA,KOBIETA,70
MALINA,KOBIETA,70
AMANDA,KOBIETA,67
NICOLA,KOBIETA,67
MAYA,KOBIETA,66
IRENA,KOBIETA,63
ANTONIA,KOBIETA,62
SYLWIA,KOBIETA,61
MIRA,KOBIETA,61
ALISA,KOBIETA,61
AURORA,KOBIETA,59
MAGDA,KOBIETA,58
KIRA,KOBIETA,58
JÓZEFINA,KOBIETA,56
MIRIAM,KOBIETA,56
INEZ,KOBIETA,56
ARIANA,KOBIETA,51
ADRIANA,KOBIETA,51
ANETA,KOBIETA,50
STELLA,KOBIETA,49
TAMARA,KOBIETA,47
ROMA,KOBIETA,47
HONORATA,KOBIETA,46
EDYTA,KOBIETA,45
SOFIIA,KOBIETA,44
OLA,KOBIETA,44
ZLATA,KOBIETA,44
LARYSA,KOBIETA,44
IDALIA,KOBIETA,41
POLINA,KOBIETA,40
NICOLE,KOBIETA,39
CECYLIA,KOBIETA,39
NASTIA,KOBIETA,38
ANGELIKA,KOBIETA,37
BEATA,KOBIETA,37
LILLA,KOBIETA,37
OLIMPIA,KOBIETA,36
JANA,KOBIETA,36
SAMANTA,KOBIETA,36
NELIA,KOBIETA,36
MELISA,KOBIETA,36
DOBRAWA,KOBIETA,35
EVA,KOBIETA,35
ANASTASIA,KOBIETA,35
SOPHIE,KOBIETA,35
DALIA,KOBIETA,34
NAOMI,KOBIETA,34
ZOE,KOBIETA,33
MIRELLA,KOBIETA,33
EMILY,KOBIETA,32
MARINA,KOBIETA,32
JESSICA,KOBIETA,32
WANESSA,KOBIETA,32
HANA,KOBIETA,31
SOPHIA,KOBIETA,31
LILI,KOBIETA,31
MARCJANNA,KOBIETA,30
LETYCJA,KOBIETA,30
TATIANA,KOBIETA,30
MARCELA,KOBIETA,30
ILONA,KOBIETA,30
WIOLETTA,KOBIETA,29
HIACYNTA,KOBIETA,29
LAILA,KOBIETA,28
JOLANTA,KOBIETA,27
LUNA,KOBIETA,27
HALINA,KOBIETA,27
GABRIELLA,KOBIETA,25
SELENA,KOBIETA,25
ANDŻELIKA,KOBIETA,25
WALERIA,KOBIETA,24
ADELINA,KOBIETA,24
ZOYA,KOBIETA,24
BOGNA,KOBIETA,24
ARINA,KOBIETA,24
CARMEN,KOBIETA,24
VERONIKA,KOBIETA,23
INA,KOBIETA,23
BOGUMIŁA,KOBIETA,23
LAYLA,KOBIETA,23
IRMINA,KOBIETA,23
JASMINA,KOBIETA,23
HANNAH,KOBIETA,23
LIA,KOBIETA,22
NIKA,KOBIETA,22
BIANCA,KOBIETA,22
LILY,KOBIETA,21
LILLY,KOBIETA,21
NELLA,KOBIETA,20
ELEONORA,KOBIETA,20
ABIGAIL,KOBIETA,20
KSENIA,KOBIETA,20
IZA,KOBIETA,19
VARVARA,KOBIETA,19
NIKOL,KOBIETA,19
MELISSA,KOBIETA,19
ZOSIA,KOBIETA,19
IWONA,KOBIETA,18
LEONIA,KOBIETA,18
CLARA,KOBIETA,18
HALSZKA,KOBIETA,18
ZUZA,KOBIETA,18
SOFIJA,KOBIETA,18
ANIKA,KOBIETA,18
DANIELA,KOBIETA,18
PAMELA,KOBIETA,18
NELLY,KOBIETA,18
RENATA,KOBIETA,17
LEILA,KOBIETA,17
MARITA,KOBIETA,17
LUKRECJA,KOBIETA,17
SARAH,KOBIETA,16
DOBROSŁAWA,KOBIETA,16
KATIA,KOBIETA,16
ELIZABETH,KOBIETA,16
DOBROMIŁA,KOBIETA,16
GRETA,KOBIETA,16
MICHELLE,KOBIETA,16
KAYA,KOBIETA,16
LEOKADIA,KOBIETA,15
FLORA,KOBIETA,15
MIROSŁAWA,KOBIETA,15
GAIA,KOBIETA,15
KASANDRA,KOBIETA,15
ALEXANDRA,KOBIETA,15
MARIIA,KOBIETA,14
LEYLA,KOBIETA,14
STANISŁAWA,KOBIETA,14
NICOL,KOBIETA,14
MIJA,KOBIETA,14
NELL,KOBIETA,14
OLEKSANDRA,KOBIETA,14
ELWIRA,KOBIETA,13
ARIANNA,KOBIETA,13
CHARLOTTE,KOBIETA,13
OKSANA,KOBIETA,13
JANKA,KOBIETA,13
ANGELINA,KOBIETA,13
NADZIEJA,KOBIETA,13
MARYLA,KOBIETA,13
BOŻENA,KOBIETA,12
REGINA,KOBIETA,12
ALICIA,KOBIETA,12
EVELINA,KOBIETA,12
ORIANA,KOBIETA,12
ANASTASIIA,KOBIETA,12
ALICE,KOBIETA,12
MAJKA,KOBIETA,12
ISABELLA,KOBIETA,12
SOLOMIIA,KOBIETA,11
MIŁOSŁAWA,KOBIETA,11
KATERYNA,KOBIETA,11
LORENA,KOBIETA,11
ŻANETA,KOBIETA,11
HANIA,KOBIETA,11
OLENA,KOBIETA,11
KORA,KOBIETA,11
ARIA,KOBIETA,11
LISA,KOBIETA,11
LINDA,KOBIETA,11
SABRINA,KOBIETA,11
ILIANA,KOBIETA,10
ELLA,KOBIETA,10
ARLETA,KOBIETA,10
ERIKA,KOBIETA,10
VIVIEN,KOBIETA,10
CHLOE,KOBIETA,10
ANATOLA,KOBIETA,10
KIARA,KOBIETA,10
KAYLA,KOBIETA,10
EMANUELA,KOBIETA,10
SAWA,KOBIETA,10
EMILIIA,KOBIETA,10
MARZENA,KOBIETA,10
VERONICA,KOBIETA,9
ALENA,KOBIETA,9
LILLI,KOBIETA,9
LUDMIŁA,KOBIETA,9
BERENIKA,KOBIETA,9
GRACJA,KOBIETA,9
NATALIE,KOBIETA,9
NASTAZJA,KOBIETA,9
NOELIA,KOBIETA,9
BELLA,KOBIETA,9
AMINA,KOBIETA,9
CELESTYNA,KOBIETA,9
ELIANA,KOBIETA,9
MELODY,KOBIETA,9
VALENTINA,KOBIETA,9
AMIRA,KOBIETA,8
VALERIA,KOBIETA,8
MARYSIA,KOBIETA,8
DŻESIKA,KOBIETA,8
AISHA,KOBIETA,8
YELYZAVETA,KOBIETA,8
FILOMENA,KOBIETA,8
MIROSLAVA,KOBIETA,8
GRAŻYNA,KOBIETA,8
ANABELLA,KOBIETA,8
LEIA,KOBIETA,8
DAGNA,KOBIETA,8
JASMINE,KOBIETA,8
OFELIA,KOBIETA,8
AFINA,KOBIETA,8
MANUELA,KOBIETA,8
MARIOLA,KOBIETA,8
MELANIE,KOBIETA,8
DEBORA,KOBIETA,8
ANATOLIA,KOBIETA,8
LUCY,KOBIETA,8
ADELAJDA,KOBIETA,8
WIOLETA,KOBIETA,8
KARMEN,KOBIETA,8
ARIADNA,KOBIETA,7
YEVA,KOBIETA,7
AVA,KOBIETA,7
ZYTA,KOBIETA,7
WALENTYNA,KOBIETA,7
CHLOÉ,KOBIETA,7
ANA,KOBIETA,7
ELIZAVETA,KOBIETA,7
VIKTORIIA,KOBIETA,7
BRONISŁAWA,KOBIETA,7
BALBINA,KOBIETA,7
YANA,KOBIETA,7
JULIANA,KOBIETA,7
ROSA,KOBIETA,7
LANA,KOBIETA,7
CATALEYA,KOBIETA,7
BERNADETA,KOBIETA,6
ELISA,KOBIETA,6
DOBROCHNA,KOBIETA,6
BERNADETTA,KOBIETA,6
WARWARA,KOBIETA,6
OLIVIIA,KOBIETA,6
TEKLA,KOBIETA,6
MIKA,KOBIETA,6
LIZA,KOBIETA,6
SIMONA,KOBIETA,6
ROSALIA,KOBIETA,6
KAMELIA,KOBIETA,6
ROXANA,KOBIETA,6
TINA,KOBIETA,6
DARYNA,KOBIETA,6
VIOLETTA,KOBIETA,6
FRANCESCA,KOBIETA,6
AMALIA,KOBIETA,6
TOSIA,KOBIETA,6
BOGUSŁAWA,KOBIETA,6
IVANKA,KOBIETA,6
ROSE,KOBIETA,6
ASTRID,KOBIETA,6
REBEKA,KOBIETA,6
MIŁA,KOBIETA,6
SOLOMIA,KOBIETA,6
KRISTINA,KOBIETA,6
LUDWIKA,KOBIETA,6
MIKAELA,KOBIETA,6
ALIA,KOBIETA,6
AYA,KOBIETA,6
YASMIN,KOBIETA,5
VERA,KOBIETA,5
AISZA,KOBIETA,5
ARLETTA,KOBIETA,5
ADEL,KOBIETA,5
LARISSA,KOBIETA,5
ELIF,KOBIETA,5
MEGAN,KOBIETA,5
POLIANNA,KOBIETA,5
SUSANNA,KOBIETA,5
MELA,KOBIETA,5
MATILDA,KOBIETA,5
LINA,KOBIETA,5
LUCJA,KOBIETA,5
VIVIENNE,KOBIETA,5
WIWIANA,KOBIETA,5
LETICIA,KOBIETA,5
ANAYA,KOBIETA,5
BRYGIDA,KOBIETA,5
IVY,KOBIETA,5
NELI,KOBIETA,5
NIKOLETTA,KOBIETA,5
WERA,KOBIETA,5
MARYNA,KOBIETA,5
MELANIIA,KOBIETA,5
NAWOJKA,KOBIETA,5
MARGARITA,KOBIETA,5
FLAWIA,KOBIETA,5
INESS,KOBIETA,5
LÉA,KOBIETA,5
IRIS,KOBIETA,5
ELINA,KOBIETA,5
MIYA,KOBIETA,5
MIIA,KOBIETA,5
CHANEL,KOBIETA,5
TULIA,KOBIETA,5
FRIDA,KOBIETA,5
EMILIYA,KOBIETA,4
ANABEL,KOBIETA,4
LIYA,KOBIETA,4
MIRANDA,KOBIETA,4
KATERINA,KOBIETA,4
ULIANA,KOBIETA,4
ALITA,KOBIETA,4
MALIKA,KOBIETA,4
KLAUDYNA,KOBIETA,4
TEONA,KOBIETA,4
BLANCA,KOBIETA,4
FREJA,KOBIETA,4
EUGENIA,KOBIETA,4
ISLA,KOBIETA,4
HELEN,KOBIETA,4
TARA,KOBIETA,4
ULYANA,KOBIETA,4
ARYA,KOBIETA,4
SELINA,KOBIETA,4
AMY,KOBIETA,4
RUTA,KOBIETA,4
VALERIIA,KOBIETA,4
LATIKA,KOBIETA,4
AIDA,KOBIETA,4
KESJA,KOBIETA,4
ULA,KOBIETA,4
DARINA,KOBIETA,4
TEODORA,KOBIETA,4
WANESA,KOBIETA,4
MAIA,KOBIETA,4
ZLATOSLAVA,KOBIETA,4
GABI,KOBIETA,4
PETRA,KOBIETA,4
IVANNA,KOBIETA,4
RADOCHNA,KOBIETA,4
YASMINE,KOBIETA,4
CIRILLA,KOBIETA,4
ZOI,KOBIETA,4
MICHAELA,KOBIETA,4
POLIANA,KOBIETA,4
LUISA,KOBIETA,4
SAMIRA,KOBIETA,4
AYLA,KOBIETA,4
MARIE,KOBIETA,4
FATIMA,KOBIETA,4
LEAH,KOBIETA,4
KARMELA,KOBIETA,4
DANA,KOBIETA,4
SUSANNE,KOBIETA,4
ANDREA,KOBIETA,4
ERYKA,KOBIETA,4
LARISA,KOBIETA,4
JEWA,KOBIETA,4
RACHELA,KOBIETA,4
MARYAM,KOBIETA,4
WIERA,KOBIETA,4
KAIA,KOBIETA,4
MAIIA,KOBIETA,4
YUNA,KOBIETA,4
SALMA,KOBIETA,4
LEONIE,KOBIETA,4
ZARA,KOBIETA,4
CARLA,KOBIETA,4
LIJA,KOBIETA,4
SUSAN,KOBIETA,4
LILIT,KOBIETA,4
MILLA,KOBIETA,4
JENNIFER,KOBIETA,4
ALMA,KOBIETA,4
JASMIN,KOBIETA,4
ALEXIA,KOBIETA,4
MIŁKA,KOBIETA,4
EMILI,KOBIETA,4
LETISJA,KOBIETA,4
EMI,KOBIETA,4
SIENNA,KOBIETA,3
AGNES,KOBIETA,3
SOLOMIJA,KOBIETA,3
NATHALIE,KOBIETA,3
LIGIA,KOBIETA,3
ESTHER,KOBIETA,3
CORNELIA,KOBIETA,3
LOUISE,KOBIETA,3
SAMANTHA,KOBIETA,3
REBECCA,KOBIETA,3
ANASTASIJA,KOBIETA,3
NATALIIA,KOBIETA,3
RAISA,KOBIETA,3
FLAVIA,KOBIETA,3
LIANA,KOBIETA,3
ESMERALDA,KOBIETA,3
LILLIANA,KOBIETA,3
FRYDERYKA,KOBIETA,3
RUT,KOBIETA,3
ELISE,KOBIETA,3
ZOEY,KOBIETA,3
KATALEJA,KOBIETA,3
SOFIE,KOBIETA,3
LARYSSA,KOBIETA,3
ISABELL,KOBIETA,3
PELAGIA,KOBIETA,3
SALOMEA,KOBIETA,3
OKTAVIA,KOBIETA,3
YASMINA,KOBIETA,3
MARIAMI,KOBIETA,3
MARIJA,KOBIETA,3
WIRGINIA,KOBIETA,3
GRACE,KOBIETA,3
IMAN,KOBIETA,3
KHADIJA,KOBIETA,3
LÉNA,KOBIETA,3
KAREN,KOBIETA,3
KLÁRA,KOBIETA,3
MAGNOLIA,KOBIETA,3
CYNTIA,KOBIETA,3
FREYA,KOBIETA,3
RUBY,KOBIETA,3
WIWIANNA,KOBIETA,3
NOA,KOBIETA,3
ANASTASIYA,KOBIETA,3
THEA,KOBIETA,3
KAZIMIERA,KOBIETA,3
ISABEL,KOBIETA,3
MARIAM,KOBIETA,3
SORAJA,KOBIETA,3
ZARINA,KOBIETA,3
INGRID,KOBIETA,3
NICA,KOBIETA,3
SCARLETT,KOBIETA,3
JAGIENKA,KOBIETA,3
ISMENA,KOBIETA,3
ALIYA,KOBIETA,3
KATALINA,KOBIETA,3
KALA,KOBIETA,3
ARIELA,KOBIETA,3
DĄBRÓWKA,KOBIETA,3
ZŁATA,KOBIETA,3
WITALINA,KOBIETA,3
OLHA,KOBIETA,3
LINH,KOBIETA,3
NORA,KOBIETA,3
MARTINA,KOBIETA,3
TEODOZJA,KOBIETA,3
MARISA,KOBIETA,3
AMELIE,KOBIETA,3
MARIEM,KOBIETA,3
SAFIYA,KOBIETA,3
FLORIANNA,KOBIETA,3
WIESŁAWA,KOBIETA,3
DONATA,KOBIETA,3
RIMA,KOBIETA,3
LOTTA,KOBIETA,3
BAO AN,KOBIETA,3
FABIOLA,KOBIETA,3
STEFANIE,KOBIETA,3
ALDONA,KOBIETA,3
DAJANA,KOBIETA,2
YARYNA,KOBIETA,2
GAYA,KOBIETA,2
AMILIA,KOBIETA,2
ASYA,KOBIETA,2
YULIA,KOBIETA,2
ADELAIDA,KOBIETA,2
BOGDANA,KOBIETA,2
KARLA,KOBIETA,2
MİRA,KOBIETA,2
AWA,KOBIETA,2
ALISIIA,KOBIETA,2
ALIANA,KOBIETA,2
JOYCE,KOBIETA,2
KHRYSTYNA,KOBIETA,2
NALA,KOBIETA,2
SKYLAR,KOBIETA,2
CAROLINE,KOBIETA,2
ZAINAB,KOBIETA,2
HENRIETTA,KOBIETA,2
ELA,KOBIETA,2
NIKITA,KOBIETA,2
SAULĖ,KOBIETA,2
HOANG YEN,KOBIETA,2
VIVIANA,KOBIETA,2
AILA,KOBIETA,2
CHARLOTTA,KOBIETA,2
MOLLY,KOBIETA,2
GABRYJELA,KOBIETA,2
MANE,KOBIETA,2
SHEILA,KOBIETA,2
SALIMA,KOBIETA,2
UNA,KOBIETA,2
DAISY,KOBIETA,2
NARINA,KOBIETA,2
ITA,KOBIETA,2
MIRABELLE,KOBIETA,2
FLORENCJA,KOBIETA,2
YAMINA,KOBIETA,2
ISABELLE,KOBIETA,2
AYŞE,KOBIETA,2
MALAIKA,KOBIETA,2
DOBROMIRA,KOBIETA,2
VIVIANNA,KOBIETA,2
ASJA,KOBIETA,2
KORNELA,KOBIETA,2
ESTELLA,KOBIETA,2
MATHILDA,KOBIETA,2
QUỲNH MAI,KOBIETA,2
DELIA,KOBIETA,2
CLAUDIA,KOBIETA,2
NAWOJA,KOBIETA,2
ROZA,KOBIETA,2
KAYAH,KOBIETA,2
ANNABELL,KOBIETA,2
TELIMENA,KOBIETA,2
KSENIIA,KOBIETA,2
INDIA,KOBIETA,2
ASHANTI,KOBIETA,2
NIKOLINA,KOBIETA,2
AICHA,KOBIETA,2
JESSIKA,KOBIETA,2
IWETTA,KOBIETA,2
CYNTHIA,KOBIETA,2
NAIRA,KOBIETA,2
MARIANA,KOBIETA,2
OLYMPIA,KOBIETA,2
BIBIANNA,KOBIETA,2
LAVINIA,KOBIETA,2
MEGHAN,KOBIETA,2
KAMILLA,KOBIETA,2
MARUSIA,KOBIETA,2
IRINA,KOBIETA,2
HENRYKA,KOBIETA,2
GRACJANA,KOBIETA,2
VANESA,KOBIETA,2
ADELIA,KOBIETA,2
MINA,KOBIETA,2
EKATERINA,KOBIETA,2
ŻYWIA,KOBIETA,2
PIA,KOBIETA,2
ODA,KOBIETA,2
SILVIA,KOBIETA,2
FLORENCE,KOBIETA,2
ARKADIA,KOBIETA,2
SUMAYA,KOBIETA,2
LIV,KOBIETA,2
ELENI,KOBIETA,2
CHENXI,KOBIETA,2
GIULIA,KOBIETA,2
NAYA,KOBIETA,2
NOLA,KOBIETA,2
IANA,KOBIETA,2
VENERA,KOBIETA,2
GETA,KOBIETA,2
AYLIN,KOBIETA,2
ARLENA,KOBIETA,2
KAJLA,KOBIETA,2
MARGO,KOBIETA,2
KATALEYA,KOBIETA,2
ISABELA,KOBIETA,2
MALENA,KOBIETA,2
LAWINIA,KOBIETA,2
WILHELMINA,KOBIETA,2
PAOLA,KOBIETA,2
MIŁANA,KOBIETA,2
ELLIE,KOBIETA,2
AMALIIA,KOBIETA,2
MELANI,KOBIETA,2
TEREZA,KOBIETA,2
ALICA,KOBIETA,2
KLEOPATRA,KOBIETA,2
KASJANA,KOBIETA,2
MARGARYTA,KOBIETA,2
ASIA,KOBIETA,2
SHANAYA,KOBIETA,2
RABIJA,KOBIETA,2
BAO NHI,KOBIETA,2
AVNI,KOBIETA,2
APOLLONIA,KOBIETA,2
ALISHA,KOBIETA,2
NARIN,KOBIETA,2
TAISIYA,KOBIETA,2
MORGAN,KOBIETA,2
NANA,KOBIETA,2
MIKAYLA,KOBIETA,2
ROSIE,KOBIETA,2
SYBILLA,KOBIETA,2
MERYEM,KOBIETA,2
ANNA-MARIA,KOBIETA,2
AMBER,KOBIETA,2
ZORIA,KOBIETA,2
LIWIANA,KOBIETA,2
DELFINA,KOBIETA,2
KIM NGAN,KOBIETA,2
CHIARA,KOBIETA,2
LESIA,KOBIETA,2
ANELIA,KOBIETA,2
SUZANA,KOBIETA,2
KATRINA,KOBIETA,2
IVANA,KOBIETA,2
ODETTA,KOBIETA,2
DENISA,KOBIETA,2
STEFANIJA,KOBIETA,2
MIROSLAWA,KOBIETA,2
AMAIA,KOBIETA,2
ANNABELLE,KOBIETA,2
ZOÉ,KOBIETA,2
MELODIA,KOBIETA,2
ZORIANA,KOBIETA,2
ESTER,KOBIETA,2
VLADA,KOBIETA,2
NUTSA,KOBIETA,2
KATJA,KOBIETA,2
VIRA,KOBIETA,2
ELLE,KOBIETA,2
IGOR,KOBIETA,2
AN NHIEN,KOBIETA,2
ELZA,KOBIETA,2
ATENA,KOBIETA,2
ELIZABET,KOBIETA,2
ALISIA,KOBIETA,2
ROZANNA,KOBIETA,2
EUNIKA,KOBIETA,2
ALIAKSANDRA,KOBIETA,2
MADLEN,KOBIETA,2
EMILLY,KOBIETA,2
MARGOT,KOBIETA,2
ELISSA,KOBIETA,2
ELISABETH,KOBIETA,2
JOVITA,KOBIETA,2
MERIEM,KOBIETA,2
LENKA,KOBIETA,2
ANABELL,KOBIETA,2
TEJA,KOBIETA,2
EULALIA,KOBIETA,2
LILIIA,KOBIETA,2
AMADEA,KOBIETA,2
MELIA,KOBIETA,2
HAILEY,KOBIETA,2
NADJA,KOBIETA,2
NADINE,KOBIETA,2
IRYNA,KOBIETA,2
JIAYAN,KOBIETA,2
RAMONA,KOBIETA,2
NIKOLE,KOBIETA,2
YULIIA,KOBIETA,2
SALINA,KOBIETA,2
MARY,KOBIETA,2
LAYA,KOBIETA,2
EMMY,KOBIETA,2
BOHDANA,KOBIETA,2
YUXI,KOBIETA,2
ERIN,KOBIETA,2
CHANTAL,KOBIETA,2
MOIRA,KOBIETA,2
PENELOPE,KOBIETA,2
IWA,KOBIETA,2
KONSUELA,KOBIETA,2
