IMIĘ_PIERWSZE,PŁEĆ,LICZBA_WYSTĄPIEŃ
ANTONI,MĘŻCZYZNA,8368
JAN,MĘŻCZYZNA,7658
ALEKSANDER,MĘŻCZYZNA,7165
JAKUB,MĘŻCZYZNA,7162
FRANCISZEK,MĘŻCZYZNA,7124
SZYMON,MĘŻCZYZNA,6083
FILIP,MĘŻCZYZNA,5474
MIKOŁAJ,MĘŻCZYZNA,5368
LEON,MĘŻCZYZNA,5018
STANISŁAW,MĘŻCZYZNA,4963
WOJCIECH,MĘŻCZYZNA,4687
ADAM,MĘŻCZYZNA,4469
KACPER,MĘŻCZYZNA,4286
TYMON,MĘŻCZYZNA,4220
NIKODEM,MĘŻCZYZNA,4171
MARCEL,MĘŻCZYZNA,4054
IGNACY,MĘŻCZYZNA,3867
MICHAŁ,MĘŻCZYZNA,3484
WIKTOR,MĘŻCZYZNA,3362
IGOR,MĘŻCZYZNA,2982
OLIWIER,MĘŻCZYZNA,2959
MAKSYMILIAN,MĘŻCZYZNA,2849
PIOTR,MĘŻCZYZNA,2839
TYMOTEUSZ,MĘŻCZYZNA,2691
MIŁOSZ,MĘŻCZYZNA,2561
OSKAR,MĘŻCZYZNA,2156
JULIAN,MĘŻCZYZNA,2106
BARTOSZ,MĘŻCZYZNA,2027
DAWID,MĘŻCZYZNA,2025
MATEUSZ,MĘŻCZYZNA,1913
KRZYSZTOF,MĘŻCZYZNA,1755
GABRIEL,MĘŻCZYZNA,1717
KAROL,MĘŻCZYZNA,1717
ALAN,MĘŻCZYZNA,1671
DOMINIK,MĘŻCZYZNA,1568
HUBERT,MĘŻCZYZNA,1520
TOMASZ,MĘŻCZYZNA,1478
MACIEJ,MĘŻCZYZNA,1460
FABIAN,MĘŻCZYZNA,1446
BRUNO,MĘŻCZYZNA,1292
PAWEŁ,MĘŻCZYZNA,1188
NATAN,MĘŻCZYZNA,1145
KSAWERY,MĘŻCZYZNA,1073
KAMIL,MĘŻCZYZNA,948
BORYS,MĘŻCZYZNA,911
BARTŁOMIEJ,MĘŻCZYZNA,899
ARTUR,MĘŻCZYZNA,886
TADEUSZ,MĘŻCZYZNA,876
PATRYK,MĘŻCZYZNA,841
CEZARY,MĘŻCZYZNA,820
KAJETAN,MĘŻCZYZNA,819
KUBA,MĘŻCZYZNA,798
ADRIAN,MĘŻCZYZNA,747
OLAF,MĘŻCZYZNA,741
HENRYK,MĘŻCZYZNA,703
GRZEGORZ,MĘŻCZYZNA,670
SEBASTIAN,MĘŻCZYZNA,647
DANIEL,MĘŻCZYZNA,591
ERYK,MĘŻCZYZNA,580
KORNEL,MĘŻCZYZNA,574
KRYSTIAN,MĘŻCZYZNA,567
WITOLD,MĘŻCZYZNA,552
KAZIMIERZ,MĘŻCZYZNA,551
JÓZEF,MĘŻCZYZNA,550
RAFAŁ,MĘŻCZYZNA,493
TEODOR,MĘŻCZYZNA,488
MILAN,MĘŻCZYZNA,479
JERZY,MĘŻCZYZNA,479
STEFAN,MĘŻCZYZNA,475
TOBIASZ,MĘŻCZYZNA,473
MIESZKO,MĘŻCZYZNA,473
ŁUKASZ,MĘŻCZYZNA,469
LEONARD,MĘŻCZYZNA,461
EMIL,MĘŻCZYZNA,431
GUSTAW,MĘŻCZYZNA,418
MARCIN,MĘŻCZYZNA,417
DAMIAN,MĘŻCZYZNA,413
OLIVIER,MĘŻCZYZNA,404
ROBERT,MĘŻCZYZNA,402
BŁAŻEJ,MĘŻCZYZNA,385
KONSTANTY,MĘŻCZYZNA,385
PRZEMYSŁAW,MĘŻCZYZNA,375
LEO,MĘŻCZYZNA,340
NATANIEL,MĘŻCZYZNA,324
RYSZARD,MĘŻCZYZNA,322
FELIKS,MĘŻCZYZNA,317
MAREK,MĘŻCZYZNA,308
RADOSŁAW,MĘŻCZYZNA,307
KONRAD,MĘŻCZYZNA,300
ALEX,MĘŻCZYZNA,300
DORIAN,MĘŻCZYZNA,290
JULIUSZ,MĘŻCZYZNA,283
JEREMI,MĘŻCZYZNA,283
ALEKS,MĘŻCZYZNA,282
REMIGIUSZ,MĘŻCZYZNA,255
FLORIAN,MĘŻCZYZNA,254
SAMUEL,MĘŻCZYZNA,220
ARKADIUSZ,MĘŻCZYZNA,214
GRACJAN,MĘŻCZYZNA,212
ALBERT,MĘŻCZYZNA,212
KORDIAN,MĘŻCZYZNA,200
MAKSYM,MĘŻCZYZNA,200
JĘDRZEJ,MĘŻCZYZNA,199
IWO,MĘŻCZYZNA,193
ALEXANDER,MĘŻCZYZNA,189
LUCJAN,MĘŻCZYZNA,188
ANDRZEJ,MĘŻCZYZNA,184
JACEK,MĘŻCZYZNA,181
LUDWIK,MĘŻCZYZNA,175
BRAJAN,MĘŻCZYZNA,165
WŁADYSŁAW,MĘŻCZYZNA,158
HUGO,MĘŻCZYZNA,153
ALEKSY,MĘŻCZYZNA,149
BENIAMIN,MĘŻCZYZNA,147
SEWERYN,MĘŻCZYZNA,144
ERNEST,MĘŻCZYZNA,138
MARK,MĘŻCZYZNA,136
MAURYCY,MĘŻCZYZNA,134
DAVID,MĘŻCZYZNA,127
JEREMIASZ,MĘŻCZYZNA,123
FRYDERYK,MĘŻCZYZNA,121
ROMAN,MĘŻCZYZNA,115
NORBERT,MĘŻCZYZNA,108
OLGIERD,MĘŻCZYZNA,102
EDWARD,MĘŻCZYZNA,99
OLIVER,MĘŻCZYZNA,99
KOSMA,MĘŻCZYZNA,93
ARON,MĘŻCZYZNA,91
CYPRIAN,MĘŻCZYZNA,91
SZCZEPAN,MĘŻCZYZNA,89
DARIUSZ,MĘŻCZYZNA,83
MAKS,MĘŻCZYZNA,80
ZBIGNIEW,MĘŻCZYZNA,79
TYTUS,MĘŻCZYZNA,76
JOACHIM,MĘŻCZYZNA,75
OKTAWIAN,MĘŻCZYZNA,74
MARIUSZ,MĘŻCZYZNA,74
WINCENTY,MĘŻCZYZNA,74
MAXIMILIAN,MĘŻCZYZNA,73
MARCELI,MĘŻCZYZNA,70
LIAM,MĘŻCZYZNA,70
OLIWER,MĘŻCZYZNA,68
BOGDAN,MĘŻCZYZNA,64
KASJAN,MĘŻCZYZNA,61
EMILIAN,MĘŻCZYZNA,61
BERNARD,MĘŻCZYZNA,60
MAX,MĘŻCZYZNA,56
GNIEWOMIR,MĘŻCZYZNA,56
ARTEM,MĘŻCZYZNA,55
BRUNON,MĘŻCZYZNA,54
DENIS,MĘŻCZYZNA,54
MIRON,MĘŻCZYZNA,51
ZACHARY,MĘŻCZYZNA,51
VINCENT,MĘŻCZYZNA,51
BENJAMIN,MĘŻCZYZNA,51
KSAWIER,MĘŻCZYZNA,51
SYLWESTER,MĘŻCZYZNA,49
ZIEMOWIT,MĘŻCZYZNA,49
NIKOLAS,MĘŻCZYZNA,48
WINCENT,MĘŻCZYZNA,48
LEONARDO,MĘŻCZYZNA,47
MARTIN,MĘŻCZYZNA,46
LESZEK,MĘŻCZYZNA,46
VIKTOR,MĘŻCZYZNA,45
JONASZ,MĘŻCZYZNA,44
KEVIN,MĘŻCZYZNA,43
KORNELIUSZ,MĘŻCZYZNA,43
KASPIAN,MĘŻCZYZNA,42
TEO,MĘŻCZYZNA,42
LEOPOLD,MĘŻCZYZNA,42
FRANEK,MĘŻCZYZNA,41
BOLESŁAW,MĘŻCZYZNA,41
JAROSŁAW,MĘŻCZYZNA,40
OLEG,MĘŻCZYZNA,40
BOGUSŁAW,MĘŻCZYZNA,39
SŁAWOMIR,MĘŻCZYZNA,39
ZYGMUNT,MĘŻCZYZNA,39
MIROSŁAW,MĘŻCZYZNA,38
AMADEUSZ,MĘŻCZYZNA,38
NICOLAS,MĘŻCZYZNA,38
OLEK,MĘŻCZYZNA,38
XAVIER,MĘŻCZYZNA,37
CZESŁAW,MĘŻCZYZNA,37
EMANUEL,MĘŻCZYZNA,36
ROCH,MĘŻCZYZNA,36
JONATAN,MĘŻCZYZNA,36
LEW,MĘŻCZYZNA,35
VICTOR,MĘŻCZYZNA,35
ELIASZ,MĘŻCZYZNA,35
NOEL,MĘŻCZYZNA,35
IVAN,MĘŻCZYZNA,35
NATHAN,MĘŻCZYZNA,34
IRENEUSZ,MĘŻCZYZNA,34
BENEDYKT,MĘŻCZYZNA,33
FELICJAN,MĘŻCZYZNA,33
GNIEWKO,MĘŻCZYZNA,33
MATVII,MĘŻCZYZNA,31
NIKITA,MĘŻCZYZNA,30
OLEKSANDR,MĘŻCZYZNA,30
MICHAEL,MĘŻCZYZNA,29
OSCAR,MĘŻCZYZNA,28
FELIX,MĘŻCZYZNA,28
TIMUR,MĘŻCZYZNA,28
AARON,MĘŻCZYZNA,28
ANTONIO,MĘŻCZYZNA,27
SERGIUSZ,MĘŻCZYZNA,26
AUGUSTYN,MĘŻCZYZNA,26
MIECZYSŁAW,MĘŻCZYZNA,26
ZACHARIASZ,MĘŻCZYZNA,25
BRAYAN,MĘŻCZYZNA,25
COLIN,MĘŻCZYZNA,25
IVO,MĘŻCZYZNA,24
KRZESIMIR,MĘŻCZYZNA,24
HIERONIM,MĘŻCZYZNA,23
BOGUMIŁ,MĘŻCZYZNA,23
WIT,MĘŻCZYZNA,23
KAI,MĘŻCZYZNA,23
DMYTRO,MĘŻCZYZNA,23
NOAH,MĘŻCZYZNA,23
KLEMENS,MĘŻCZYZNA,22
ALEK,MĘŻCZYZNA,22
OREST,MĘŻCZYZNA,22
THEO,MĘŻCZYZNA,21
MAKAR,MĘŻCZYZNA,21
EDGAR,MĘŻCZYZNA,21
HEKTOR,MĘŻCZYZNA,21
MARIAN,MĘŻCZYZNA,20
NAZAR,MĘŻCZYZNA,20
KEWIN,MĘŻCZYZNA,20
GERARD,MĘŻCZYZNA,20
JANUSZ,MĘŻCZYZNA,19
BRONISŁAW,MĘŻCZYZNA,19
EDMUND,MĘŻCZYZNA,19
ANTHONY,MĘŻCZYZNA,18
KAJ,MĘŻCZYZNA,18
MAKSIM,MĘŻCZYZNA,18
WŁODZIMIERZ,MĘŻCZYZNA,18
BARTEK,MĘŻCZYZNA,18
KASPER,MĘŻCZYZNA,18
HENRY,MĘŻCZYZNA,18
DOBROMIR,MĘŻCZYZNA,17
WILLIAM,MĘŻCZYZNA,17
MAKARY,MĘŻCZYZNA,17
LUCAS,MĘŻCZYZNA,17
DANIIL,MĘŻCZYZNA,17
TEOFIL,MĘŻCZYZNA,17
AMIR,MĘŻCZYZNA,17
GNIEWOSZ,MĘŻCZYZNA,17
MARKO,MĘŻCZYZNA,17
ANTEK,MĘŻCZYZNA,17
ANTON,MĘŻCZYZNA,17
RAYAN,MĘŻCZYZNA,16
LUKA,MĘŻCZYZNA,16
IWAN,MĘŻCZYZNA,16
KILIAN,MĘŻCZYZNA,16
LOUIS,MĘŻCZYZNA,16
MYKHAILO,MĘŻCZYZNA,16
DYLAN,MĘŻCZYZNA,16
NATHANIEL,MĘŻCZYZNA,15
SAMBOR,MĘŻCZYZNA,15
XAWERY,MĘŻCZYZNA,15
DAVYD,MĘŻCZYZNA,15
MAXYMILIAN,MĘŻCZYZNA,15
LUIS,MĘŻCZYZNA,15
TYMOFII,MĘŻCZYZNA,14
JOEL,MĘŻCZYZNA,14
KRYSPIN,MĘŻCZYZNA,14
ERIC,MĘŻCZYZNA,14
KONSTANTYN,MĘŻCZYZNA,14
DIEGO,MĘŻCZYZNA,14
DANYLO,MĘŻCZYZNA,14
NIKO,MĘŻCZYZNA,14
WOJTEK,MĘŻCZYZNA,14
ARIEL,MĘŻCZYZNA,14
ERIK,MĘŻCZYZNA,14
MARKUS,MĘŻCZYZNA,14
ELIAS,MĘŻCZYZNA,14
NOE,MĘŻCZYZNA,13
LUCA,MĘŻCZYZNA,13
ARTHUR,MĘŻCZYZNA,13
AUGUST,MĘŻCZYZNA,13
NATANAEL,MĘŻCZYZNA,12
WALDEMAR,MĘŻCZYZNA,12
TYCJAN,MĘŻCZYZNA,12
MAXIM,MĘŻCZYZNA,12
FRANCESCO,MĘŻCZYZNA,12
VLADISLAV,MĘŻCZYZNA,12
MANUEL,MĘŻCZYZNA,12
DAMIR,MĘŻCZYZNA,12
JACOB,MĘŻCZYZNA,12
ANDRII,MĘŻCZYZNA,11
ARIAN,MĘŻCZYZNA,11
TRISTAN,MĘŻCZYZNA,11
MATVEY,MĘŻCZYZNA,11
ERWIN,MĘŻCZYZNA,11
ZENON,MĘŻCZYZNA,11
MARCO,MĘŻCZYZNA,11
LUKAS,MĘŻCZYZNA,11
ARSEN,MĘŻCZYZNA,11
BASTIAN,MĘŻCZYZNA,11
ZACHAR,MĘŻCZYZNA,11
CYRYL,MĘŻCZYZNA,10
KIRILL,MĘŻCZYZNA,10
PATRICK,MĘŻCZYZNA,10
ANATOL,MĘŻCZYZNA,10
RAFAEL,MĘŻCZYZNA,10
ALI,MĘŻCZYZNA,10
THOMAS,MĘŻCZYZNA,10
DIONIZY,MĘŻCZYZNA,10
EUGENIUSZ,MĘŻCZYZNA,10
DENYS,MĘŻCZYZNA,10
ZAHAR,MĘŻCZYZNA,9
PHILIP,MĘŻCZYZNA,9
SANTIAGO,MĘŻCZYZNA,9
FRANK,MĘŻCZYZNA,9
ILLIA,MĘŻCZYZNA,9
KRISTIAN,MĘŻCZYZNA,9
VLADYSLAV,MĘŻCZYZNA,9
BAZYLI,MĘŻCZYZNA,9
KARIM,MĘŻCZYZNA,9
ITAN,MĘŻCZYZNA,9
WIESŁAW,MĘŻCZYZNA,9
CHRISTIAN,MĘŻCZYZNA,9
LUCJUSZ,MĘŻCZYZNA,9
NICO,MĘŻCZYZNA,8
AURELIUSZ,MĘŻCZYZNA,8
JAMES,MĘŻCZYZNA,8
ARMIN,MĘŻCZYZNA,8
ANTONY,MĘŻCZYZNA,8
PHILIPP,MĘŻCZYZNA,8
IVAR,MĘŻCZYZNA,8
SIEMOWIT,MĘŻCZYZNA,8
MATTEO,MĘŻCZYZNA,8
JAROMIR,MĘŻCZYZNA,8
ZDZISŁAW,MĘŻCZYZNA,8
ZAKHAR,MĘŻCZYZNA,8
RUBEN,MĘŻCZYZNA,8
AXEL,MĘŻCZYZNA,8
AMBROŻY,MĘŻCZYZNA,8
KONSTANTIN,MĘŻCZYZNA,7
VOLODYMYR,MĘŻCZYZNA,7
JAKOB,MĘŻCZYZNA,7
LECH,MĘŻCZYZNA,7
EGOR,MĘŻCZYZNA,7
KLAUDIUSZ,MĘŻCZYZNA,7
JORDAN,MĘŻCZYZNA,7
RYAN,MĘŻCZYZNA,7
NOLAN,MĘŻCZYZNA,7
BOHDAN,MĘŻCZYZNA,7
YAROSLAV,MĘŻCZYZNA,7
LUBOMIR,MĘŻCZYZNA,7
WAWRZYNIEC,MĘŻCZYZNA,7
RADOMIR,MĘŻCZYZNA,7
MATVIJ,MĘŻCZYZNA,7
RICHARD,MĘŻCZYZNA,7
LEV,MĘŻCZYZNA,7
SAMIR,MĘŻCZYZNA,7
MIGUEL,MĘŻCZYZNA,7
OSTAP,MĘŻCZYZNA,7
JOSEPH,MĘŻCZYZNA,7
IAN,MĘŻCZYZNA,7
ALLAN,MĘŻCZYZNA,7
OMAR,MĘŻCZYZNA,7
DANIL,MĘŻCZYZNA,7
ILIA,MĘŻCZYZNA,6
PAUL,MĘŻCZYZNA,6
MILO,MĘŻCZYZNA,6
SAMI,MĘŻCZYZNA,6
MATVIY,MĘŻCZYZNA,6
YEHOR,MĘŻCZYZNA,6
SERAFIN,MĘŻCZYZNA,6
TOBIAS,MĘŻCZYZNA,6
NESTOR,MĘŻCZYZNA,6
DEMIAN,MĘŻCZYZNA,6
RADZIMIR,MĘŻCZYZNA,6
GILBERT,MĘŻCZYZNA,6
PASCAL,MĘŻCZYZNA,6
NICHOLAS,MĘŻCZYZNA,6
MIKHAIL,MĘŻCZYZNA,6
EMMANUEL,MĘŻCZYZNA,6
DAJAN,MĘŻCZYZNA,6
ROLAND,MĘŻCZYZNA,6
BRYAN,MĘŻCZYZNA,6
ALEKSANDR,MĘŻCZYZNA,6
MICHAIŁ,MĘŻCZYZNA,6
GERALD,MĘŻCZYZNA,6
RADEK,MĘŻCZYZNA,6
TIM,MĘŻCZYZNA,6
AIDAN,MĘŻCZYZNA,6
DENNIS,MĘŻCZYZNA,6
EMIR,MĘŻCZYZNA,6
MATVEI,MĘŻCZYZNA,6
ROBIN,MĘŻCZYZNA,6
BARNABA,MĘŻCZYZNA,6
TYBERIUSZ,MĘŻCZYZNA,6
JONATHAN,MĘŻCZYZNA,6
MAGNUS,MĘŻCZYZNA,6
SYRIUSZ,MĘŻCZYZNA,6
MUHAMMAD,MĘŻCZYZNA,6
SIMON,MĘŻCZYZNA,6
RAGNAR,MĘŻCZYZNA,6
TOM,MĘŻCZYZNA,6
DOMINIC,MĘŻCZYZNA,6
THÉO,MĘŻCZYZNA,5
ARSENIUSZ,MĘŻCZYZNA,5
CONOR,MĘŻCZYZNA,5
KYRYLO,MĘŻCZYZNA,5
AIDEN,MĘŻCZYZNA,5
TYMOFIY,MĘŻCZYZNA,5
KALEB,MĘŻCZYZNA,5
DYMITR,MĘŻCZYZNA,5
WILHELM,MĘŻCZYZNA,5
MIKE,MĘŻCZYZNA,5
ILIAN,MĘŻCZYZNA,5
JONAS,MĘŻCZYZNA,5
GLEB,MĘŻCZYZNA,5
PLATON,MĘŻCZYZNA,5
BALTAZAR,MĘŻCZYZNA,5
MICHAL,MĘŻCZYZNA,5
ILYA,MĘŻCZYZNA,5
MARSEL,MĘŻCZYZNA,5
LORENZO,MĘŻCZYZNA,5
BRIAN,MĘŻCZYZNA,5
CASPER,MĘŻCZYZNA,5
EDWIN,MĘŻCZYZNA,5
MIKOLAJ,MĘŻCZYZNA,5
CHARLIE,MĘŻCZYZNA,5
LESŁAW,MĘŻCZYZNA,5
JAROSLAW,MĘŻCZYZNA,5
MIROSLAV,MĘŻCZYZNA,5
MALIK,MĘŻCZYZNA,5
JASON,MĘŻCZYZNA,5
KOSTEK,MĘŻCZYZNA,5
BEN,MĘŻCZYZNA,5
TIMOTHY,MĘŻCZYZNA,5
TIMOFEY,MĘŻCZYZNA,5
ANDRIJ,MĘŻCZYZNA,5
KIRIL,MĘŻCZYZNA,5
DANYIL,MĘŻCZYZNA,5
JANEK,MĘŻCZYZNA,4
IDZI,MĘŻCZYZNA,4
EWAN,MĘŻCZYZNA,4
FABIO,MĘŻCZYZNA,4
KLIMEK,MĘŻCZYZNA,4
HIPOLIT,MĘŻCZYZNA,4
ANGELO,MĘŻCZYZNA,4
MATWIJ,MĘŻCZYZNA,4
YAKUB,MĘŻCZYZNA,4
OTTO,MĘŻCZYZNA,4
YUSUF,MĘŻCZYZNA,4
IBRAHIM,MĘŻCZYZNA,4
PAVEL,MĘŻCZYZNA,4
LUDWIG,MĘŻCZYZNA,4
UMAR,MĘŻCZYZNA,4
MIŁOSŁAW,MĘŻCZYZNA,4
RAJMUND,MĘŻCZYZNA,4
YEGOR,MĘŻCZYZNA,4
LUCIAN,MĘŻCZYZNA,4
FREDERICK,MĘŻCZYZNA,4
KEMAL,MĘŻCZYZNA,4
ZBYSZKO,MĘŻCZYZNA,4
MATVEJ,MĘŻCZYZNA,4
MODEST,MĘŻCZYZNA,4
JEGOR,MĘŻCZYZNA,4
ENZO,MĘŻCZYZNA,4
ANDREI,MĘŻCZYZNA,4
ADEM,MĘŻCZYZNA,4
DANTE,MĘŻCZYZNA,4
ALESSANDRO,MĘŻCZYZNA,4
THEODOR,MĘŻCZYZNA,4
LOGAN,MĘŻCZYZNA,4
MASSIMO,MĘŻCZYZNA,4
ILAN,MĘŻCZYZNA,4
ELIAN,MĘŻCZYZNA,4
ABDULLAH,MĘŻCZYZNA,4
THIAGO,MĘŻCZYZNA,4
ANTOINE,MĘŻCZYZNA,4
TOMAS,MĘŻCZYZNA,4
DACJAN,MĘŻCZYZNA,4
RUSLAN,MĘŻCZYZNA,4
JACK,MĘŻCZYZNA,4
JOHN,MĘŻCZYZNA,4
HERBERT,MĘŻCZYZNA,4
TYMOFIJ,MĘŻCZYZNA,4
MAXIMUS,MĘŻCZYZNA,4
SVIATOSLAV,MĘŻCZYZNA,4
LÉO,MĘŻCZYZNA,4
MYKOLA,MĘŻCZYZNA,4
ZLATAN,MĘŻCZYZNA,4
COLLIN,MĘŻCZYZNA,4
THEODORE,MĘŻCZYZNA,4
ALEXANDRE,MĘŻCZYZNA,3
ILYAS,MĘŻCZYZNA,3
MIHAIL,MĘŻCZYZNA,3
PAVLO,MĘŻCZYZNA,3
RONI,MĘŻCZYZNA,3
GROMOSŁAW,MĘŻCZYZNA,3
SOLOMON,MĘŻCZYZNA,3
HORACY,MĘŻCZYZNA,3
ELIJAH,MĘŻCZYZNA,3
JAVIER,MĘŻCZYZNA,3
FRANCISCO,MĘŻCZYZNA,3
APOLONIUSZ,MĘŻCZYZNA,3
NORMAN,MĘŻCZYZNA,3
MINH KHANG,MĘŻCZYZNA,3
MILES,MĘŻCZYZNA,3
MICHEL,MĘŻCZYZNA,3
MASON,MĘŻCZYZNA,3
ELIOTT,MĘŻCZYZNA,3
STANISLAW,MĘŻCZYZNA,3
WINICJUSZ,MĘŻCZYZNA,3
JASPER,MĘŻCZYZNA,3
KEREM,MĘŻCZYZNA,3
SERHII,MĘŻCZYZNA,3
BRAIAN,MĘŻCZYZNA,3
TEOMAN,MĘŻCZYZNA,3
FEDERICO,MĘŻCZYZNA,3
KENZO,MĘŻCZYZNA,3
WITEK,MĘŻCZYZNA,3
RUPERT,MĘŻCZYZNA,3
JOSHUA,MĘŻCZYZNA,3
BOŻYDAR,MĘŻCZYZNA,3
JEAN,MĘŻCZYZNA,3
ASEN,MĘŻCZYZNA,3
SALVADOR,MĘŻCZYZNA,3
ZACK,MĘŻCZYZNA,3
MATWIEJ,MĘŻCZYZNA,3
YEVHEN,MĘŻCZYZNA,3
MARCUS,MĘŻCZYZNA,3
JIMMY,MĘŻCZYZNA,3
PATRYCJUSZ,MĘŻCZYZNA,3
BOGUSZ,MĘŻCZYZNA,3
LIONEL,MĘŻCZYZNA,3
OLEKSII,MĘŻCZYZNA,3
VLADIMIR,MĘŻCZYZNA,3
MATEO,MĘŻCZYZNA,3
NOA,MĘŻCZYZNA,3
VALENTINO,MĘŻCZYZNA,3
ZAWISZA,MĘŻCZYZNA,3
GEORGE,MĘŻCZYZNA,3
IZYDOR,MĘŻCZYZNA,3
ORLANDO,MĘŻCZYZNA,3
TYMUR,MĘŻCZYZNA,3
VITO,MĘŻCZYZNA,3
YAN,MĘŻCZYZNA,3
CARLO,MĘŻCZYZNA,3
ELIZEUSZ,MĘŻCZYZNA,3
MAXIME,MĘŻCZYZNA,3
PETER,MĘŻCZYZNA,3
MARIO,MĘŻCZYZNA,3
NICK,MĘŻCZYZNA,3
NIKOLAY,MĘŻCZYZNA,3
LAURENTY,MĘŻCZYZNA,3
KARL,MĘŻCZYZNA,3
MASSIMILIANO,MĘŻCZYZNA,3
ARTEMII,MĘŻCZYZNA,3
JURIJ,MĘŻCZYZNA,3
SALWADOR,MĘŻCZYZNA,3
STANISLAV,MĘŻCZYZNA,3
TIAGO,MĘŻCZYZNA,3
KSAVIER,MĘŻCZYZNA,3
FIODOR,MĘŻCZYZNA,3
MATTHEW,MĘŻCZYZNA,3
MICHELE,MĘŻCZYZNA,3
SANTINO,MĘŻCZYZNA,3
CONNOR,MĘŻCZYZNA,3
ROMEO,MĘŻCZYZNA,3
WITOSŁAW,MĘŻCZYZNA,3
IHOR,MĘŻCZYZNA,3
STEPAN,MĘŻCZYZNA,3
YURII,MĘŻCZYZNA,3
TIMOFEI,MĘŻCZYZNA,3
RADOSLAV,MĘŻCZYZNA,3
TADEI,MĘŻCZYZNA,3
JAREMA,MĘŻCZYZNA,3
ZYGFRYD,MĘŻCZYZNA,3
CEZAR,MĘŻCZYZNA,3
JUAN,MĘŻCZYZNA,3
ETHAN,MĘŻCZYZNA,3
JOZUE,MĘŻCZYZNA,3
ISMAEL,MĘŻCZYZNA,3
CONSTANTINE,MĘŻCZYZNA,2
FARUK,MĘŻCZYZNA,2
REYANSH,MĘŻCZYZNA,2
ELDAR,MĘŻCZYZNA,2
VUKAN,MĘŻCZYZNA,2
GIA BAO,MĘŻCZYZNA,2
IDRIS,MĘŻCZYZNA,2
KINAN,MĘŻCZYZNA,2
TRAIAN,MĘŻCZYZNA,2
ÁLVARO,MĘŻCZYZNA,2
LEONID,MĘŻCZYZNA,2
EDUARD,MĘŻCZYZNA,2
DAMINIK,MĘŻCZYZNA,2
HUSSEIN,MĘŻCZYZNA,2
VITALI,MĘŻCZYZNA,2
ORION,MĘŻCZYZNA,2
OKTAVIAN,MĘŻCZYZNA,2
PATRIK,MĘŻCZYZNA,2
NATE,MĘŻCZYZNA,2
AMIN,MĘŻCZYZNA,2
RAYEN,MĘŻCZYZNA,2
LEONEL,MĘŻCZYZNA,2
NIKIFOR,MĘŻCZYZNA,2
MIKAEL,MĘŻCZYZNA,2
DAVIT,MĘŻCZYZNA,2
TUAN ANH,MĘŻCZYZNA,2
ANTONIUSZ,MĘŻCZYZNA,2
ALVARO,MĘŻCZYZNA,2
SEMEN,MĘŻCZYZNA,2
DYZMA,MĘŻCZYZNA,2
DEMYAN,MĘŻCZYZNA,2
DARSH,MĘŻCZYZNA,2
HLIB,MĘŻCZYZNA,2
IBRAGIM,MĘŻCZYZNA,2
PHILIPPE,MĘŻCZYZNA,2
ZAIN,MĘŻCZYZNA,2
FLAVIO,MĘŻCZYZNA,2
ASTON,MĘŻCZYZNA,2
ARAMIS,MĘŻCZYZNA,2
MIHAI,MĘŻCZYZNA,2
MELCHIOR,MĘŻCZYZNA,2
MARAT,MĘŻCZYZNA,2
GAWEŁ,MĘŻCZYZNA,2
ARTURO,MĘŻCZYZNA,2
SELIM,MĘŻCZYZNA,2
DASTIN,MĘŻCZYZNA,2
SAVELII,MĘŻCZYZNA,2
SVYATOSLAV,MĘŻCZYZNA,2
AUGUSTAS,MĘŻCZYZNA,2
EVGENI,MĘŻCZYZNA,2
ROBERTO,MĘŻCZYZNA,2
AVI,MĘŻCZYZNA,2
AVYAAN,MĘŻCZYZNA,2
ARAM,MĘŻCZYZNA,2
DMITRIY,MĘŻCZYZNA,2
MARCELO,MĘŻCZYZNA,2
DAWYD,MĘŻCZYZNA,2
NICOLO,MĘŻCZYZNA,2
MATTI,MĘŻCZYZNA,2
OKTAWIUSZ,MĘŻCZYZNA,2
USTYM,MĘŻCZYZNA,2
KOSTIANTYN,MĘŻCZYZNA,2
MARIUS,MĘŻCZYZNA,2
LUKIAN,MĘŻCZYZNA,2
ŠIMON,MĘŻCZYZNA,2
NIKLAS,MĘŻCZYZNA,2
JOSZKO,MĘŻCZYZNA,2
VITALII,MĘŻCZYZNA,2
DAVIDE,MĘŻCZYZNA,2
IKER,MĘŻCZYZNA,2
EWARYST,MĘŻCZYZNA,2
CHARLES,MĘŻCZYZNA,2
SAID,MĘŻCZYZNA,2
MAXYM,MĘŻCZYZNA,2
RUDOLF,MĘŻCZYZNA,2
EHOR,MĘŻCZYZNA,2
AARAV,MĘŻCZYZNA,2
ARCHIE,MĘŻCZYZNA,2
ISAK,MĘŻCZYZNA,2
RITHVIK,MĘŻCZYZNA,2
DANG KHOI,MĘŻCZYZNA,2
XAWIER,MĘŻCZYZNA,2
SALIM,MĘŻCZYZNA,2
LUAN,MĘŻCZYZNA,2
MINH KHOI,MĘŻCZYZNA,2
MATEUS,MĘŻCZYZNA,2
IOSIF,MĘŻCZYZNA,2
IWAR,MĘŻCZYZNA,2
RYHOR,MĘŻCZYZNA,2
BJORN,MĘŻCZYZNA,2
PABLO,MĘŻCZYZNA,2
OSMAN,MĘŻCZYZNA,2
LEOKADIUSZ,MĘŻCZYZNA,2
RUVIM,MĘŻCZYZNA,2
AKIM,MĘŻCZYZNA,2
MYRON,MĘŻCZYZNA,2
TRAVIS,MĘŻCZYZNA,2
SAMY,MĘŻCZYZNA,2
MAKARIJ,MĘŻCZYZNA,2
CASPIAN,MĘŻCZYZNA,2
QUANG VINH,MĘŻCZYZNA,2
ANASTAZY,MĘŻCZYZNA,2
SERGII,MĘŻCZYZNA,2
EMILIO,MĘŻCZYZNA,2
TIGRAN,MĘŻCZYZNA,2
AURELIO,MĘŻCZYZNA,2
GORDON,MĘŻCZYZNA,2
VALENTIN,MĘŻCZYZNA,2
SŁAWOSZ,MĘŻCZYZNA,2
KASJUSZ,MĘŻCZYZNA,2
MAXIMILIEN,MĘŻCZYZNA,2
NADIR,MĘŻCZYZNA,2
SAMSON,MĘŻCZYZNA,2
TOMÁS,MĘŻCZYZNA,2
TARAS,MĘŻCZYZNA,2
ELVIN,MĘŻCZYZNA,2
PAOLO,MĘŻCZYZNA,2
WASYL,MĘŻCZYZNA,2
FARIS,MĘŻCZYZNA,2
DUY ANH,MĘŻCZYZNA,2
ANDRÉ,MĘŻCZYZNA,2
AREN,MĘŻCZYZNA,2
DANCIU,MĘŻCZYZNA,2
YU CHEN,MĘŻCZYZNA,2
RICCARDO,MĘŻCZYZNA,2
DANG KHOA,MĘŻCZYZNA,2
SASZA,MĘŻCZYZNA,2
TOMI,MĘŻCZYZNA,2
TYSON,MĘŻCZYZNA,2
HERMAN,MĘŻCZYZNA,2
YASIN,MĘŻCZYZNA,2
ANDREA,MĘŻCZYZNA,2
ANAKIN,MĘŻCZYZNA,2
JAROSLAV,MĘŻCZYZNA,2
ARTEMIUSZ,MĘŻCZYZNA,2
DANIIŁ,MĘŻCZYZNA,2
AKI,MĘŻCZYZNA,2
VADYM,MĘŻCZYZNA,2
GIORGI,MĘŻCZYZNA,2
ELIOT,MĘŻCZYZNA,2
ABRAHAM,MĘŻCZYZNA,2
YASSIN,MĘŻCZYZNA,2
PAWEL,MĘŻCZYZNA,2
GABRIELI,MĘŻCZYZNA,2
GIULIO,MĘŻCZYZNA,2
VALENTYN,MĘŻCZYZNA,2
TIMOFIEJ,MĘŻCZYZNA,2
ADVIK,MĘŻCZYZNA,2
MALEK,MĘŻCZYZNA,2
MINH,MĘŻCZYZNA,2
KIAN,MĘŻCZYZNA,2
KHALID,MĘŻCZYZNA,2
BERNARDO,MĘŻCZYZNA,2
LUKE,MĘŻCZYZNA,2
EFE,MĘŻCZYZNA,2
MAXWELL,MĘŻCZYZNA,2
NAZARIJ,MĘŻCZYZNA,2
ALEXANDROS,MĘŻCZYZNA,2
DAVI,MĘŻCZYZNA,2
YOUNES,MĘŻCZYZNA,2
ALOJZY,MĘŻCZYZNA,2
MUSA,MĘŻCZYZNA,2
TOMEK,MĘŻCZYZNA,2
MIKAIL,MĘŻCZYZNA,2
ARSENIY,MĘŻCZYZNA,2
SHIVANSH,MĘŻCZYZNA,2
RAHIM,MĘŻCZYZNA,2
LUIGI,MĘŻCZYZNA,2
LAZAR,MĘŻCZYZNA,2
ISMAIL,MĘŻCZYZNA,2
ATILLA,MĘŻCZYZNA,2
DEMID,MĘŻCZYZNA,2
KAY,MĘŻCZYZNA,2
IGNACIO,MĘŻCZYZNA,2
GEORGI,MĘŻCZYZNA,2
CARLOS,MĘŻCZYZNA,2
ZAYN,MĘŻCZYZNA,2
VIGGO,MĘŻCZYZNA,2
HARVEY,MĘŻCZYZNA,2
KOSTIAN,MĘŻCZYZNA,2
ARSALAN,MĘŻCZYZNA,2
PEDRO,MĘŻCZYZNA,2
SYLWERIUSZ,MĘŻCZYZNA,2
CHRYSTIAN,MĘŻCZYZNA,2
RAPHAEL,MĘŻCZYZNA,2
OLEKSANDER,MĘŻCZYZNA,2
SAVA,MĘŻCZYZNA,2
ALFRED,MĘŻCZYZNA,2
ASLAN,MĘŻCZYZNA,2
TONY,MĘŻCZYZNA,2
LUDOVICO,MĘŻCZYZNA,2
KYRYL,MĘŻCZYZNA,2
XAVERY,MĘŻCZYZNA,2
YANN,MĘŻCZYZNA,2
AAYAN,MĘŻCZYZNA,2
JAROGNIEW,MĘŻCZYZNA,2
KONSTANTINOS,MĘŻCZYZNA,2
VASYL,MĘŻCZYZNA,2
MARCELLO,MĘŻCZYZNA,2
CASIMIR,MĘŻCZYZNA,2
CRISTIANO,MĘŻCZYZNA,2
MYKYTA,MĘŻCZYZNA,2
KYLIAN,MĘŻCZYZNA,2
OLEKSIJ,MĘŻCZYZNA,2
NIKOLOZ,MĘŻCZYZNA,2
DARII,MĘŻCZYZNA,2
FÉLIX,MĘŻCZYZNA,2
GUSTAV,MĘŻCZYZNA,2
EMRE,MĘŻCZYZNA,2
ADIL,MĘŻCZYZNA,2
ANDREY,MĘŻCZYZNA,2
ILLYA,MĘŻCZYZNA,2
ARSENII,MĘŻCZYZNA,2
EZRA,MĘŻCZYZNA,2
MINH QUAN,MĘŻCZYZNA,2
MARTÍN,MĘŻCZYZNA,2
EDUARDO,MĘŻCZYZNA,2
NAMIR,MĘŻCZYZNA,2
