IMIĘ PIERWSZE,PŁEĆ,LICZBA WYSTĄPIENIEŃ
ANTONI,MĘŻCZYZNA,6670
JAN,MĘŻCZYZNA,6341
ALEKSANDER,MĘŻCZYZNA,6201
NIKODEM,MĘŻCZYZNA,6155
FRANCISZEK,MĘŻCZYZNA,5696
JAKUB,MĘŻCZYZNA,5535
LEON,MĘŻCZYZNA,5091
MIKOŁAJ,MĘŻCZYZNA,4499
STANISŁAW,MĘŻCZYZNA,4265
FILIP,MĘŻCZYZNA,4107
IGNACY,MĘŻCZYZNA,4086
SZYMON,MĘŻCZYZNA,4069
WOJCIECH,MĘŻCZYZNA,3539
ADAM,MĘŻCZYZNA,3348
KACPER,MĘŻCZYZNA,3251
TYMON,MĘŻCZYZNA,3164
MARCEL,MĘŻCZYZNA,3081
MAKSYMILIAN,MĘŻCZYZNA,3055
MICHAŁ,MĘŻCZYZNA,2758
WIKTOR,MĘŻCZYZNA,2709
OLIWIER,MĘŻCZYZNA,2551
TYMOTEUSZ,MĘŻCZYZNA,2278
MIŁOSZ,MĘŻCZYZNA,2234
IGOR,MĘŻCZYZNA,2226
JULIAN,MĘŻCZYZNA,2040
PIOTR,MĘŻCZYZNA,1987
OSKAR,MĘŻCZYZNA,1932
GABRIEL,MĘŻCZYZNA,1712
DAWID,MĘŻCZYZNA,1489
KRZYSZTOF,MĘŻCZYZNA,1352
BARTOSZ,MĘŻCZYZNA,1315
DOMINIK,MĘŻCZYZNA,1271
NATAN,MĘŻCZYZNA,1222
BRUNO,MĘŻCZYZNA,1214
MATEUSZ,MĘŻCZYZNA,1209
HUBERT,MĘŻCZYZNA,1152
KAROL,MĘŻCZYZNA,1141
ALAN,MĘŻCZYZNA,1058
FABIAN,MĘŻCZYZNA,1014
TOMASZ,MĘŻCZYZNA,977
MACIEJ,MĘŻCZYZNA,975
HENRYK,MĘŻCZYZNA,948
TADEUSZ,MĘŻCZYZNA,892
CEZARY,MĘŻCZYZNA,892
ARTUR,MĘŻCZYZNA,858
KSAWERY,MĘŻCZYZNA,849
PAWEŁ,MĘŻCZYZNA,753
MILAN,MĘŻCZYZNA,727
DANIEL,MĘŻCZYZNA,717
KAZIMIERZ,MĘŻCZYZNA,674
KUBA,MĘŻCZYZNA,674
KAJETAN,MĘŻCZYZNA,660
BORYS,MĘŻCZYZNA,656
BARTŁOMIEJ,MĘŻCZYZNA,650
JÓZEF,MĘŻCZYZNA,615
WITOLD,MĘŻCZYZNA,595
TEODOR,MĘŻCZYZNA,591
KAMIL,MĘŻCZYZNA,589
OLAF,MĘŻCZYZNA,588
PATRYK,MĘŻCZYZNA,560
LEO,MĘŻCZYZNA,545
MARK,MĘŻCZYZNA,522
ERYK,MĘŻCZYZNA,511
STEFAN,MĘŻCZYZNA,503
ADRIAN,MĘŻCZYZNA,499
KORNEL,MĘŻCZYZNA,492
GRZEGORZ,MĘŻCZYZNA,480
GUSTAW,MĘŻCZYZNA,471
MIESZKO,MĘŻCZYZNA,462
LEONARD,MĘŻCZYZNA,430
SEBASTIAN,MĘŻCZYZNA,422
KRYSTIAN,MĘŻCZYZNA,421
EMIL,MĘŻCZYZNA,401
MAKSYM,MĘŻCZYZNA,401
JERZY,MĘŻCZYZNA,385
FELIKS,MĘŻCZYZNA,373
RYSZARD,MĘŻCZYZNA,364
TOBIASZ,MĘŻCZYZNA,363
ARTEM,MĘŻCZYZNA,355
DAVID,MĘŻCZYZNA,336
MARCIN,MĘŻCZYZNA,323
DAMIAN,MĘŻCZYZNA,320
KONSTANTY,MĘŻCZYZNA,318
ROBERT,MĘŻCZYZNA,311
ŁUKASZ,MĘŻCZYZNA,301
RAFAŁ,MĘŻCZYZNA,300
ALEX,MĘŻCZYZNA,291
NATANIEL,MĘŻCZYZNA,269
FLORIAN,MĘŻCZYZNA,269
OLIVIER,MĘŻCZYZNA,268
REMIGIUSZ,MĘŻCZYZNA,262
ALEKS,MĘŻCZYZNA,261
PRZEMYSŁAW,MĘŻCZYZNA,254
KONRAD,MĘŻCZYZNA,248
BŁAŻEJ,MĘŻCZYZNA,235
JULIUSZ,MĘŻCZYZNA,233
RADOSŁAW,MĘŻCZYZNA,232
ALEXANDER,MĘŻCZYZNA,223
JEREMI,MĘŻCZYZNA,220
MATVII,MĘŻCZYZNA,214
OLEKSANDR,MĘŻCZYZNA,213
MAREK,MĘŻCZYZNA,211
LUCJAN,MĘŻCZYZNA,206
SAMUEL,MĘŻCZYZNA,202
ROMAN,MĘŻCZYZNA,192
IWO,MĘŻCZYZNA,186
KORDIAN,MĘŻCZYZNA,182
ALBERT,MĘŻCZYZNA,181
ANDRZEJ,MĘŻCZYZNA,170
DORIAN,MĘŻCZYZNA,165
BENIAMIN,MĘŻCZYZNA,163
JĘDRZEJ,MĘŻCZYZNA,156
ARKADIUSZ,MĘŻCZYZNA,150
LUDWIK,MĘŻCZYZNA,149
HUGO,MĘŻCZYZNA,149
MAURYCY,MĘŻCZYZNA,147
GRACJAN,MĘŻCZYZNA,146
WŁADYSŁAW,MĘŻCZYZNA,142
DMYTRO,MĘŻCZYZNA,142
MAKAR,MĘŻCZYZNA,136
FRYDERYK,MĘŻCZYZNA,135
JACEK,MĘŻCZYZNA,132
MYKHAILO,MĘŻCZYZNA,130
BOGDAN,MĘŻCZYZNA,130
TIMUR,MĘŻCZYZNA,129
EDWARD,MĘŻCZYZNA,126
MAKS,MĘŻCZYZNA,126
OLIVER,MĘŻCZYZNA,121
JEREMIASZ,MĘŻCZYZNA,120
DANYLO,MĘŻCZYZNA,119
BRAJAN,MĘŻCZYZNA,118
ALEKSY,MĘŻCZYZNA,118
ERNEST,MĘŻCZYZNA,116
IVAN,MĘŻCZYZNA,115
TYMOFII,MĘŻCZYZNA,114
NAZAR,MĘŻCZYZNA,114
VINCENT,MĘŻCZYZNA,114
DAMIR,MĘŻCZYZNA,111
LIAM,MĘŻCZYZNA,111
SEWERYN,MĘŻCZYZNA,107
LEV,MĘŻCZYZNA,107
VLADYSLAV,MĘŻCZYZNA,102
NIKITA,MĘŻCZYZNA,101
MIRON,MĘŻCZYZNA,100
WINCENTY,MĘŻCZYZNA,97
DANIIL,MĘŻCZYZNA,96
DAVYD,MĘŻCZYZNA,93
OLGIERD,MĘŻCZYZNA,93
CYPRIAN,MĘŻCZYZNA,89
DENIS,MĘŻCZYZNA,89
BOHDAN,MĘŻCZYZNA,84
MAXIMILIAN,MĘŻCZYZNA,84
NORBERT,MĘŻCZYZNA,83
MAX,MĘŻCZYZNA,78
ARON,MĘŻCZYZNA,76
ILLIA,MĘŻCZYZNA,74
VIKTOR,MĘŻCZYZNA,73
DARIUSZ,MĘŻCZYZNA,73
MATVIY,MĘŻCZYZNA,71
ANDRII,MĘŻCZYZNA,71
LUKA,MĘŻCZYZNA,70
YAROSLAV,MĘŻCZYZNA,70
TYTUS,MĘŻCZYZNA,69
KOSMA,MĘŻCZYZNA,68
MARKO,MĘŻCZYZNA,66
MAKSIM,MĘŻCZYZNA,66
MARTIN,MĘŻCZYZNA,64
VOLODYMYR,MĘŻCZYZNA,61
ZBIGNIEW,MĘŻCZYZNA,61
EMILIAN,MĘŻCZYZNA,60
OLIWER,MĘŻCZYZNA,59
TEO,MĘŻCZYZNA,58
LEONARDO,MĘŻCZYZNA,58
ARSEN,MĘŻCZYZNA,57
LEW,MĘŻCZYZNA,56
WINCENT,MĘŻCZYZNA,56
ZACHARY,MĘŻCZYZNA,55
SYLWESTER,MĘŻCZYZNA,54
MARCELI,MĘŻCZYZNA,54
BOLESŁAW,MĘŻCZYZNA,53
OKTAWIAN,MĘŻCZYZNA,52
GNIEWOMIR,MĘŻCZYZNA,52
AMADEUSZ,MĘŻCZYZNA,51
LEOPOLD,MĘŻCZYZNA,51
DEMIAN,MĘŻCZYZNA,50
BOGUMIŁ,MĘŻCZYZNA,50
SVIATOSLAV,MĘŻCZYZNA,50
PLATON,MĘŻCZYZNA,50
ZAKHAR,MĘŻCZYZNA,49
MIROSŁAW,MĘŻCZYZNA,49
NICOLAS,MĘŻCZYZNA,49
BERNARD,MĘŻCZYZNA,49
JOACHIM,MĘŻCZYZNA,49
GNIEWKO,MĘŻCZYZNA,48
BENJAMIN,MĘŻCZYZNA,47
SZCZEPAN,MĘŻCZYZNA,47
KEVIN,MĘŻCZYZNA,47
NATHAN,MĘŻCZYZNA,47
DENYS,MĘŻCZYZNA,46
NIKOLAS,MĘŻCZYZNA,46
TYMUR,MĘŻCZYZNA,46
ELIASZ,MĘŻCZYZNA,45
BOGUSŁAW,MĘŻCZYZNA,45
FRANEK,MĘŻCZYZNA,42
MARIUSZ,MĘŻCZYZNA,42
VICTOR,MĘŻCZYZNA,42
OREST,MĘŻCZYZNA,41
BRUNON,MĘŻCZYZNA,41
JAROSŁAW,MĘŻCZYZNA,40
FELICJAN,MĘŻCZYZNA,40
IVO,MĘŻCZYZNA,40
KLEMENS,MĘŻCZYZNA,40
CZESŁAW,MĘŻCZYZNA,40
OSTAP,MĘŻCZYZNA,39
KYRYLO,MĘŻCZYZNA,38
JONATAN,MĘŻCZYZNA,38
KASJAN,MĘŻCZYZNA,37
YEHOR,MĘŻCZYZNA,37
LESZEK,MĘŻCZYZNA,37
KORNELIUSZ,MĘŻCZYZNA,36
ZIEMOWIT,MĘŻCZYZNA,36
AARON,MĘŻCZYZNA,36
MYKYTA,MĘŻCZYZNA,36
BENEDYKT,MĘŻCZYZNA,36
NOAH,MĘŻCZYZNA,35
KIRILL,MĘŻCZYZNA,34
JONASZ,MĘŻCZYZNA,34
KASPIAN,MĘŻCZYZNA,34
EDMUND,MĘŻCZYZNA,34
EMANUEL,MĘŻCZYZNA,34
OLEKSII,MĘŻCZYZNA,34
MYROSLAV,MĘŻCZYZNA,33
MATVEY,MĘŻCZYZNA,33
OSCAR,MĘŻCZYZNA,33
YAN,MĘŻCZYZNA,32
FELIX,MĘŻCZYZNA,32
OLEK,MĘŻCZYZNA,31
NOE,MĘŻCZYZNA,31
MYRON,MĘŻCZYZNA,31
XAVIER,MĘŻCZYZNA,31
MYKOLA,MĘŻCZYZNA,31
HEKTOR,MĘŻCZYZNA,30
VLADISLAV,MĘŻCZYZNA,30
BASTIAN,MĘŻCZYZNA,30
HENRY,MĘŻCZYZNA,30
THEO,MĘŻCZYZNA,29
STANISLAV,MĘŻCZYZNA,29
MIECZYSŁAW,MĘŻCZYZNA,28
DANIL,MĘŻCZYZNA,27
ROCH,MĘŻCZYZNA,27
KSAWIER,MĘŻCZYZNA,27
PAVLO,MĘŻCZYZNA,27
DANYIL,MĘŻCZYZNA,27
ANATOL,MĘŻCZYZNA,26
ZYGMUNT,MĘŻCZYZNA,26
MARIAN,MĘŻCZYZNA,26
ERIK,MĘŻCZYZNA,26
MIKHAIL,MĘŻCZYZNA,26
NOEL,MĘŻCZYZNA,26
WILLIAM,MĘŻCZYZNA,26
SŁAWOMIR,MĘŻCZYZNA,25
TYMOFIY,MĘŻCZYZNA,25
KIRIL,MĘŻCZYZNA,25
BRONISŁAW,MĘŻCZYZNA,25
TIMOFEY,MĘŻCZYZNA,25
OLEG,MĘŻCZYZNA,25
SERGIUSZ,MĘŻCZYZNA,24
NIKO,MĘŻCZYZNA,24
ANTON,MĘŻCZYZNA,24
MAXIM,MĘŻCZYZNA,24
ALEK,MĘŻCZYZNA,23
EGOR,MĘŻCZYZNA,23
ANTHONY,MĘŻCZYZNA,22
BARTEK,MĘŻCZYZNA,22
ANTONIO,MĘŻCZYZNA,22
MICHAEL,MĘŻCZYZNA,22
KAI,MĘŻCZYZNA,22
LUCAS,MĘŻCZYZNA,22
ALEKSANDR,MĘŻCZYZNA,22
MAXYMILIAN,MĘŻCZYZNA,22
GLEB,MĘŻCZYZNA,22
AUGUST,MĘŻCZYZNA,21
ROSTYSLAV,MĘŻCZYZNA,21
ILYA,MĘŻCZYZNA,21
AMIR,MĘŻCZYZNA,21
SERHII,MĘŻCZYZNA,21
NATHANIEL,MĘŻCZYZNA,21
ZAHAR,MĘŻCZYZNA,21
ILIA,MĘŻCZYZNA,21
MATEO,MĘŻCZYZNA,20
KONSTANTYN,MĘŻCZYZNA,20
GERARD,MĘŻCZYZNA,20
GNIEWOSZ,MĘŻCZYZNA,20
LUCA,MĘŻCZYZNA,20
IRENEUSZ,MĘŻCZYZNA,20
KOSTIANTYN,MĘŻCZYZNA,20
AUGUSTYN,MĘŻCZYZNA,19
KYRYL,MĘŻCZYZNA,19
RUSLAN,MĘŻCZYZNA,19
ZACHARIASZ,MĘŻCZYZNA,18
LUIS,MĘŻCZYZNA,18
KEWIN,MĘŻCZYZNA,18
USTYM,MĘŻCZYZNA,18
WALDEMAR,MĘŻCZYZNA,17
VADYM,MĘŻCZYZNA,17
MAKARY,MĘŻCZYZNA,17
TYMOFIJ,MĘŻCZYZNA,17
RAFAEL,MĘŻCZYZNA,17
ELIAS,MĘŻCZYZNA,17
WIT,MĘŻCZYZNA,17
MIROSLAV,MĘŻCZYZNA,16
THEODOR,MĘŻCZYZNA,16
YURII,MĘŻCZYZNA,16
STEPAN,MĘŻCZYZNA,16
TARAS,MĘŻCZYZNA,16
LEONID,MĘŻCZYZNA,16
LOUIS,MĘŻCZYZNA,16
ERWIN,MĘŻCZYZNA,16
IWAN,MĘŻCZYZNA,16
MARSEL,MĘŻCZYZNA,16
DMITRIJ,MĘŻCZYZNA,16
SAMBOR,MĘŻCZYZNA,16
DOBROMIR,MĘŻCZYZNA,16
MATWIJ,MĘŻCZYZNA,16
IHOR,MĘŻCZYZNA,15
YEVHEN,MĘŻCZYZNA,15
LUKIAN,MĘŻCZYZNA,15
EMIR,MĘŻCZYZNA,15
DOMINIC,MĘŻCZYZNA,15
ALI,MĘŻCZYZNA,15
KRZESIMIR,MĘŻCZYZNA,15
PAVEL,MĘŻCZYZNA,15
RENAT,MĘŻCZYZNA,14
DANILO,MĘŻCZYZNA,14
RAYAN,MĘŻCZYZNA,14
BRAYAN,MĘŻCZYZNA,14
FRANK,MĘŻCZYZNA,14
KONSTANTIN,MĘŻCZYZNA,14
ANTEK,MĘŻCZYZNA,14
TEOFIL,MĘŻCZYZNA,14
OLEH,MĘŻCZYZNA,14
JACOB,MĘŻCZYZNA,14
VASYL,MĘŻCZYZNA,14
HIERONIM,MĘŻCZYZNA,14
THOMAS,MĘŻCZYZNA,14
JANUSZ,MĘŻCZYZNA,14
MARCO,MĘŻCZYZNA,14
WOJTEK,MĘŻCZYZNA,14
COLIN,MĘŻCZYZNA,13
RAGNAR,MĘŻCZYZNA,13
SIMON,MĘŻCZYZNA,13
ARMIN,MĘŻCZYZNA,13
DEMYAN,MĘŻCZYZNA,13
ZACHAR,MĘŻCZYZNA,13
MATVEI,MĘŻCZYZNA,13
ANDRIJ,MĘŻCZYZNA,13
AXEL,MĘŻCZYZNA,13
GUSTAV,MĘŻCZYZNA,13
RICHARD,MĘŻCZYZNA,13
ANDRIY,MĘŻCZYZNA,13
MILO,MĘŻCZYZNA,13
JEGOR,MĘŻCZYZNA,12
LUKAS,MĘŻCZYZNA,12
JAROSLAV,MĘŻCZYZNA,12
TADEI,MĘŻCZYZNA,12
ELDAR,MĘŻCZYZNA,12
JAMES,MĘŻCZYZNA,12
JAKOB,MĘŻCZYZNA,12
MARKUS,MĘŻCZYZNA,12
VENIAMIN,MĘŻCZYZNA,12
MARCUS,MĘŻCZYZNA,12
SVYATOSLAV,MĘŻCZYZNA,12
DIEGO,MĘŻCZYZNA,12
MATTEO,MĘŻCZYZNA,12
LUCJUSZ,MĘŻCZYZNA,12
YEVHENII,MĘŻCZYZNA,12
SANTIAGO,MĘŻCZYZNA,12
ARTHUR,MĘŻCZYZNA,12
IAN,MĘŻCZYZNA,11
NICO,MĘŻCZYZNA,11
NESTOR,MĘŻCZYZNA,11
WILHELM,MĘŻCZYZNA,11
KASPER,MĘŻCZYZNA,11
WIESŁAW,MĘŻCZYZNA,11
EUGENIUSZ,MĘŻCZYZNA,11
MANUEL,MĘŻCZYZNA,11
WŁODZIMIERZ,MĘŻCZYZNA,11
ARSENII,MĘŻCZYZNA,11
MYKHAIL,MĘŻCZYZNA,11
MATVIJ,MĘŻCZYZNA,11
EMMANUEL,MĘŻCZYZNA,11
MICHAIL,MĘŻCZYZNA,10
DIONIZY,MĘŻCZYZNA,10
ENZO,MĘŻCZYZNA,10
MUHAMMAD,MĘŻCZYZNA,10
THEODORE,MĘŻCZYZNA,10
KILIAN,MĘŻCZYZNA,10
HLIB,MĘŻCZYZNA,10
JAROSLAW,MĘŻCZYZNA,10
FRANCESCO,MĘŻCZYZNA,10
ROSTISLAV,MĘŻCZYZNA,10
NICHOLAS,MĘŻCZYZNA,10
YEGOR,MĘŻCZYZNA,10
VSEVOLOD,MĘŻCZYZNA,10
RUBEN,MĘŻCZYZNA,10
STANISLAW,MĘŻCZYZNA,10
ILLYA,MĘŻCZYZNA,10
CYRYL,MĘŻCZYZNA,10
LORENZO,MĘŻCZYZNA,10
ARIEL,MĘŻCZYZNA,10
NATANAEL,MĘŻCZYZNA,10
LESŁAW,MĘŻCZYZNA,9
EDWIN,MĘŻCZYZNA,9
MASSIMO,MĘŻCZYZNA,9
PHILIP,MĘŻCZYZNA,9
ETHAN,MĘŻCZYZNA,9
ITAN,MĘŻCZYZNA,9
KLAUDIUSZ,MĘŻCZYZNA,9
JORDAN,MĘŻCZYZNA,9
GEORGE,MĘŻCZYZNA,9
ARSENIJ,MĘŻCZYZNA,9
ZDZISŁAW,MĘŻCZYZNA,9
MIROSLAW,MĘŻCZYZNA,9
LIUBOMYR,MĘŻCZYZNA,9
ARIAN,MĘŻCZYZNA,9
NAZARII,MĘŻCZYZNA,9
TIMOTHY,MĘŻCZYZNA,9
ERIC,MĘŻCZYZNA,9
EDGAR,MĘŻCZYZNA,9
DYLAN,MĘŻCZYZNA,9
LUBOMIR,MĘŻCZYZNA,9
EMILIO,MĘŻCZYZNA,9
MIKOLAJ,MĘŻCZYZNA,9
HERMAN,MĘŻCZYZNA,9
KRYSPIN,MĘŻCZYZNA,8
PETRO,MĘŻCZYZNA,8
TIMOFII,MĘŻCZYZNA,8
VADIM,MĘŻCZYZNA,8
PATRICK,MĘŻCZYZNA,8
JONATHAN,MĘŻCZYZNA,8
JOEL,MĘŻCZYZNA,8
ŚWIATOSŁAW,MĘŻCZYZNA,8
BAZYLI,MĘŻCZYZNA,8
SEMEN,MĘŻCZYZNA,8
KAJ,MĘŻCZYZNA,8
SAVELII,MĘŻCZYZNA,8
DAJAN,MĘŻCZYZNA,8
OLEKSIY,MĘŻCZYZNA,8
HORDII,MĘŻCZYZNA,8
MICHAL,MĘŻCZYZNA,8
XAWERY,MĘŻCZYZNA,8
JOSZKO,MĘŻCZYZNA,8
ILJA,MĘŻCZYZNA,8
MIKITA,MĘŻCZYZNA,8
KRISTIAN,MĘŻCZYZNA,8
ANDREY,MĘŻCZYZNA,8
DMITRY,MĘŻCZYZNA,8
EVAN,MĘŻCZYZNA,8
RODION,MĘŻCZYZNA,8
RADOMIR,MĘŻCZYZNA,8
PAWEL,MĘŻCZYZNA,8
JOSEPH,MĘŻCZYZNA,7
LUKYAN,MĘŻCZYZNA,7
ROMEO,MĘŻCZYZNA,7
TIAGO,MĘŻCZYZNA,7
LÉON,MĘŻCZYZNA,7
ANDREI,MĘŻCZYZNA,7
SYRIUSZ,MĘŻCZYZNA,7
JANEK,MĘŻCZYZNA,7
AURELIUSZ,MĘŻCZYZNA,7
GILBERT,MĘŻCZYZNA,7
ILIAN,MĘŻCZYZNA,7
LECH,MĘŻCZYZNA,7
VALENTINO,MĘŻCZYZNA,7
JAREMA,MĘŻCZYZNA,7
TYMEK,MĘŻCZYZNA,7
ALFRED,MĘŻCZYZNA,7
YAREMA,MĘŻCZYZNA,7
VIACHESLAV,MĘŻCZYZNA,7
ARTSIOM,MĘŻCZYZNA,6
TIGRAN,MĘŻCZYZNA,6
DMITRO,MĘŻCZYZNA,6
TIMOFEI,MĘŻCZYZNA,6
IZAAK,MĘŻCZYZNA,6
DMITRII,MĘŻCZYZNA,6
TYBERIUSZ,MĘŻCZYZNA,6
RATMIR,MĘŻCZYZNA,6
SEVERYN,MĘŻCZYZNA,6
JOSHUA,MĘŻCZYZNA,6
CHRISTOPHER,MĘŻCZYZNA,6
ANTONY,MĘŻCZYZNA,6
ANATOLII,MĘŻCZYZNA,6
RYAN,MĘŻCZYZNA,6
LEU,MĘŻCZYZNA,6
VITALII,MĘŻCZYZNA,6
ARSENIY,MĘŻCZYZNA,6
MIHAIL,MĘŻCZYZNA,6
ZAYN,MĘŻCZYZNA,6
SOLOMON,MĘŻCZYZNA,6
OLEKSANDER,MĘŻCZYZNA,6
ZAKHARII,MĘŻCZYZNA,6
PAUL,MĘŻCZYZNA,6
OMAR,MĘŻCZYZNA,6
DARII,MĘŻCZYZNA,6
AMBROŻY,MĘŻCZYZNA,6
RINAT,MĘŻCZYZNA,6
HECTOR,MĘŻCZYZNA,6
KYRYLL,MĘŻCZYZNA,6
WAWRZYNIEC,MĘŻCZYZNA,6
VLAD,MĘŻCZYZNA,6
MALIK,MĘŻCZYZNA,5
ARTEMII,MĘŻCZYZNA,5
CHARLIE,MĘŻCZYZNA,5
LOGAN,MĘŻCZYZNA,5
ISMAEL,MĘŻCZYZNA,5
DANYL,MĘŻCZYZNA,5
ALEXANDROS,MĘŻCZYZNA,5
MAGNUS,MĘŻCZYZNA,5
OLES,MĘŻCZYZNA,5
ADEM,MĘŻCZYZNA,5
KSAVIER,MĘŻCZYZNA,5
MATTHEW,MĘŻCZYZNA,5
TYCJAN,MĘŻCZYZNA,5
AIDEN,MĘŻCZYZNA,5
TOBIAS,MĘŻCZYZNA,5
KARIM,MĘŻCZYZNA,5
EDUARD,MĘŻCZYZNA,5
MIKHAILO,MĘŻCZYZNA,5
ORION,MĘŻCZYZNA,5
KIRYL,MĘŻCZYZNA,5
DYMITR,MĘŻCZYZNA,5
KALEB,MĘŻCZYZNA,5
ZENON,MĘŻCZYZNA,5
CHRISTIAN,MĘŻCZYZNA,5
LIO,MĘŻCZYZNA,5
JONAS,MĘŻCZYZNA,5
MYKHAYLO,MĘŻCZYZNA,5
HEORHII,MĘŻCZYZNA,5
IVAR,MĘŻCZYZNA,5
GORDII,MĘŻCZYZNA,5
DEMIR,MĘŻCZYZNA,5
PASCAL,MĘŻCZYZNA,5
SELIM,MĘŻCZYZNA,5
SIEMOWIT,MĘŻCZYZNA,5
YUSUF,MĘŻCZYZNA,5
IBRAHIM,MĘŻCZYZNA,5
SANDRO,MĘŻCZYZNA,5
GERALD,MĘŻCZYZNA,5
YOUSSEF,MĘŻCZYZNA,5
NIKLAS,MĘŻCZYZNA,5
YELISEI,MĘŻCZYZNA,5
CARLOS,MĘŻCZYZNA,5
FRANCISCO,MĘŻCZYZNA,5
ARNOLD,MĘŻCZYZNA,5
ENES,MĘŻCZYZNA,5
SERAFIN,MĘŻCZYZNA,5
LARS,MĘŻCZYZNA,5
JOHN,MĘŻCZYZNA,5
ARES,MĘŻCZYZNA,5
LEONIDAS,MĘŻCZYZNA,5
TRISTAN,MĘŻCZYZNA,5
MIRAN,MĘŻCZYZNA,5
ZLATAN,MĘŻCZYZNA,5
FEDERICO,MĘŻCZYZNA,5
MAXIME,MĘŻCZYZNA,5
MATWII,MĘŻCZYZNA,5
LEVI,MĘŻCZYZNA,4
HERBERT,MĘŻCZYZNA,4
NIKOLOZI,MĘŻCZYZNA,4
MODEST,MĘŻCZYZNA,4
STANISLAS,MĘŻCZYZNA,4
VITO,MĘŻCZYZNA,4
CHARLES,MĘŻCZYZNA,4
DIMA,MĘŻCZYZNA,4
PABLO,MĘŻCZYZNA,4
CASPER,MĘŻCZYZNA,4
AKIM,MĘŻCZYZNA,4
ROBIN,MĘŻCZYZNA,4
TADEJ,MĘŻCZYZNA,4
ELIOT,MĘŻCZYZNA,4
TSIMAFEI,MĘŻCZYZNA,4
TOM,MĘŻCZYZNA,4
GIORGI,MĘŻCZYZNA,4
SAMIR,MĘŻCZYZNA,4
ALEXANDRE,MĘŻCZYZNA,4
FERDYNAND,MĘŻCZYZNA,4
IGNAT,MĘŻCZYZNA,4
MYCHAJLO,MĘŻCZYZNA,4
ROMUALD,MĘŻCZYZNA,4
ALESSIO,MĘŻCZYZNA,4
JASON,MĘŻCZYZNA,4
TYKHON,MĘŻCZYZNA,4
VITALIY,MĘŻCZYZNA,4
ANDRIA,MĘŻCZYZNA,4
MAKSIMILIAN,MĘŻCZYZNA,4
SWIATOSŁAW,MĘŻCZYZNA,4
GAWEŁ,MĘŻCZYZNA,4
YAKUB,MĘŻCZYZNA,4
LION,MĘŻCZYZNA,4
PHILIPP,MĘŻCZYZNA,4
LUDWIG,MĘŻCZYZNA,4
DAWYD,MĘŻCZYZNA,4
YOUSEF,MĘŻCZYZNA,4
MIŁOSŁAW,MĘŻCZYZNA,4
JAROMIR,MĘŻCZYZNA,4
TIMOFIJ,MĘŻCZYZNA,4
ARTIOM,MĘŻCZYZNA,4
MATIAS,MĘŻCZYZNA,4
YURIY,MĘŻCZYZNA,4
GERALT,MĘŻCZYZNA,4
FABIO,MĘŻCZYZNA,4
ANGELO,MĘŻCZYZNA,4
MIKE,MĘŻCZYZNA,4
MIKAEL,MĘŻCZYZNA,4
RADZIMIR,MĘŻCZYZNA,4
MATWIEJ,MĘŻCZYZNA,4
ELISEI,MĘŻCZYZNA,4
GABRIELI,MĘŻCZYZNA,4
APOLONIUSZ,MĘŻCZYZNA,4
MAXIMUS,MĘŻCZYZNA,4
MURAT,MĘŻCZYZNA,4
JASPER,MĘŻCZYZNA,4
EMIN,MĘŻCZYZNA,4
NICODEM,MĘŻCZYZNA,4
MUHAMMED,MĘŻCZYZNA,4
MYROSLAW,MĘŻCZYZNA,4
JAMIE,MĘŻCZYZNA,4
GORAN,MĘŻCZYZNA,4
ALEXANDR,MĘŻCZYZNA,4
ELIAN,MĘŻCZYZNA,4
KLIM,MĘŻCZYZNA,4
SAJMON,MĘŻCZYZNA,4
EVGENIY,MĘŻCZYZNA,4
AKSEL,MĘŻCZYZNA,4
DEMID,MĘŻCZYZNA,4
MARKIIAN,MĘŻCZYZNA,4
ANDREW,MĘŻCZYZNA,4
ANDRIAN,MĘŻCZYZNA,4
AHMED,MĘŻCZYZNA,4
IACOB,MĘŻCZYZNA,4
ASLAN,MĘŻCZYZNA,4
JACK,MĘŻCZYZNA,4
YEVGEN,MĘŻCZYZNA,3
DARIO,MĘŻCZYZNA,3
AVRAM,MĘŻCZYZNA,3
VALERII,MĘŻCZYZNA,3
JOSÉ,MĘŻCZYZNA,3
GABOR,MĘŻCZYZNA,3
LIWIUSZ,MĘŻCZYZNA,3
JURIJ,MĘŻCZYZNA,3
RODRIGO,MĘŻCZYZNA,3
DAVIT,MĘŻCZYZNA,3
APOLINARY,MĘŻCZYZNA,3
MATHIAS,MĘŻCZYZNA,3
IOANE,MĘŻCZYZNA,3
BOGUSZ,MĘŻCZYZNA,3
DEMETRE,MĘŻCZYZNA,3
KOSTEK,MĘŻCZYZNA,3
NADAR,MĘŻCZYZNA,3
ADEN,MĘŻCZYZNA,3
NINO,MĘŻCZYZNA,3
MASON,MĘŻCZYZNA,3
AYAZ,MĘŻCZYZNA,3
SAVVA,MĘŻCZYZNA,3
ALLAN,MĘŻCZYZNA,3
SERGIY,MĘŻCZYZNA,3
NIKOLOZ,MĘŻCZYZNA,3
ADIL,MĘŻCZYZNA,3
SERAFIM,MĘŻCZYZNA,3
SERHIY,MĘŻCZYZNA,3
DUY ANH,MĘŻCZYZNA,3
BENON,MĘŻCZYZNA,3
THIAGO,MĘŻCZYZNA,3
ABDULLAH,MĘŻCZYZNA,3
SANI,MĘŻCZYZNA,3
VYACHESLAV,MĘŻCZYZNA,3
ALOJZY,MĘŻCZYZNA,3
MARCJAN,MĘŻCZYZNA,3
MAXIMILLIAN,MĘŻCZYZNA,3
ANTOINE,MĘŻCZYZNA,3
MARKIYAN,MĘŻCZYZNA,3
ILYAS,MĘŻCZYZNA,3
DACJAN,MĘŻCZYZNA,3
KENAN,MĘŻCZYZNA,3
SAMI,MĘŻCZYZNA,3
VIGGO,MĘŻCZYZNA,3
LUKJAN,MĘŻCZYZNA,3
WLADYSLAW,MĘŻCZYZNA,3
FEDOR,MĘŻCZYZNA,3
PEDRO,MĘŻCZYZNA,3
AYAAN,MĘŻCZYZNA,3
ALIAKSANDR,MĘŻCZYZNA,3
OTIS,MĘŻCZYZNA,3
ELIZEUSZ,MĘŻCZYZNA,3
MILANO,MĘŻCZYZNA,3
FREDERICK,MĘŻCZYZNA,3
SAID,MĘŻCZYZNA,3
ADRIANO,MĘŻCZYZNA,3
RUDOLF,MĘŻCZYZNA,3
ARKADIY,MĘŻCZYZNA,3
PETER,MĘŻCZYZNA,3
MATWIY,MĘŻCZYZNA,3
ALEKSIEJ,MĘŻCZYZNA,3
JULIUS,MĘŻCZYZNA,3
BRANDON,MĘŻCZYZNA,3
ARMEN,MĘŻCZYZNA,3
RUSTAM,MĘŻCZYZNA,3
JUSTYN,MĘŻCZYZNA,3
TIKHON,MĘŻCZYZNA,3
ZBYSZKO,MĘŻCZYZNA,3
ALBERTO,MĘŻCZYZNA,3
MARTYN,MĘŻCZYZNA,3
ARYAN,MĘŻCZYZNA,3
DENNIS,MĘŻCZYZNA,3
ANDREAS,MĘŻCZYZNA,3
SANTINO,MĘŻCZYZNA,3
NILAN,MĘŻCZYZNA,3
DEVID,MĘŻCZYZNA,3
BEN,MĘŻCZYZNA,3
WITOSŁAW,MĘŻCZYZNA,3
NAREK,MĘŻCZYZNA,3
RAMAN,MĘŻCZYZNA,3
APOLLO,MĘŻCZYZNA,3
HRYHORII,MĘŻCZYZNA,3
YASIN,MĘŻCZYZNA,3
HLIEB,MĘŻCZYZNA,3
JOSEF,MĘŻCZYZNA,3
RICCARDO,MĘŻCZYZNA,3
ZAYAN,MĘŻCZYZNA,3
OMELIAN,MĘŻCZYZNA,3
TOMMY,MĘŻCZYZNA,3
AYAN,MĘŻCZYZNA,3
ISRAEL,MĘŻCZYZNA,3
GERMAN,MĘŻCZYZNA,3
MIGUEL,MĘŻCZYZNA,3
MARYAN,MĘŻCZYZNA,3
LUCIANO,MĘŻCZYZNA,3
JUSTIN,MĘŻCZYZNA,3
MATHEO,MĘŻCZYZNA,3
FIODOR,MĘŻCZYZNA,3
NIKOLAI,MĘŻCZYZNA,3
VALENTYN,MĘŻCZYZNA,3
DANTE,MĘŻCZYZNA,3
JAYDEN,MĘŻCZYZNA,3
CRISTIAN,MĘŻCZYZNA,3
OTTO,MĘŻCZYZNA,3
CONAN,MĘŻCZYZNA,3
LENNY,MĘŻCZYZNA,3
BALTAZAR,MĘŻCZYZNA,3
BRYAN,MĘŻCZYZNA,3
ORLANDO,MĘŻCZYZNA,3
ROLAND,MĘŻCZYZNA,3
ALEKSANDRE,MĘŻCZYZNA,3
TAMERLAN,MĘŻCZYZNA,3
NOLAN,MĘŻCZYZNA,3
RADEK,MĘŻCZYZNA,3
MYCHAJŁO,MĘŻCZYZNA,3
JEWGIENIJ,MĘŻCZYZNA,3
GORDIY,MĘŻCZYZNA,3
KENZO,MĘŻCZYZNA,3
DANILA,MĘŻCZYZNA,3
IDRIS,MĘŻCZYZNA,3
ELMIR,MĘŻCZYZNA,3
OMER,MĘŻCZYZNA,3
ILAI,MĘŻCZYZNA,3
TRAIAN,MĘŻCZYZNA,3
DENIZ,MĘŻCZYZNA,3
KONAN,MĘŻCZYZNA,3
ALEKSEY,MĘŻCZYZNA,3
SWIATOSLAW,MĘŻCZYZNA,3
MILIAN,MĘŻCZYZNA,3
TAMIRLAN,MĘŻCZYZNA,3
EWAN,MĘŻCZYZNA,3
MOHAMMAD,MĘŻCZYZNA,3
CELESTYN,MĘŻCZYZNA,3
AMIN,MĘŻCZYZNA,3
MIKO,MĘŻCZYZNA,3
KIRYŁ,MĘŻCZYZNA,3
SAVELIY,MĘŻCZYZNA,2
ZEUS,MĘŻCZYZNA,2
ZAMIR,MĘŻCZYZNA,2
ARTEMIY,MĘŻCZYZNA,2
YURI,MĘŻCZYZNA,2
GORDEY,MĘŻCZYZNA,2
MIHAILO,MĘŻCZYZNA,2
ALESSANDRO,MĘŻCZYZNA,2
MAXYMILLIAN,MĘŻCZYZNA,2
BENICIO,MĘŻCZYZNA,2
KIAN,MĘŻCZYZNA,2
DILAN,MĘŻCZYZNA,2
KHALID,MĘŻCZYZNA,2
YEREMIY,MĘŻCZYZNA,2
SYMON,MĘŻCZYZNA,2
WIACZESŁAW,MĘŻCZYZNA,2
REUBEN,MĘŻCZYZNA,2
HARRY,MĘŻCZYZNA,2
DAUD,MĘŻCZYZNA,2
ASMAN,MĘŻCZYZNA,2
RIO,MĘŻCZYZNA,2
SALWADOR,MĘŻCZYZNA,2
SAMSON,MĘŻCZYZNA,2
VALENTIN,MĘŻCZYZNA,2
ZORYAN,MĘŻCZYZNA,2
VIVAAN,MĘŻCZYZNA,2
MAXIMILIEN,MĘŻCZYZNA,2
MATEJ,MĘŻCZYZNA,2
ALİ,MĘŻCZYZNA,2
MATVIEY,MĘŻCZYZNA,2
ILIJA,MĘŻCZYZNA,2
MATWEJ,MĘŻCZYZNA,2
KHAMZA,MĘŻCZYZNA,2
AIDAR,MĘŻCZYZNA,2
ELMAR,MĘŻCZYZNA,2
ALPARSLAN,MĘŻCZYZNA,2
BJÖRN,MĘŻCZYZNA,2
ANDRÉ,MĘŻCZYZNA,2
NIKOLAJ,MĘŻCZYZNA,2
MIKOLA,MĘŻCZYZNA,2
YIGIT,MĘŻCZYZNA,2
LANDO,MĘŻCZYZNA,2
ALIM,MĘŻCZYZNA,2
FIODAR,MĘŻCZYZNA,2
AHMAD,MĘŻCZYZNA,2
HENRIK,MĘŻCZYZNA,2
SAIAN,MĘŻCZYZNA,2
RIKARDO,MĘŻCZYZNA,2
MELCHIOR,MĘŻCZYZNA,2
GAEL,MĘŻCZYZNA,2
ATHARV,MĘŻCZYZNA,2
DARIUS,MĘŻCZYZNA,2
MARAT,MĘŻCZYZNA,2
ALEC,MĘŻCZYZNA,2
MATTIA,MĘŻCZYZNA,2
EREN,MĘŻCZYZNA,2
NESIM,MĘŻCZYZNA,2
DASTIN,MĘŻCZYZNA,2
ISAIAH,MĘŻCZYZNA,2
KUZEY,MĘŻCZYZNA,2
MAISON,MĘŻCZYZNA,2
LUBOMYR,MĘŻCZYZNA,2
BRONISLAV,MĘŻCZYZNA,2
MUSTAFA,MĘŻCZYZNA,2
DARIAN,MĘŻCZYZNA,2
AURELIANO,MĘŻCZYZNA,2
PARYS,MĘŻCZYZNA,2
MACIEK,MĘŻCZYZNA,2
TIMO,MĘŻCZYZNA,2
DMITRIY,MĘŻCZYZNA,2
OLIVIA,MĘŻCZYZNA,2
MARCELO,MĘŻCZYZNA,2
WALERIAN,MĘŻCZYZNA,2
ROSTISŁAW,MĘŻCZYZNA,2
ALISTER,MĘŻCZYZNA,2
MATEI,MĘŻCZYZNA,2
ARAM,MĘŻCZYZNA,2
RICARDO,MĘŻCZYZNA,2
SAVELY,MĘŻCZYZNA,2
YASH,MĘŻCZYZNA,2
MAYANK,MĘŻCZYZNA,2
TIM,MĘŻCZYZNA,2
MICHAIŁ,MĘŻCZYZNA,2
UMAR,MĘŻCZYZNA,2
EMİR,MĘŻCZYZNA,2
MARKIAN,MĘŻCZYZNA,2
FLORIN,MĘŻCZYZNA,2
NIKOLA,MĘŻCZYZNA,2
TOMA,MĘŻCZYZNA,2
LAWRENCE,MĘŻCZYZNA,2
DIMITRI,MĘŻCZYZNA,2
JINGHENG,MĘŻCZYZNA,2
RAJMUND,MĘŻCZYZNA,2
STSIAPAN,MĘŻCZYZNA,2
ANDREA,MĘŻCZYZNA,2
JESAJA,MĘŻCZYZNA,2
VADZIM,MĘŻCZYZNA,2
FINLEY,MĘŻCZYZNA,2
MAJKEL,MĘŻCZYZNA,2
GIA BAO,MĘŻCZYZNA,2
RAUL,MĘŻCZYZNA,2
IGO,MĘŻCZYZNA,2
SERAFYM,MĘŻCZYZNA,2
AGASTYA,MĘŻCZYZNA,2
SVEN,MĘŻCZYZNA,2
AZAT,MĘŻCZYZNA,2
WITEK,MĘŻCZYZNA,2
ELISEY,MĘŻCZYZNA,2
ZACK,MĘŻCZYZNA,2
NOAM,MĘŻCZYZNA,2
PRZEMEK,MĘŻCZYZNA,2
SALOMON,MĘŻCZYZNA,2
CAMERON,MĘŻCZYZNA,2
SYED,MĘŻCZYZNA,2
SLAWOMIR,MĘŻCZYZNA,2
ODYSSEUS,MĘŻCZYZNA,2
KLIMEK,MĘŻCZYZNA,2
WITOSZ,MĘŻCZYZNA,2
DAN,MĘŻCZYZNA,2
ARMINAS,MĘŻCZYZNA,2
ELI,MĘŻCZYZNA,2
DARIY,MĘŻCZYZNA,2
ANTONIUSZ,MĘŻCZYZNA,2
KIRIŁ,MĘŻCZYZNA,2
LIONEL,MĘŻCZYZNA,2
LIAN,MĘŻCZYZNA,2
ERICK,MĘŻCZYZNA,2
AMELIA,MĘŻCZYZNA,2
STAS,MĘŻCZYZNA,2
WITO,MĘŻCZYZNA,2
ANGEL,MĘŻCZYZNA,2
DŻEJSON,MĘŻCZYZNA,2
FEDIR,MĘŻCZYZNA,2
ILLJA,MĘŻCZYZNA,2
AUGUSTE,MĘŻCZYZNA,2
DUC ANH,MĘŻCZYZNA,2
AFFAN,MĘŻCZYZNA,2
DAMIANE,MĘŻCZYZNA,2
JAROGNIEW,MĘŻCZYZNA,2
GIOVANNI,MĘŻCZYZNA,2
MIKEL,MĘŻCZYZNA,2
ODIN,MĘŻCZYZNA,2
MILOSLAV,MĘŻCZYZNA,2
AURELIUS,MĘŻCZYZNA,2
EUGENE,MĘŻCZYZNA,2
WADYM,MĘŻCZYZNA,2
GLIB,MĘŻCZYZNA,2
MINH KHANG,MĘŻCZYZNA,2
EVGENII,MĘŻCZYZNA,2
NEO,MĘŻCZYZNA,2
DUC AN,MĘŻCZYZNA,2
KASTOR,MĘŻCZYZNA,2
LÉO,MĘŻCZYZNA,2
MEHMET,MĘŻCZYZNA,2
PHILLIP,MĘŻCZYZNA,2
IMRAN,MĘŻCZYZNA,2
CHARBEL,MĘŻCZYZNA,2
MOHAMMED,MĘŻCZYZNA,2
EMILII,MĘŻCZYZNA,2
FÉLIX,MĘŻCZYZNA,2
RAJAN,MĘŻCZYZNA,2
KYLIAN,MĘŻCZYZNA,2
OLLIE,MĘŻCZYZNA,2
TOBY,MĘŻCZYZNA,2
DANI,MĘŻCZYZNA,2
ZACHARIJ,MĘŻCZYZNA,2
ISAAK,MĘŻCZYZNA,2
KOCHAN,MĘŻCZYZNA,2
ULADZISLAU,MĘŻCZYZNA,2
SAMUIL,MĘŻCZYZNA,2
ARMANDO,MĘŻCZYZNA,2
EDUARDO,MĘŻCZYZNA,2
ARSENIUSZ,MĘŻCZYZNA,2
SANTOS,MĘŻCZYZNA,2
ARI,MĘŻCZYZNA,2
IAROSLAV,MĘŻCZYZNA,2
VYOM,MĘŻCZYZNA,2
BJØRN,MĘŻCZYZNA,2
IHNAT,MĘŻCZYZNA,2
WALERY,MĘŻCZYZNA,2
JULEK,MĘŻCZYZNA,2
ZORIAN,MĘŻCZYZNA,2
ILAN,MĘŻCZYZNA,2
PROHOR,MĘŻCZYZNA,2
LENARD,MĘŻCZYZNA,2
AVYUKT,MĘŻCZYZNA,2
ASHER,MĘŻCZYZNA,2
YANNI,MĘŻCZYZNA,2
MOISE,MĘŻCZYZNA,2
SEAN,MĘŻCZYZNA,2
RAHIM,MĘŻCZYZNA,2
ELYAS,MĘŻCZYZNA,2
EINAR,MĘŻCZYZNA,2
AZAD,MĘŻCZYZNA,2
JEREMY,MĘŻCZYZNA,2
NEAL,MĘŻCZYZNA,2
OLEKSYI,MĘŻCZYZNA,2
MYKOLAI,MĘŻCZYZNA,2
TOMAS,MĘŻCZYZNA,2
GORDEI,MĘŻCZYZNA,2
LAMBERT,MĘŻCZYZNA,2
DACHI,MĘŻCZYZNA,2
ALEKSEI,MĘŻCZYZNA,2
GAJUSZ,MĘŻCZYZNA,2
CALEB,MĘŻCZYZNA,2
AYDEN,MĘŻCZYZNA,2
ELIJAH,MĘŻCZYZNA,2
EITAN,MĘŻCZYZNA,2
AZIZ,MĘŻCZYZNA,2
ZOLTAN,MĘŻCZYZNA,2
ANAS,MĘŻCZYZNA,2
HAMZA,MĘŻCZYZNA,2
RAPHAEL,MĘŻCZYZNA,2
SAVA,MĘŻCZYZNA,2
ABDULMALIK,MĘŻCZYZNA,2
TONY,MĘŻCZYZNA,2
FILEMON,MĘŻCZYZNA,2
NAZARIJ,MĘŻCZYZNA,2
AVENIR,MĘŻCZYZNA,2
YAKIV,MĘŻCZYZNA,2
DENIEL,MĘŻCZYZNA,2
MAXYM,MĘŻCZYZNA,2
IKER,MĘŻCZYZNA,2
JANIS,MĘŻCZYZNA,2
DOMANTAS,MĘŻCZYZNA,2
SERGEI,MĘŻCZYZNA,2
KEMAL,MĘŻCZYZNA,2
ZIYI,MĘŻCZYZNA,2
PARAM,MĘŻCZYZNA,2
ŁUKA,MĘŻCZYZNA,2
MATVIIY,MĘŻCZYZNA,2
SEMAN,MĘŻCZYZNA,2
WITALIS,MĘŻCZYZNA,2
BORIS,MĘŻCZYZNA,2
BRIAN,MĘŻCZYZNA,2
AURELIAN,MĘŻCZYZNA,2
KERIM,MĘŻCZYZNA,2
TIMOFEJ,MĘŻCZYZNA,2
SAMVEL,MĘŻCZYZNA,2
RUVIM,MĘŻCZYZNA,2
OSMAN,MĘŻCZYZNA,2
TIMON,MĘŻCZYZNA,2
BILAL,MĘŻCZYZNA,2
RISHI,MĘŻCZYZNA,2
QUANG VINH,MĘŻCZYZNA,2
HLEB,MĘŻCZYZNA,2
DEMJAN,MĘŻCZYZNA,2
ALIAKSEI,MĘŻCZYZNA,2
SERGII,MĘŻCZYZNA,2
CASPIAN,MĘŻCZYZNA,2
MARCELINO,MĘŻCZYZNA,2
GEORGII,MĘŻCZYZNA,2
SINAN,MĘŻCZYZNA,2
THÉODORE,MĘŻCZYZNA,2
TUAN KIET,MĘŻCZYZNA,2
