IMIĘ_DRUGIE,PŁEĆ,LICZBA_WYSTĄPIEŃ
JAN,MĘŻCZYZNA,5504
PIOTR,MĘŻCZYZNA,3383
JÓZEF,MĘŻCZYZNA,2764
STANISŁAW,MĘŻCZYZNA,2618
MICHAŁ,MĘŻCZYZNA,2150
KRZYSZTOF,MĘŻCZYZNA,1999
PAWEŁ,MĘŻCZYZNA,1907
ADAM,MĘŻCZYZNA,1736
TOMASZ,MĘŻCZYZNA,1655
ANDRZEJ,MĘŻCZYZNA,1626
ANTONI,MĘŻCZYZNA,1608
FRANCISZEK,MĘŻCZYZNA,1592
JAKUB,MĘŻCZYZNA,1568
ALEKSANDER,MĘŻCZYZNA,1525
ŁUKASZ,MĘŻCZYZNA,1347
MAREK,MĘŻCZYZNA,1299
MATEUSZ,MĘŻCZYZNA,1246
WOJCIECH,MĘŻCZYZNA,1214
TADEUSZ,MĘŻCZYZNA,1187
MARCIN,MĘŻCZYZNA,1179
JERZY,MĘŻCZYZNA,1093
HENRYK,MĘŻCZYZNA,1019
GRZEGORZ,MĘŻCZYZNA,979
MIKOŁAJ,MĘŻCZYZNA,966
KAZIMIERZ,MĘŻCZYZNA,871
KAROL,MĘŻCZYZNA,852
SZYMON,MĘŻCZYZNA,841
DAWID,MĘŻCZYZNA,800
KAMIL,MĘŻCZYZNA,770
MACIEJ,MĘŻCZYZNA,732
FILIP,MĘŻCZYZNA,717
RAFAŁ,MĘŻCZYZNA,665
RYSZARD,MĘŻCZYZNA,653
LEON,MĘŻCZYZNA,645
WIKTOR,MĘŻCZYZNA,636
IGNACY,MĘŻCZYZNA,620
MAKSYMILIAN,MĘŻCZYZNA,611
ROBERT,MĘŻCZYZNA,594
DARIUSZ,MĘŻCZYZNA,592
ARTUR,MĘŻCZYZNA,555
ZBIGNIEW,MĘŻCZYZNA,555
KACPER,MĘŻCZYZNA,537
DOMINIK,MĘŻCZYZNA,530
PATRYK,MĘŻCZYZNA,528
SEBASTIAN,MĘŻCZYZNA,527
DANIEL,MĘŻCZYZNA,519
MARIUSZ,MĘŻCZYZNA,518
DAMIAN,MĘŻCZYZNA,493
GABRIEL,MĘŻCZYZNA,488
EDWARD,MĘŻCZYZNA,452
JACEK,MĘŻCZYZNA,443
BARTOSZ,MĘŻCZYZNA,400
WŁADYSŁAW,MĘŻCZYZNA,391
ADRIAN,MĘŻCZYZNA,391
STEFAN,MĘŻCZYZNA,382
ROMAN,MĘŻCZYZNA,367
BARTŁOMIEJ,MĘŻCZYZNA,354
MARIAN,MĘŻCZYZNA,346
NIKODEM,MĘŻCZYZNA,328
MIROSŁAW,MĘŻCZYZNA,307
JULIAN,MĘŻCZYZNA,304
KRYSTIAN,MĘŻCZYZNA,280
JANUSZ,MĘŻCZYZNA,278
SŁAWOMIR,MĘŻCZYZNA,270
OLIWIER,MĘŻCZYZNA,269
PRZEMYSŁAW,MĘŻCZYZNA,268
JAROSŁAW,MĘŻCZYZNA,265
HUBERT,MĘŻCZYZNA,262
IGOR,MĘŻCZYZNA,261
MARCEL,MĘŻCZYZNA,253
KONRAD,MĘŻCZYZNA,251
ARKADIUSZ,MĘŻCZYZNA,241
MIECZYSŁAW,MĘŻCZYZNA,233
MIŁOSZ,MĘŻCZYZNA,232
CZESŁAW,MĘŻCZYZNA,223
LESZEK,MĘŻCZYZNA,215
WIESŁAW,MĘŻCZYZNA,211
BOGDAN,MĘŻCZYZNA,201
OSKAR,MĘŻCZYZNA,196
ZYGMUNT,MĘŻCZYZNA,193
RADOSŁAW,MĘŻCZYZNA,188
WALDEMAR,MĘŻCZYZNA,184
ZDZISŁAW,MĘŻCZYZNA,183
WITOLD,MĘŻCZYZNA,164
SYLWESTER,MĘŻCZYZNA,162
EUGENIUSZ,MĘŻCZYZNA,153
TYMOTEUSZ,MĘŻCZYZNA,150
FABIAN,MĘŻCZYZNA,148
ALAN,MĘŻCZYZNA,144
EMIL,MĘŻCZYZNA,140
BOGUSŁAW,MĘŻCZYZNA,140
KSAWERY,MĘŻCZYZNA,137
FELIKS,MĘŻCZYZNA,124
BOLESŁAW,MĘŻCZYZNA,120
TYMON,MĘŻCZYZNA,116
IRENEUSZ,MĘŻCZYZNA,115
BŁAŻEJ,MĘŻCZYZNA,112
NATAN,MĘŻCZYZNA,112
ERYK,MĘŻCZYZNA,109
CEZARY,MĘŻCZYZNA,106
LUDWIK,MĘŻCZYZNA,104
BRONISŁAW,MĘŻCZYZNA,102
BRUNO,MĘŻCZYZNA,101
ALBERT,MĘŻCZYZNA,101
FLORIAN,MĘŻCZYZNA,100
ZENON,MĘŻCZYZNA,98
WŁODZIMIERZ,MĘŻCZYZNA,98
KAJETAN,MĘŻCZYZNA,96
KONSTANTY,MĘŻCZYZNA,91
NORBERT,MĘŻCZYZNA,91
TEODOR,MĘŻCZYZNA,90
GUSTAW,MĘŻCZYZNA,86
EDMUND,MĘŻCZYZNA,84
LUCJAN,MĘŻCZYZNA,82
BERNARD,MĘŻCZYZNA,74
FRYDERYK,MĘŻCZYZNA,73
SZCZEPAN,MĘŻCZYZNA,73
SAMUEL,MĘŻCZYZNA,72
TOBIASZ,MĘŻCZYZNA,69
LECH,MĘŻCZYZNA,68
BORYS,MĘŻCZYZNA,68
OLAF,MĘŻCZYZNA,62
WINCENTY,MĘŻCZYZNA,62
KORNEL,MĘŻCZYZNA,61
MIESZKO,MĘŻCZYZNA,60
LEO,MĘŻCZYZNA,60
KUBA,MĘŻCZYZNA,58
JOACHIM,MĘŻCZYZNA,57
MARIA,MĘŻCZYZNA,56
LEONARD,MĘŻCZYZNA,55
SEWERYN,MĘŻCZYZNA,51
MILAN,MĘŻCZYZNA,51
GERARD,MĘŻCZYZNA,50
ALEXANDER,MĘŻCZYZNA,49
LEW,MĘŻCZYZNA,47
ERNEST,MĘŻCZYZNA,47
BENEDYKT,MĘŻCZYZNA,46
JULIUSZ,MĘŻCZYZNA,45
NATANIEL,MĘŻCZYZNA,45
REMIGIUSZ,MĘŻCZYZNA,44
WACŁAW,MĘŻCZYZNA,43
JEREMI,MĘŻCZYZNA,42
AUGUSTYN,MĘŻCZYZNA,42
WALENTY,MĘŻCZYZNA,41
GRACJAN,MĘŻCZYZNA,37
AMADEUSZ,MĘŻCZYZNA,37
ROCH,MĘŻCZYZNA,37
DORIAN,MĘŻCZYZNA,37
ALEX,MĘŻCZYZNA,36
CYPRIAN,MĘŻCZYZNA,35
IWO,MĘŻCZYZNA,34
AUGUST,MĘŻCZYZNA,33
KORDIAN,MĘŻCZYZNA,32
JĘDRZEJ,MĘŻCZYZNA,31
BENIAMIN,MĘŻCZYZNA,31
ALOJZY,MĘŻCZYZNA,31
OLIVIER,MĘŻCZYZNA,31
BOGUMIŁ,MĘŻCZYZNA,30
HUGO,MĘŻCZYZNA,30
HIERONIM,MĘŻCZYZNA,30
LESŁAW,MĘŻCZYZNA,29
MAURYCY,MĘŻCZYZNA,29
ALEKS,MĘŻCZYZNA,28
KOSMA,MĘŻCZYZNA,27
BRAJAN,MĘŻCZYZNA,27
MARTIN,MĘŻCZYZNA,27
ALFRED,MĘŻCZYZNA,27
MARCELI,MĘŻCZYZNA,26
TYTUS,MĘŻCZYZNA,26
LEOPOLD,MĘŻCZYZNA,25
WILHELM,MĘŻCZYZNA,25
VINCENT,MĘŻCZYZNA,24
ROMUALD,MĘŻCZYZNA,23
JONASZ,MĘŻCZYZNA,22
WIT,MĘŻCZYZNA,21
OLGIERD,MĘŻCZYZNA,21
KLEMENS,MĘŻCZYZNA,20
BRUNON,MĘŻCZYZNA,20
HENRY,MĘŻCZYZNA,20
ALEKSY,MĘŻCZYZNA,20
MICHAEL,MĘŻCZYZNA,20
WAWRZYNIEC,MĘŻCZYZNA,19
LIAM,MĘŻCZYZNA,19
GNIEWKO,MĘŻCZYZNA,19
EMANUEL,MĘŻCZYZNA,18
ARON,MĘŻCZYZNA,18
JAMES,MĘŻCZYZNA,18
BOŻYDAR,MĘŻCZYZNA,17
MAX,MĘŻCZYZNA,17
JEREMIASZ,MĘŻCZYZNA,17
KLAUDIUSZ,MĘŻCZYZNA,16
MAXIMILIAN,MĘŻCZYZNA,16
WENANTY,MĘŻCZYZNA,15
OKTAWIAN,MĘŻCZYZNA,15
KASJAN,MĘŻCZYZNA,15
EMILIAN,MĘŻCZYZNA,15
MAKSYM,MĘŻCZYZNA,15
DENIS,MĘŻCZYZNA,15
NOAH,MĘŻCZYZNA,14
OLIWER,MĘŻCZYZNA,14
ALBIN,MĘŻCZYZNA,14
SERGIUSZ,MĘŻCZYZNA,14
RUDOLF,MĘŻCZYZNA,14
JOSEPH,MĘŻCZYZNA,14
OLIVER,MĘŻCZYZNA,14
ZIEMOWIT,MĘŻCZYZNA,14
TEOFIL,MĘŻCZYZNA,13
KRZESIMIR,MĘŻCZYZNA,13
DAVID,MĘŻCZYZNA,13
ARIEL,MĘŻCZYZNA,12
NICOLAS,MĘŻCZYZNA,12
THOMAS,MĘŻCZYZNA,12
BENJAMIN,MĘŻCZYZNA,12
FELICJAN,MĘŻCZYZNA,12
ELIASZ,MĘŻCZYZNA,12
NOE,MĘŻCZYZNA,12
EMMANUEL,MĘŻCZYZNA,12
NIKOLAS,MĘŻCZYZNA,11
PAUL,MĘŻCZYZNA,11
WINCENT,MĘŻCZYZNA,11
CYRYL,MĘŻCZYZNA,11
AMBROŻY,MĘŻCZYZNA,11
ZACHARY,MĘŻCZYZNA,11
DOBROMIR,MĘŻCZYZNA,10
WALTER,MĘŻCZYZNA,10
ARNOLD,MĘŻCZYZNA,10
FERDYNAND,MĘŻCZYZNA,10
JONATAN,MĘŻCZYZNA,10
ANTHONY,MĘŻCZYZNA,10
RAGNAR,MĘŻCZYZNA,10
BAZYLI,MĘŻCZYZNA,10
ERWIN,MĘŻCZYZNA,10
LOUIS,MĘŻCZYZNA,9
MIRON,MĘŻCZYZNA,9
CHARBEL,MĘŻCZYZNA,9
VICTOR,MĘŻCZYZNA,9
IZYDOR,MĘŻCZYZNA,9
RAJMUND,MĘŻCZYZNA,9
KEVIN,MĘŻCZYZNA,9
HERBERT,MĘŻCZYZNA,9
ANTONIO,MĘŻCZYZNA,9
RAFAEL,MĘŻCZYZNA,9
ZACHARIASZ,MĘŻCZYZNA,9
MAKS,MĘŻCZYZNA,9
TYBERIUSZ,MĘŻCZYZNA,9
HEKTOR,MĘŻCZYZNA,9
AURELIUSZ,MĘŻCZYZNA,9
VIKTOR,MĘŻCZYZNA,9
IVAN,MĘŻCZYZNA,8
LUKAS,MĘŻCZYZNA,8
EDWIN,MĘŻCZYZNA,8
DIONIZY,MĘŻCZYZNA,8
DIEGO,MĘŻCZYZNA,8
ROLAND,MĘŻCZYZNA,8
NATHAN,MĘŻCZYZNA,8
PETER,MĘŻCZYZNA,8
JACOB,MĘŻCZYZNA,8
PATRICK,MĘŻCZYZNA,8
WILLIAM,MĘŻCZYZNA,8
JOSEF,MĘŻCZYZNA,8
AARON,MĘŻCZYZNA,8
XAVIER,MĘŻCZYZNA,7
SZARBEL,MĘŻCZYZNA,7
EDGAR,MĘŻCZYZNA,7
FRANCIS,MĘŻCZYZNA,7
IDZI,MĘŻCZYZNA,7
ZAWISZA,MĘŻCZYZNA,7
LEONARDO,MĘŻCZYZNA,7
GNIEWOMIR,MĘŻCZYZNA,7
MIGUEL,MĘŻCZYZNA,7
SYRIUSZ,MĘŻCZYZNA,7
KAI,MĘŻCZYZNA,7
BASTIAN,MĘŻCZYZNA,7
JOHN,MĘŻCZYZNA,7
ARMIN,MĘŻCZYZNA,7
KASPER,MĘŻCZYZNA,7
RADOMIR,MĘŻCZYZNA,6
SINGH,MĘŻCZYZNA,6
PIO,MĘŻCZYZNA,6
LUCAS,MĘŻCZYZNA,6
KORNELIUSZ,MĘŻCZYZNA,6
WALERIAN,MĘŻCZYZNA,6
BARNABA,MĘŻCZYZNA,6
ANATOL,MĘŻCZYZNA,6
KRYSPIN,MĘŻCZYZNA,6
ANDREAS,MĘŻCZYZNA,6
ALI,MĘŻCZYZNA,6
MARK,MĘŻCZYZNA,6
BARTEK,MĘŻCZYZNA,6
CHRISTOPHER,MĘŻCZYZNA,6
KASPIAN,MĘŻCZYZNA,6
JOSÉ,MĘŻCZYZNA,5
CHRISTIAN,MĘŻCZYZNA,5
STANISLAW,MĘŻCZYZNA,5
ŁUCJAN,MĘŻCZYZNA,5
IWAN,MĘŻCZYZNA,5
BALTAZAR,MĘŻCZYZNA,5
MICHAL,MĘŻCZYZNA,5
PHILIP,MĘŻCZYZNA,5
MODEST,MĘŻCZYZNA,5
WERNER,MĘŻCZYZNA,5
EFE,MĘŻCZYZNA,5
ANDREI,MĘŻCZYZNA,5
LUKE,MĘŻCZYZNA,5
FRANCESCO,MĘŻCZYZNA,5
MELCHIOR,MĘŻCZYZNA,5
OSCAR,MĘŻCZYZNA,5
DANTE,MĘŻCZYZNA,5
ROGER,MĘŻCZYZNA,5
NARCYZ,MĘŻCZYZNA,5
ANDREW,MĘŻCZYZNA,5
CARLOS,MĘŻCZYZNA,5
KSAWIER,MĘŻCZYZNA,5
FELIX,MĘŻCZYZNA,5
ERIC,MĘŻCZYZNA,5
HORACY,MĘŻCZYZNA,4
OREST,MĘŻCZYZNA,4
JEAN,MĘŻCZYZNA,4
GERALT,MĘŻCZYZNA,4
ANGELO,MĘŻCZYZNA,4
GILBERT,MĘŻCZYZNA,4
PANKRACY,MĘŻCZYZNA,4
GEORGE,MĘŻCZYZNA,4
BOHDAN,MĘŻCZYZNA,4
LUCJUSZ,MĘŻCZYZNA,4
SZCZĘSNY,MĘŻCZYZNA,4
LUKA,MĘŻCZYZNA,4
AXEL,MĘŻCZYZNA,4
LUIS,MĘŻCZYZNA,4
SAMBOR,MĘŻCZYZNA,4
ETHAN,MĘŻCZYZNA,4
MATEO,MĘŻCZYZNA,4
KAJ,MĘŻCZYZNA,4
PAWEL,MĘŻCZYZNA,4
OLEKSANDR,MĘŻCZYZNA,4
BRAYAN,MĘŻCZYZNA,4
HERMAN,MĘŻCZYZNA,4
BENON,MĘŻCZYZNA,4
OSWALD,MĘŻCZYZNA,4
TYMEK,MĘŻCZYZNA,4
TEO,MĘŻCZYZNA,4
GINTER,MĘŻCZYZNA,4
LUBOMIR,MĘŻCZYZNA,4
TIMUR,MĘŻCZYZNA,4
GNIEWOSZ,MĘŻCZYZNA,4
ARSEN,MĘŻCZYZNA,4
MOJŻESZ,MĘŻCZYZNA,4
ROBIN,MĘŻCZYZNA,4
JAVIER,MĘŻCZYZNA,4
ARAS,MĘŻCZYZNA,3
WILLEM,MĘŻCZYZNA,3
KEMAL,MĘŻCZYZNA,3
FELIPE,MĘŻCZYZNA,3
DYLAN,MĘŻCZYZNA,3
YAROSLAV,MĘŻCZYZNA,3
RICHARD,MĘŻCZYZNA,3
IVO,MĘŻCZYZNA,3
MARCO,MĘŻCZYZNA,3
EMILIO,MĘŻCZYZNA,3
JOZEF,MĘŻCZYZNA,3
DMYTRO,MĘŻCZYZNA,3
GREGORY,MĘŻCZYZNA,3
IZRAEL,MĘŻCZYZNA,3
ZAYN,MĘŻCZYZNA,3
DONAT,MĘŻCZYZNA,3
ELON,MĘŻCZYZNA,3
LUCA,MĘŻCZYZNA,3
SERAFIN,MĘŻCZYZNA,3
-,MĘŻCZYZNA,3
ARTEM,MĘŻCZYZNA,3
EUSTACHY,MĘŻCZYZNA,3
JOSHUA,MĘŻCZYZNA,3
EDUARD,MĘŻCZYZNA,3
SALVADOR,MĘŻCZYZNA,3
MARKUS,MĘŻCZYZNA,3
JAKOB,MĘŻCZYZNA,3
LECHOSŁAW,MĘŻCZYZNA,3
FRANZ,MĘŻCZYZNA,3
MIKE,MĘŻCZYZNA,3
RADZIMIR,MĘŻCZYZNA,3
PATRYCJUSZ,MĘŻCZYZNA,3
JASKIER,MĘŻCZYZNA,3
OTTO,MĘŻCZYZNA,3
MUSTAFA,MĘŻCZYZNA,3
IVAR,MĘŻCZYZNA,3
CONAN,MĘŻCZYZNA,3
VALENTINO,MĘŻCZYZNA,3
RYAN,MĘŻCZYZNA,3
GERALD,MĘŻCZYZNA,3
ELIAS,MĘŻCZYZNA,3
JAROMIR,MĘŻCZYZNA,3
MAXYMILIAN,MĘŻCZYZNA,3
BONAWENTURA,MĘŻCZYZNA,3
XAWERY,MĘŻCZYZNA,3
RUBEN,MĘŻCZYZNA,3
NEO,MĘŻCZYZNA,3
ONUFRY,MĘŻCZYZNA,3
OMAR,MĘŻCZYZNA,3
JACENTY,MĘŻCZYZNA,3
MEHMET,MĘŻCZYZNA,3
SERHII,MĘŻCZYZNA,3
MOHAMMED,MĘŻCZYZNA,3
LUKASZ,MĘŻCZYZNA,3
HARALD,MĘŻCZYZNA,3
VOLODYMYR,MĘŻCZYZNA,3
VALENTIN,MĘŻCZYZNA,3
CHARLES,MĘŻCZYZNA,3
LEE,MĘŻCZYZNA,3
MAKARY,MĘŻCZYZNA,3
MAGNUS,MĘŻCZYZNA,3
JORDAN,MĘŻCZYZNA,3
HUY,MĘŻCZYZNA,3
FRANEK,MĘŻCZYZNA,3
TYCJAN,MĘŻCZYZNA,3
ALEXANDRU,MĘŻCZYZNA,3
GIOVANNI,MĘŻCZYZNA,3
MILOSZ,MĘŻCZYZNA,3
KAZIK,MĘŻCZYZNA,3
LUDOMIR,MĘŻCZYZNA,3
JAMAL,MĘŻCZYZNA,3
SAMIR,MĘŻCZYZNA,3
IZAAK,MĘŻCZYZNA,3
JAREMA,MĘŻCZYZNA,3
CEZAR,MĘŻCZYZNA,3
ELLIOT,MĘŻCZYZNA,2
THIAGO,MĘŻCZYZNA,2
NAPOLEON,MĘŻCZYZNA,2
NIALL,MĘŻCZYZNA,2
ADNAN,MĘŻCZYZNA,2
AUGUSTIN,MĘŻCZYZNA,2
DOMINIC,MĘŻCZYZNA,2
JANUARY,MĘŻCZYZNA,2
GERHARD,MĘŻCZYZNA,2
KEWIN,MĘŻCZYZNA,2
ZYNDRAM,MĘŻCZYZNA,2
GREGOR,MĘŻCZYZNA,2
GROMOSŁAW,MĘŻCZYZNA,2
HAMZA,MĘŻCZYZNA,2
ZOLTAN,MĘŻCZYZNA,2
PEDRO,MĘŻCZYZNA,2
ALEK,MĘŻCZYZNA,2
HABIB,MĘŻCZYZNA,2
RAPHAEL,MĘŻCZYZNA,2
STEVEN,MĘŻCZYZNA,2
LARS,MĘŻCZYZNA,2
AIDEN,MĘŻCZYZNA,2
MOHAMED,MĘŻCZYZNA,2
ANTEK,MĘŻCZYZNA,2
HERKULES,MĘŻCZYZNA,2
EGON,MĘŻCZYZNA,2
ORION,MĘŻCZYZNA,2
OLEG,MĘŻCZYZNA,2
SYED,MĘŻCZYZNA,2
CELESTYN,MĘŻCZYZNA,2
SLAWOMIR,MĘŻCZYZNA,2
SALOMON,MĘŻCZYZNA,2
HAKAN,MĘŻCZYZNA,2
SUNIL,MĘŻCZYZNA,2
KRISTOFFER,MĘŻCZYZNA,2
ANTONIUSZ,MĘŻCZYZNA,2
DOBROSŁAW,MĘŻCZYZNA,2
MARCUS,MĘŻCZYZNA,2
ANGEL,MĘŻCZYZNA,2
ZBYSŁAW,MĘŻCZYZNA,2
ISAAC,MĘŻCZYZNA,2
BOGUSZ,MĘŻCZYZNA,2
PASCAL,MĘŻCZYZNA,2
PACYFIK,MĘŻCZYZNA,2
STANLEY,MĘŻCZYZNA,2
GAWEŁ,MĘŻCZYZNA,2
HADRIAN,MĘŻCZYZNA,2
DANIIL,MĘŻCZYZNA,2
MŚCIBOR,MĘŻCZYZNA,2
MIKHAIL,MĘŻCZYZNA,2
RADOMIŁ,MĘŻCZYZNA,2
RICARDO,MĘŻCZYZNA,2
VASILEIOS,MĘŻCZYZNA,2
ORLANDO,MĘŻCZYZNA,2
ALEJANDRO,MĘŻCZYZNA,2
BRYAN,MĘŻCZYZNA,2
ALEKSANDR,MĘŻCZYZNA,2
MATTEO,MĘŻCZYZNA,2
HENDRIK,MĘŻCZYZNA,2
YUSUF,MĘŻCZYZNA,2
JOSZKO,MĘŻCZYZNA,2
DIMITRI,MĘŻCZYZNA,2
ŻELISŁAW,MĘŻCZYZNA,2
MICHEL,MĘŻCZYZNA,2
MAXIMUS,MĘŻCZYZNA,2
ARIAN,MĘŻCZYZNA,2
TRISTAN,MĘŻCZYZNA,2
NICODEM,MĘŻCZYZNA,2
ALLAN,MĘŻCZYZNA,2
WINICJUSZ,MĘŻCZYZNA,2
MLADENOV,MĘŻCZYZNA,2
UWE,MĘŻCZYZNA,2
NATHANIEL,MĘŻCZYZNA,2
EMRE,MĘŻCZYZNA,2
HALIL,MĘŻCZYZNA,2
EDUARDO,MĘŻCZYZNA,2
ROY,MĘŻCZYZNA,2
ALEXANDRE,MĘŻCZYZNA,2
ISMAEL,MĘŻCZYZNA,2
ANDRÉS,MĘŻCZYZNA,2
THEO,MĘŻCZYZNA,2
AREK,MĘŻCZYZNA,2
ACHILLES,MĘŻCZYZNA,2
WALERY,MĘŻCZYZNA,2
BJØRN,MĘŻCZYZNA,2
ZYGFRYD,MĘŻCZYZNA,2
JURAND,MĘŻCZYZNA,2
ZORIAN,MĘŻCZYZNA,2
MAKSIM,MĘŻCZYZNA,2
NOEL,MĘŻCZYZNA,2
BJÖRN,MĘŻCZYZNA,2
MANFRED,MĘŻCZYZNA,2
SASZA,MĘŻCZYZNA,2
ATTILA,MĘŻCZYZNA,2
JAROSLAV,MĘŻCZYZNA,2
THEODORE,MĘŻCZYZNA,2
EGE,MĘŻCZYZNA,2
SEVERYN,MĘŻCZYZNA,2
SIMON,MĘŻCZYZNA,2
ROMEO,MĘŻCZYZNA,2
AMADEUS,MĘŻCZYZNA,2
LOGAN,MĘŻCZYZNA,2
BEN,MĘŻCZYZNA,2
THEODOR,MĘŻCZYZNA,2
ARTHUR,MĘŻCZYZNA,2
MAXIM,MĘŻCZYZNA,2
IKENNA,MĘŻCZYZNA,2
DRAGOMIR,MĘŻCZYZNA,2
LEONIDAS,MĘŻCZYZNA,2
RAFAL,MĘŻCZYZNA,2
WENANCJUSZ,MĘŻCZYZNA,2
ILIE,MĘŻCZYZNA,2
MIRZA,MĘŻCZYZNA,2
MATTHEW,MĘŻCZYZNA,2
MALIK,MĘŻCZYZNA,2
JOEL,MĘŻCZYZNA,2
AHMAD,MĘŻCZYZNA,2
PERUN,MĘŻCZYZNA,2
FINN,MĘŻCZYZNA,2
JONATHAN,MĘŻCZYZNA,2
KRYSTYN,MĘŻCZYZNA,2
ANIOŁ,MĘŻCZYZNA,2
LUCIANO,MĘŻCZYZNA,2
HARRY,MĘŻCZYZNA,2
OTTON,MĘŻCZYZNA,2
STANISLAS,MĘŻCZYZNA,2
ODO,MĘŻCZYZNA,2
CARLO,MĘŻCZYZNA,2
ANTON,MĘŻCZYZNA,2
LUCIAN,MĘŻCZYZNA,2
AMIR,MĘŻCZYZNA,2
FREDERICK,MĘŻCZYZNA,2
STEFANOV,MĘŻCZYZNA,2
NIKO,MĘŻCZYZNA,2
DRAGAN,MĘŻCZYZNA,2
ELIO,MĘŻCZYZNA,2
CARMELO,MĘŻCZYZNA,2
EUZEBIUSZ,MĘŻCZYZNA,2
BRIAN,MĘŻCZYZNA,2
BJORN,MĘŻCZYZNA,2
CHIBUEZE,MĘŻCZYZNA,2
ZBYSZKO,MĘŻCZYZNA,2
DAMAZY,MĘŻCZYZNA,2
MAHMOUD,MĘŻCZYZNA,2
NIKOS,MĘŻCZYZNA,2
JUSTYN,MĘŻCZYZNA,2
EMIR,MĘŻCZYZNA,2
SATURNIN,MĘŻCZYZNA,2
YVES,MĘŻCZYZNA,2
TIBOR,MĘŻCZYZNA,2
HAN,MĘŻCZYZNA,2
ELIGIUSZ,MĘŻCZYZNA,2
ANDY,MĘŻCZYZNA,2
ANASTAZY,MĘŻCZYZNA,2
