IMIĘ_DRUGIE,PŁEĆ,LICZBA_WYSTĄPIEŃ
JAN,MĘŻCZYZNA,6306
PIOTR,MĘŻCZYZNA,3810
STANISŁAW,MĘŻCZYZNA,2792
JÓZEF,MĘŻCZYZNA,2453
KRZYSZTOF,MĘŻCZYZNA,2437
MICHAŁ,MĘŻCZYZNA,2334
PAWEŁ,MĘŻCZYZNA,2295
ADAM,MĘŻCZYZNA,1890
JAKUB,MĘŻCZYZNA,1865
TOMASZ,MĘŻCZYZNA,1844
FRANCISZEK,MĘŻCZYZNA,1811
ANDRZEJ,MĘŻCZYZNA,1798
ANTONI,MĘŻCZYZNA,1692
ALEKSANDER,MĘŻCZYZNA,1646
ŁUKASZ,MĘŻCZYZNA,1541
WOJCIECH,MĘŻCZYZNA,1480
MARCIN,MĘŻCZYZNA,1457
MATEUSZ,MĘŻCZYZNA,1450
MAREK,MĘŻCZYZNA,1308
TADEUSZ,MĘŻCZYZNA,1236
JERZY,MĘŻCZYZNA,1197
KAROL,MĘŻCZYZNA,1137
GRZEGORZ,MĘŻCZYZNA,1081
DAWID,MĘŻCZYZNA,998
MIKOŁAJ,MĘŻCZYZNA,998
HENRYK,MĘŻCZYZNA,958
SZYMON,MĘŻCZYZNA,948
KAZIMIERZ,MĘŻCZYZNA,902
MACIEJ,MĘŻCZYZNA,867
KAMIL,MĘŻCZYZNA,855
RAFAŁ,MĘŻCZYZNA,752
FILIP,MĘŻCZYZNA,738
RYSZARD,MĘŻCZYZNA,694
WIKTOR,MĘŻCZYZNA,685
ROBERT,MĘŻCZYZNA,659
SEBASTIAN,MĘŻCZYZNA,654
KACPER,MĘŻCZYZNA,646
MAKSYMILIAN,MĘŻCZYZNA,633
LEON,MĘŻCZYZNA,627
IGNACY,MĘŻCZYZNA,619
ARTUR,MĘŻCZYZNA,618
DARIUSZ,MĘŻCZYZNA,612
ZBIGNIEW,MĘŻCZYZNA,611
DOMINIK,MĘŻCZYZNA,609
PATRYK,MĘŻCZYZNA,574
MARIUSZ,MĘŻCZYZNA,555
GABRIEL,MĘŻCZYZNA,554
JACEK,MĘŻCZYZNA,532
DAMIAN,MĘŻCZYZNA,530
DANIEL,MĘŻCZYZNA,488
ADRIAN,MĘŻCZYZNA,454
BARTOSZ,MĘŻCZYZNA,447
WŁADYSŁAW,MĘŻCZYZNA,446
BARTŁOMIEJ,MĘŻCZYZNA,385
STEFAN,MĘŻCZYZNA,382
EDWARD,MĘŻCZYZNA,362
ROMAN,MĘŻCZYZNA,354
MARIAN,MĘŻCZYZNA,353
JANUSZ,MĘŻCZYZNA,341
KRYSTIAN,MĘŻCZYZNA,341
MIROSŁAW,MĘŻCZYZNA,335
PRZEMYSŁAW,MĘŻCZYZNA,334
SŁAWOMIR,MĘŻCZYZNA,315
JAROSŁAW,MĘŻCZYZNA,310
NIKODEM,MĘŻCZYZNA,309
JULIAN,MĘŻCZYZNA,308
ARKADIUSZ,MĘŻCZYZNA,295
MARCEL,MĘŻCZYZNA,287
OLIWIER,MĘŻCZYZNA,285
HUBERT,MĘŻCZYZNA,274
KONRAD,MĘŻCZYZNA,267
IGOR,MĘŻCZYZNA,259
MIŁOSZ,MĘŻCZYZNA,239
WIESŁAW,MĘŻCZYZNA,234
LESZEK,MĘŻCZYZNA,233
MIECZYSŁAW,MĘŻCZYZNA,233
OSKAR,MĘŻCZYZNA,230
BOGDAN,MĘŻCZYZNA,228
CZESŁAW,MĘŻCZYZNA,215
WALDEMAR,MĘŻCZYZNA,214
ZYGMUNT,MĘŻCZYZNA,186
WITOLD,MĘŻCZYZNA,184
RADOSŁAW,MĘŻCZYZNA,178
TYMOTEUSZ,MĘŻCZYZNA,166
FELIKS,MĘŻCZYZNA,159
CEZARY,MĘŻCZYZNA,157
SYLWESTER,MĘŻCZYZNA,156
ZDZISŁAW,MĘŻCZYZNA,146
BOGUSŁAW,MĘŻCZYZNA,143
ALAN,MĘŻCZYZNA,139
EUGENIUSZ,MĘŻCZYZNA,134
FABIAN,MĘŻCZYZNA,134
KSAWERY,MĘŻCZYZNA,134
TYMON,MĘŻCZYZNA,134
IRENEUSZ,MĘŻCZYZNA,124
LUDWIK,MĘŻCZYZNA,124
BRUNO,MĘŻCZYZNA,121
NATAN,MĘŻCZYZNA,119
EMIL,MĘŻCZYZNA,118
BRONISŁAW,MĘŻCZYZNA,116
BŁAŻEJ,MĘŻCZYZNA,110
FLORIAN,MĘŻCZYZNA,108
BOLESŁAW,MĘŻCZYZNA,102
ERYK,MĘŻCZYZNA,99
NORBERT,MĘŻCZYZNA,99
ALBERT,MĘŻCZYZNA,98
SZCZEPAN,MĘŻCZYZNA,98
KAJETAN,MĘŻCZYZNA,91
TEODOR,MĘŻCZYZNA,88
BORYS,MĘŻCZYZNA,87
GUSTAW,MĘŻCZYZNA,86
LUCJAN,MĘŻCZYZNA,82
WŁODZIMIERZ,MĘŻCZYZNA,80
EDMUND,MĘŻCZYZNA,79
KONSTANTY,MĘŻCZYZNA,78
ZENON,MĘŻCZYZNA,76
BERNARD,MĘŻCZYZNA,75
LEONARD,MĘŻCZYZNA,73
MIESZKO,MĘŻCZYZNA,72
OLAF,MĘŻCZYZNA,72
SEWERYN,MĘŻCZYZNA,70
FRYDERYK,MĘŻCZYZNA,65
KORNEL,MĘŻCZYZNA,63
KUBA,MĘŻCZYZNA,63
TOBIASZ,MĘŻCZYZNA,61
WINCENTY,MĘŻCZYZNA,61
JOACHIM,MĘŻCZYZNA,57
ROCH,MĘŻCZYZNA,57
MARIA,MĘŻCZYZNA,56
GERARD,MĘŻCZYZNA,53
NATANIEL,MĘŻCZYZNA,53
ERNEST,MĘŻCZYZNA,52
WACŁAW,MĘŻCZYZNA,52
ALEXANDER,MĘŻCZYZNA,51
AUGUSTYN,MĘŻCZYZNA,49
SAMUEL,MĘŻCZYZNA,47
EMANUEL,MĘŻCZYZNA,46
LECH,MĘŻCZYZNA,45
LEO,MĘŻCZYZNA,45
BENEDYKT,MĘŻCZYZNA,43
IWO,MĘŻCZYZNA,43
GRACJAN,MĘŻCZYZNA,42
REMIGIUSZ,MĘŻCZYZNA,42
JEREMI,MĘŻCZYZNA,41
JULIUSZ,MĘŻCZYZNA,41
MAURYCY,MĘŻCZYZNA,40
OLIVIER,MĘŻCZYZNA,39
LEW,MĘŻCZYZNA,37
CYPRIAN,MĘŻCZYZNA,36
ALEKS,MĘŻCZYZNA,35
BENIAMIN,MĘŻCZYZNA,35
ALOJZY,MĘŻCZYZNA,34
BOGUMIŁ,MĘŻCZYZNA,32
AUGUST,MĘŻCZYZNA,31
DORIAN,MĘŻCZYZNA,30
LEOPOLD,MĘŻCZYZNA,30
MILAN,MĘŻCZYZNA,30
WALENTY,MĘŻCZYZNA,30
BRUNON,MĘŻCZYZNA,29
KOSMA,MĘŻCZYZNA,29
AMADEUSZ,MĘŻCZYZNA,28
MAKSYM,MĘŻCZYZNA,28
LESŁAW,MĘŻCZYZNA,27
OLGIERD,MĘŻCZYZNA,27
WAWRZYNIEC,MĘŻCZYZNA,26
JĘDRZEJ,MĘŻCZYZNA,25
ALFRED,MĘŻCZYZNA,24
GNIEWKO,MĘŻCZYZNA,24
HUGO,MĘŻCZYZNA,24
ALEKSY,MĘŻCZYZNA,23
ALEX,MĘŻCZYZNA,23
BOŻYDAR,MĘŻCZYZNA,23
KLAUDIUSZ,MĘŻCZYZNA,23
MICHAEL,MĘŻCZYZNA,23
JEREMIASZ,MĘŻCZYZNA,22
MARCELI,MĘŻCZYZNA,22
DAVID,MĘŻCZYZNA,21
DENIS,MĘŻCZYZNA,21
HIERONIM,MĘŻCZYZNA,21
KORDIAN,MĘŻCZYZNA,21
MAXIMILIAN,MĘŻCZYZNA,21
OKTAWIAN,MĘŻCZYZNA,21
BENJAMIN,MĘŻCZYZNA,20
KLEMENS,MĘŻCZYZNA,20
MARTIN,MĘŻCZYZNA,20
TYTUS,MĘŻCZYZNA,20
ARON,MĘŻCZYZNA,19
BRAJAN,MĘŻCZYZNA,19
ROMUALD,MĘŻCZYZNA,19
WIT,MĘŻCZYZNA,19
RUDOLF,MĘŻCZYZNA,18
VINCENT,MĘŻCZYZNA,18
ALBIN,MĘŻCZYZNA,17
MAX,MĘŻCZYZNA,17
OLIVER,MĘŻCZYZNA,17
TEOFIL,MĘŻCZYZNA,17
SZARBEL,MĘŻCZYZNA,16
MAKS,MĘŻCZYZNA,15
PAUL,MĘŻCZYZNA,15
CHARBEL,MĘŻCZYZNA,14
JAMES,MĘŻCZYZNA,14
AURELIUSZ,MĘŻCZYZNA,13
ELIASZ,MĘŻCZYZNA,13
FELIX,MĘŻCZYZNA,13
JONASZ,MĘŻCZYZNA,13
KRZESIMIR,MĘŻCZYZNA,13
RAGNAR,MĘŻCZYZNA,13
RAJMUND,MĘŻCZYZNA,13
WINCENT,MĘŻCZYZNA,13
ZIEMOWIT,MĘŻCZYZNA,13
ARIEL,MĘŻCZYZNA,12
DOBROMIR,MĘŻCZYZNA,12
ERWIN,MĘŻCZYZNA,12
NOE,MĘŻCZYZNA,12
VICTOR,MĘŻCZYZNA,12
WILHELM,MĘŻCZYZNA,12
EMILIAN,MĘŻCZYZNA,11
JACENTY,MĘŻCZYZNA,11
JOHN,MĘŻCZYZNA,11
KORNELIUSZ,MĘŻCZYZNA,11
NICOLAS,MĘŻCZYZNA,11
ANTHONY,MĘŻCZYZNA,10
IVAN,MĘŻCZYZNA,10
LIAM,MĘŻCZYZNA,10
OLIWER,MĘŻCZYZNA,10
RADOMIR,MĘŻCZYZNA,10
ZACHARY,MĘŻCZYZNA,10
AARON,MĘŻCZYZNA,9
AMBROŻY,MĘŻCZYZNA,9
GERALT,MĘŻCZYZNA,9
KEVIN,MĘŻCZYZNA,9
MAGNUS,MĘŻCZYZNA,9
NOAH,MĘŻCZYZNA,9
SERGIUSZ,MĘŻCZYZNA,9
WENANTY,MĘŻCZYZNA,9
ALI,MĘŻCZYZNA,8
ANATOL,MĘŻCZYZNA,8
BOHDAN,MĘŻCZYZNA,8
DIONIZY,MĘŻCZYZNA,8
EDWIN,MĘŻCZYZNA,8
FELICJAN,MĘŻCZYZNA,8
FERDYNAND,MĘŻCZYZNA,8
GNIEWOMIR,MĘŻCZYZNA,8
HERBERT,MĘŻCZYZNA,8
IDZI,MĘŻCZYZNA,8
IZYDOR,MĘŻCZYZNA,8
JONATAN,MĘŻCZYZNA,8
JOSEPH,MĘŻCZYZNA,8
KASJAN,MĘŻCZYZNA,8
KRYSPIN,MĘŻCZYZNA,8
ROLAND,MĘŻCZYZNA,8
WALERIAN,MĘŻCZYZNA,8
BALTAZAR,MĘŻCZYZNA,7
BARNABA,MĘŻCZYZNA,7
CHRISTIAN,MĘŻCZYZNA,7
HEKTOR,MĘŻCZYZNA,7
JOEL,MĘŻCZYZNA,7
KASPER,MĘŻCZYZNA,7
KASPIAN,MĘŻCZYZNA,7
MAKARY,MĘŻCZYZNA,7
NIKOLAS,MĘŻCZYZNA,7
PIO,MĘŻCZYZNA,7
SIMON,MĘŻCZYZNA,7
THOMAS,MĘŻCZYZNA,7
WILLIAM,MĘŻCZYZNA,7
ANTONIO,MĘŻCZYZNA,6
ARNOLD,MĘŻCZYZNA,6
BAZYLI,MĘŻCZYZNA,6
BONAWENTURA,MĘŻCZYZNA,6
CYRYL,MĘŻCZYZNA,6
FRANCESCO,MĘŻCZYZNA,6
HENRY,MĘŻCZYZNA,6
IZAAK,MĘŻCZYZNA,6
LOUIS,MĘŻCZYZNA,6
LUIS,MĘŻCZYZNA,6
MAXYMILIAN,MĘŻCZYZNA,6
MIRON,MĘŻCZYZNA,6
NATHAN,MĘŻCZYZNA,6
OLEKSANDR,MĘŻCZYZNA,6
ROMEO,MĘŻCZYZNA,6
SYRIUSZ,MĘŻCZYZNA,6
SZCZĘSNY,MĘŻCZYZNA,6
VOLODYMYR,MĘŻCZYZNA,6
ZBYSZKO,MĘŻCZYZNA,6
ANDREW,MĘŻCZYZNA,5
ANTON,MĘŻCZYZNA,5
CHRISTOPHER,MĘŻCZYZNA,5
DIEGO,MĘŻCZYZNA,5
EMIR,MĘŻCZYZNA,5
EWALD,MĘŻCZYZNA,5
GILBERT,MĘŻCZYZNA,5
GROMOSŁAW,MĘŻCZYZNA,5
IBRAHIM,MĘŻCZYZNA,5
JOZEF,MĘŻCZYZNA,5
KEWIN,MĘŻCZYZNA,5
KONSTANTYN,MĘŻCZYZNA,5
LUCJUSZ,MĘŻCZYZNA,5
LUKAS,MĘŻCZYZNA,5
MELCHIOR,MĘŻCZYZNA,5
NATHANIEL,MĘŻCZYZNA,5
NOEL,MĘŻCZYZNA,5
OSCAR,MĘŻCZYZNA,5
RAFAEL,MĘŻCZYZNA,5
SANTIAGO,MĘŻCZYZNA,5
STANISLAW,MĘŻCZYZNA,5
TYBERIUSZ,MĘŻCZYZNA,5
VALENTINO,MĘŻCZYZNA,5
WALERY,MĘŻCZYZNA,5
WALTER,MĘŻCZYZNA,5
WERNER,MĘŻCZYZNA,5
XAVIER,MĘŻCZYZNA,5
ABRAHAM,MĘŻCZYZNA,4
ALEJANDRO,MĘŻCZYZNA,4
ANGELO,MĘŻCZYZNA,4
ARKADY,MĘŻCZYZNA,4
ARMIN,MĘŻCZYZNA,4
ARTHUR,MĘŻCZYZNA,4
BARTEK,MĘŻCZYZNA,4
BASTIAN,MĘŻCZYZNA,4
BONIFACY,MĘŻCZYZNA,4
EDGAR,MĘŻCZYZNA,4
ELIGIUSZ,MĘŻCZYZNA,4
GNIEWOSZ,MĘŻCZYZNA,4
IVO,MĘŻCZYZNA,4
IWAN,MĘŻCZYZNA,4
JAROMIR,MĘŻCZYZNA,4
JONATHAN,MĘŻCZYZNA,4
JOSEF,MĘŻCZYZNA,4
JOSHUA,MĘŻCZYZNA,4
KARIM,MĘŻCZYZNA,4
KHAN,MĘŻCZYZNA,4
KILIAN,MĘŻCZYZNA,4
KRYSTYN,MĘŻCZYZNA,4
KSAWIER,MĘŻCZYZNA,4
LEE,MĘŻCZYZNA,4
LONGIN,MĘŻCZYZNA,4
LUCAS,MĘŻCZYZNA,4
MANFRED,MĘŻCZYZNA,4
MANUEL,MĘŻCZYZNA,4
MARCUS,MĘŻCZYZNA,4
MARK,MĘŻCZYZNA,4
MICHAL,MĘŻCZYZNA,4
MIGUEL,MĘŻCZYZNA,4
OLEG,MĘŻCZYZNA,4
OSWALD,MĘŻCZYZNA,4
PATRYCJUSZ,MĘŻCZYZNA,4
PAWEL,MĘŻCZYZNA,4
RADZIMIR,MĘŻCZYZNA,4
SALIM,MĘŻCZYZNA,4
VIKTOR,MĘŻCZYZNA,4
WOJTEK,MĘŻCZYZNA,4
XAWERY,MĘŻCZYZNA,4
AHMED,MĘŻCZYZNA,3
ALEKSANDR,MĘŻCZYZNA,3
ALEXANDRE,MĘŻCZYZNA,3
ANASTAZY,MĘŻCZYZNA,3
ANDREAS,MĘŻCZYZNA,3
ANZELM,MĘŻCZYZNA,3
APOLINARY,MĘŻCZYZNA,3
APOLLO,MĘŻCZYZNA,3
ATANAZY,MĘŻCZYZNA,3
AYAAN,MĘŻCZYZNA,3
BENON,MĘŻCZYZNA,3
CAN,MĘŻCZYZNA,3
DOBROMIŁ,MĘŻCZYZNA,3
DYMITR,MĘŻCZYZNA,3
EMILIO,MĘŻCZYZNA,3
EMMANUEL,MĘŻCZYZNA,3
ENZO,MĘŻCZYZNA,3
EUZEBIUSZ,MĘŻCZYZNA,3
EZECHIEL,MĘŻCZYZNA,3
FRANCIS,MĘŻCZYZNA,3
FRANK,MĘŻCZYZNA,3
GEORGE,MĘŻCZYZNA,3
GREGOR,MĘŻCZYZNA,3
GUSTAV,MĘŻCZYZNA,3
GWIDON,MĘŻCZYZNA,3
HERKULES,MĘŻCZYZNA,3
ISAAC,MĘŻCZYZNA,3
JACK,MĘŻCZYZNA,3
JACOB,MĘŻCZYZNA,3
JASON,MĘŻCZYZNA,3
JOHANN,MĘŻCZYZNA,3
JOHANNES,MĘŻCZYZNA,3
JUNIOR,MĘŻCZYZNA,3
JUSTYN,MĘŻCZYZNA,3
KAAN,MĘŻCZYZNA,3
KOBE,MĘŻCZYZNA,3
LUDWIG,MĘŻCZYZNA,3
LUKASZ,MĘŻCZYZNA,3
LUKE,MĘŻCZYZNA,3
MARKUS,MĘŻCZYZNA,3
MATTHEW,MĘŻCZYZNA,3
MILANO,MĘŻCZYZNA,3
MOJŻESZ,MĘŻCZYZNA,3
OLEK,MĘŻCZYZNA,3
ONUFRY,MĘŻCZYZNA,3
ORLANDO,MĘŻCZYZNA,3
PASCAL,MĘŻCZYZNA,3
PATRICK,MĘŻCZYZNA,3
PETER,MĘŻCZYZNA,3
PHILIP,MĘŻCZYZNA,3
PIERRE,MĘŻCZYZNA,3
RAFAL,MĘŻCZYZNA,3
RICHARD,MĘŻCZYZNA,3
RODRIGO,MĘŻCZYZNA,3
ROHAN,MĘŻCZYZNA,3
RONALD,MĘŻCZYZNA,3
SALVADOR,MĘŻCZYZNA,3
SAMBOR,MĘŻCZYZNA,3
SELIM,MĘŻCZYZNA,3
SERAFIN,MĘŻCZYZNA,3
SIEMOWIT,MĘŻCZYZNA,3
STEVEN,MĘŻCZYZNA,3
TEO,MĘŻCZYZNA,3
THEO,MĘŻCZYZNA,3
THEODOR,MĘŻCZYZNA,3
TYCJAN,MĘŻCZYZNA,3
VASYL,MĘŻCZYZNA,3
VINCENZO,MĘŻCZYZNA,3
WINICJUSZ,MĘŻCZYZNA,3
YANIS,MĘŻCZYZNA,3
ZACHARIASZ,MĘŻCZYZNA,3
ZBYSZEK,MĘŻCZYZNA,3
ZYGFRYD,MĘŻCZYZNA,3
ACHILLES,MĘŻCZYZNA,2
ADEM,MĘŻCZYZNA,2
ALEK,MĘŻCZYZNA,2
AMIR,MĘŻCZYZNA,2
ANDRE,MĘŻCZYZNA,2
ANDRÉ,MĘŻCZYZNA,2
ANDREA,MĘŻCZYZNA,2
ANDRII,MĘŻCZYZNA,2
ANTOINE,MĘŻCZYZNA,2
ARMANDO,MĘŻCZYZNA,2
ARTEM,MĘŻCZYZNA,2
ASLAN,MĘŻCZYZNA,2
AUGUSTUS,MĘŻCZYZNA,2
AWIT,MĘŻCZYZNA,2
AYAN,MĘŻCZYZNA,2
BALBIN,MĘŻCZYZNA,2
BALDUR,MĘŻCZYZNA,2
BOB,MĘŻCZYZNA,2
BOGUSZ,MĘŻCZYZNA,2
BRAYAN,MĘŻCZYZNA,2
BRIAN,MĘŻCZYZNA,2
BRYAN,MĘŻCZYZNA,2
CARLO,MĘŻCZYZNA,2
CEZAR,MĘŻCZYZNA,2
CEZARIUSZ,MĘŻCZYZNA,2
CONSTANTIN,MĘŻCZYZNA,2
DARIUS,MĘŻCZYZNA,2
DAVIS,MĘŻCZYZNA,2
DĄB,MĘŻCZYZNA,2
DENNIS,MĘŻCZYZNA,2
DIOGO,MĘŻCZYZNA,2
DIRK,MĘŻCZYZNA,2
DITER,MĘŻCZYZNA,2
DOMINIC,MĘŻCZYZNA,2
DUC,MĘŻCZYZNA,2
DYLAN,MĘŻCZYZNA,2
EFE,MĘŻCZYZNA,2
ELIAS,MĘŻCZYZNA,2
ELIOT,MĘŻCZYZNA,2
EMEKA,MĘŻCZYZNA,2
EREN,MĘŻCZYZNA,2
ERIC,MĘŻCZYZNA,2
ERIK,MĘŻCZYZNA,2
EUSTACHY,MĘŻCZYZNA,2
EVAN,MĘŻCZYZNA,2
EWARYST,MĘŻCZYZNA,2
FAUSTYN,MĘŻCZYZNA,2
FERNANDO,MĘŻCZYZNA,2
FRANEK,MĘŻCZYZNA,2
GASTON,MĘŻCZYZNA,2
GAWEŁ,MĘŻCZYZNA,2
GEORG,MĘŻCZYZNA,2
GERALD,MĘŻCZYZNA,2
GERWAZY,MĘŻCZYZNA,2
GIUSEPPE,MĘŻCZYZNA,2
GOTHARD,MĘŻCZYZNA,2
HAKAN,MĘŻCZYZNA,2
HANS,MĘŻCZYZNA,2
HARRY,MĘŻCZYZNA,2
HELMUT,MĘŻCZYZNA,2
HERMAN,MĘŻCZYZNA,2
HILARY,MĘŻCZYZNA,2
HIPOLIT,MĘŻCZYZNA,2
IKENNA,MĘŻCZYZNA,2
IMRAN,MĘŻCZYZNA,2
JANEK,MĘŻCZYZNA,2
JANUARY,MĘŻCZYZNA,2
JORDAN,MĘŻCZYZNA,2
JOSE,MĘŻCZYZNA,2
JUDA,MĘŻCZYZNA,2
JULIEN,MĘŻCZYZNA,2
JURAND,MĘŻCZYZNA,2
KALEB,MĘŻCZYZNA,2
KARL,MĘŻCZYZNA,2
KEMAL,MĘŻCZYZNA,2
KOSTEK,MĘŻCZYZNA,2
KRISTAPS,MĘŻCZYZNA,2
KURT,MĘŻCZYZNA,2
LÉO,MĘŻCZYZNA,2
LEONARDO,MĘŻCZYZNA,2
LEONID,MĘŻCZYZNA,2
LEONIDAS,MĘŻCZYZNA,2
LIONEL,MĘŻCZYZNA,2
LUBOMIR,MĘŻCZYZNA,2
ŁUCJAN,MĘŻCZYZNA,2
MAJKEL,MĘŻCZYZNA,2
MAKSIM,MĘŻCZYZNA,2
MALIK,MĘŻCZYZNA,2
MALO,MĘŻCZYZNA,2
MATTEO,MĘŻCZYZNA,2
MAURICE,MĘŻCZYZNA,2
MAXIMILLIAN,MĘŻCZYZNA,2
MIŁOSŁAW,MĘŻCZYZNA,2
MODEST,MĘŻCZYZNA,2
MOHAMED,MĘŻCZYZNA,2
MOJMIR,MĘŻCZYZNA,2
NARCYZ,MĘŻCZYZNA,2
NICOLAE,MĘŻCZYZNA,2
NIKO,MĘŻCZYZNA,2
OBINNA,MĘŻCZYZNA,2
OTTO,MĘŻCZYZNA,2
OTTON,MĘŻCZYZNA,2
OZAN,MĘŻCZYZNA,2
PABLO,MĘŻCZYZNA,2
PEDRO,MĘŻCZYZNA,2
PETRE,MĘŻCZYZNA,2
PETRO,MĘŻCZYZNA,2
PHILIPP,MĘŻCZYZNA,2
POLIKARP,MĘŻCZYZNA,2
RAMI,MĘŻCZYZNA,2
ROBERTO,MĘŻCZYZNA,2
RUFUS,MĘŻCZYZNA,2
SAMSON,MĘŻCZYZNA,2
SERGIO,MĘŻCZYZNA,2
SHAHIN,MĘŻCZYZNA,2
SHERIF,MĘŻCZYZNA,2
SIMEON,MĘŻCZYZNA,2
SINGH,MĘŻCZYZNA,2
SOBIESŁAW,MĘŻCZYZNA,2
SYLWERIUSZ,MĘŻCZYZNA,2
TAKESHI,MĘŻCZYZNA,2
TIMUR,MĘŻCZYZNA,2
VALENTIN,MĘŻCZYZNA,2
VLAD,MĘŻCZYZNA,2
WALEED,MĘŻCZYZNA,2
WLADYSLAW,MĘŻCZYZNA,2
WOLFGANG,MĘŻCZYZNA,2
YODA,MĘŻCZYZNA,2
YOUSSEF,MĘŻCZYZNA,2
ZEFIRYN,MĘŻCZYZNA,2
