IMIĘ_DRUGIE,PŁEĆ,LICZBA_WYSTĄPIEŃ
MARIA,KOBIETA,8080
ANNA,KOBIETA,5740
ZOFIA,KOBIETA,2598
MAGDALENA,KOBIETA,1970
KATARZYNA,KOBIETA,1649
JULIA,KOBIETA,1587
ALEKSANDRA,KOBIETA,1541
WIKTORIA,KOBIETA,1541
HELENA,KOBIETA,1515
EWA,KOBIETA,1437
BARBARA,KOBIETA,1421
MAŁGORZATA,KOBIETA,1361
ALICJA,KOBIETA,1230
ŁUCJA,KOBIETA,1122
WERONIKA,KOBIETA,1119
JOANNA,KOBIETA,1073
NATALIA,KOBIETA,1040
ELŻBIETA,KOBIETA,1021
AGNIESZKA,KOBIETA,1003
KAROLINA,KOBIETA,979
ZUZANNA,KOBIETA,962
LAURA,KOBIETA,938
TERESA,KOBIETA,896
EMILIA,KOBIETA,855
KRYSTYNA,KOBIETA,851
MARTA,KOBIETA,848
ANTONINA,KOBIETA,815
MAJA,KOBIETA,745
HANNA,KOBIETA,742
OLIWIA,KOBIETA,735
MONIKA,KOBIETA,684
ANASTAZJA,KOBIETA,666
JANINA,KOBIETA,644
JADWIGA,KOBIETA,635
RITA,KOBIETA,621
KLARA,KOBIETA,619
PAULINA,KOBIETA,591
AMELIA,KOBIETA,551
MARIANNA,KOBIETA,543
AGATA,KOBIETA,541
MICHALINA,KOBIETA,536
KINGA,KOBIETA,528
GABRIELA,KOBIETA,527
IRENA,KOBIETA,521
DANUTA,KOBIETA,512
DOROTA,KOBIETA,505
LENA,KOBIETA,504
RÓŻA,KOBIETA,464
ANIELA,KOBIETA,463
URSZULA,KOBIETA,446
IZABELA,KOBIETA,439
PATRYCJA,KOBIETA,412
BEATA,KOBIETA,398
DOMINIKA,KOBIETA,394
JUSTYNA,KOBIETA,357
MARCELINA,KOBIETA,342
MARTYNA,KOBIETA,337
JOLANTA,KOBIETA,331
HALINA,KOBIETA,318
KLAUDIA,KOBIETA,318
STEFANIA,KOBIETA,312
JAGODA,KOBIETA,311
KAMILA,KOBIETA,311
FAUSTYNA,KOBIETA,304
WANDA,KOBIETA,301
POLA,KOBIETA,286
KORNELIA,KOBIETA,277
ROZALIA,KOBIETA,276
NADIA,KOBIETA,263
IWONA,KOBIETA,260
LIDIA,KOBIETA,258
DARIA,KOBIETA,253
STANISŁAWA,KOBIETA,252
SYLWIA,KOBIETA,252
EWELINA,KOBIETA,251
LILIANA,KOBIETA,241
BOŻENA,KOBIETA,239
IGA,KOBIETA,225
GRAŻYNA,KOBIETA,221
NIKOLA,KOBIETA,220
BLANKA,KOBIETA,218
MILENA,KOBIETA,209
RENATA,KOBIETA,188
SARA,KOBIETA,178
MIA,KOBIETA,176
MATYLDA,KOBIETA,160
ELIZA,KOBIETA,158
CECYLIA,KOBIETA,156
AURELIA,KOBIETA,155
OLGA,KOBIETA,151
EDYTA,KOBIETA,147
JÓZEFA,KOBIETA,147
ALINA,KOBIETA,143
NINA,KOBIETA,142
KAJA,KOBIETA,141
ANETA,KOBIETA,139
ADRIANNA,KOBIETA,136
SABINA,KOBIETA,135
LUCYNA,KOBIETA,134
LILIANNA,KOBIETA,132
ANGELIKA,KOBIETA,121
GAJA,KOBIETA,120
SANDRA,KOBIETA,119
MARZENA,KOBIETA,111
FRANCISZKA,KOBIETA,106
BOGUMIŁA,KOBIETA,104
MARIOLA,KOBIETA,97
WIOLETTA,KOBIETA,95
JÓZEFINA,KOBIETA,94
DIANA,KOBIETA,90
REGINA,KOBIETA,89
NELA,KOBIETA,87
MARLENA,KOBIETA,86
KALINA,KOBIETA,84
DAGMARA,KOBIETA,83
KONSTANCJA,KOBIETA,80
APOLONIA,KOBIETA,77
MALWINA,KOBIETA,76
MIROSŁAWA,KOBIETA,76
KAZIMIERA,KOBIETA,72
LIWIA,KOBIETA,72
FELICJA,KOBIETA,71
WIESŁAWA,KOBIETA,71
IDA,KOBIETA,70
ROKSANA,KOBIETA,67
KARINA,KOBIETA,66
BERNADETA,KOBIETA,63
BIANKA,KOBIETA,63
LEOKADIA,KOBIETA,63
ANITA,KOBIETA,61
ESTERA,KOBIETA,59
LUIZA,KOBIETA,59
MELANIA,KOBIETA,57
DANIELA,KOBIETA,56
JUDYTA,KOBIETA,56
BOGUSŁAWA,KOBIETA,55
HONORATA,KOBIETA,55
IZABELLA,KOBIETA,54
MARIKA,KOBIETA,54
ELENA,KOBIETA,53
LEA,KOBIETA,53
EMMA,KOBIETA,52
JULIANNA,KOBIETA,50
ILONA,KOBIETA,49
VICTORIA,KOBIETA,49
PAULA,KOBIETA,48
ADELA,KOBIETA,46
SOFIA,KOBIETA,44
ADA,KOBIETA,42
AURORA,KOBIETA,42
SONIA,KOBIETA,42
CZESŁAWA,KOBIETA,41
HENRYKA,KOBIETA,41
WIOLETA,KOBIETA,41
CELINA,KOBIETA,40
WŁADYSŁAWA,KOBIETA,40
JULITA,KOBIETA,38
MAGDA,KOBIETA,38
NADZIEJA,KOBIETA,36
OKTAWIA,KOBIETA,36
ŻANETA,KOBIETA,36
GENOWEFA,KOBIETA,35
INGA,KOBIETA,35
WALENTYNA,KOBIETA,34
BRONISŁAWA,KOBIETA,33
OTYLIA,KOBIETA,33
OLIVIA,KOBIETA,32
LILIA,KOBIETA,30
GLORIA,KOBIETA,29
HIACYNTA,KOBIETA,29
BERNADETTA,KOBIETA,28
BRYGIDA,KOBIETA,28
ELEONORA,KOBIETA,28
KLEMENTYNA,KOBIETA,28
OLIMPIA,KOBIETA,28
WALERIA,KOBIETA,28
ANDŻELIKA,KOBIETA,27
LILA,KOBIETA,26
NEL,KOBIETA,26
VIOLETTA,KOBIETA,26
JAGNA,KOBIETA,25
JAŚMINA,KOBIETA,25
ALDONA,KOBIETA,24
EUGENIA,KOBIETA,24
MALINA,KOBIETA,24
ROMA,KOBIETA,23
ROSE,KOBIETA,23
ADRIANA,KOBIETA,22
AMANDA,KOBIETA,22
LUDWIKA,KOBIETA,21
NATASZA,KOBIETA,21
ZOJA,KOBIETA,21
DOBRAWA,KOBIETA,20
MIRIAM,KOBIETA,20
VIKTORIA,KOBIETA,20
FLORENTYNA,KOBIETA,19
NOEMI,KOBIETA,19
VANESSA,KOBIETA,19
MARIE,KOBIETA,18
NICOLA,KOBIETA,18
JOWITA,KOBIETA,17
SOPHIA,KOBIETA,17
INKA,KOBIETA,16
LUNA,KOBIETA,16
MARIETTA,KOBIETA,16
MIRA,KOBIETA,16
PELAGIA,KOBIETA,16
STELLA,KOBIETA,16
ELIZABETH,KOBIETA,15
FILOMENA,KOBIETA,15
ALEXANDRA,KOBIETA,14
ANTONIA,KOBIETA,14
LARA,KOBIETA,14
MERCEDES,KOBIETA,14
SALOMEA,KOBIETA,14
SAMANTA,KOBIETA,14
TAMARA,KOBIETA,14
ISABELLA,KOBIETA,13
KSENIA,KOBIETA,13
LUDMIŁA,KOBIETA,13
SOPHIE,KOBIETA,13
DALIA,KOBIETA,12
EVA,KOBIETA,12
INES,KOBIETA,12
LILI,KOBIETA,12
LIVIA,KOBIETA,12
MARCJANNA,KOBIETA,12
BALBINA,KOBIETA,11
BOGNA,KOBIETA,11
ELWIRA,KOBIETA,11
GERTRUDA,KOBIETA,11
INEZ,KOBIETA,11
JESSICA,KOBIETA,11
LILLA,KOBIETA,11
MARCELA,KOBIETA,11
ZDZISŁAWA,KOBIETA,11
ADELAJDA,KOBIETA,10
ERYKA,KOBIETA,10
LARYSA,KOBIETA,10
NICOLE,KOBIETA,10
TATIANA,KOBIETA,10
CARMEN,KOBIETA,9
CIRILLA,KOBIETA,9
MELISA,KOBIETA,9
NAOMI,KOBIETA,9
NAWOJKA,KOBIETA,9
OLA,KOBIETA,9
ZYTA,KOBIETA,9
AMALIA,KOBIETA,8
BOŻENNA,KOBIETA,8
ELISABETH,KOBIETA,8
MARYLA,KOBIETA,8
MIECZYSŁAWA,KOBIETA,8
ARLETA,KOBIETA,7
DOBROSŁAWA,KOBIETA,7
HILDEGARDA,KOBIETA,7
LAILA,KOBIETA,7
LILLY,KOBIETA,7
LINDA,KOBIETA,7
LUKRECJA,KOBIETA,7
MARGARET,KOBIETA,7
MAYA,KOBIETA,7
ORIANA,KOBIETA,7
TEODORA,KOBIETA,7
VALENTINA,KOBIETA,7
ALFREDA,KOBIETA,6
ALICE,KOBIETA,6
ANA,KOBIETA,6
ANASTASIA,KOBIETA,6
ANDREA,KOBIETA,6
ANGELINA,KOBIETA,6
ARIANA,KOBIETA,6
EULALIA,KOBIETA,6
FATIMA,KOBIETA,6
FLORA,KOBIETA,6
GABRIELLA,KOBIETA,6
GIZELA,KOBIETA,6
HANA,KOBIETA,6
IRMINA,KOBIETA,6
JOSEPHINE,KOBIETA,6
KAMILLA,KOBIETA,6
LEONIA,KOBIETA,6
LUCJA,KOBIETA,6
MARZANNA,KOBIETA,6
NASTIA,KOBIETA,6
RACHELA,KOBIETA,6
ROMANA,KOBIETA,6
RYSZARDA,KOBIETA,6
SŁAWA,KOBIETA,6
TEODOZJA,KOBIETA,6
TOLA,KOBIETA,6
WANESA,KOBIETA,6
ZENONA,KOBIETA,6
ZOE,KOBIETA,6
ABIGAIL,KOBIETA,5
ALBINA,KOBIETA,5
AMINA,KOBIETA,5
ANGELA,KOBIETA,5
ARIA,KOBIETA,5
AUGUSTYNA,KOBIETA,5
BERENIKA,KOBIETA,5
CHARLOTTE,KOBIETA,5
CLARA,KOBIETA,5
DAJANA,KOBIETA,5
DOMICELA,KOBIETA,5
DONATA,KOBIETA,5
ELISA,KOBIETA,5
ELLA,KOBIETA,5
GRETA,KOBIETA,5
JANA,KOBIETA,5
JANE,KOBIETA,5
LONGINA,KOBIETA,5
MARIIA,KOBIETA,5
MILA,KOBIETA,5
MIRELA,KOBIETA,5
MIRELLA,KOBIETA,5
PATRICIA,KOBIETA,5
RUT,KOBIETA,5
RUTA,KOBIETA,5
SAWA,KOBIETA,5
SIMONA,KOBIETA,5
ZARA,KOBIETA,5
ŻYWIA,KOBIETA,5
AMIRA,KOBIETA,4
ANETTA,KOBIETA,4
ARLETTA,KOBIETA,4
AUGUSTA,KOBIETA,4
AYLA,KOBIETA,4
BIANCA,KOBIETA,4
BOLESŁAWA,KOBIETA,4
CARLA,KOBIETA,4
CECILIA,KOBIETA,4
CELESTYNA,KOBIETA,4
CLAUDIA,KOBIETA,4
ELIF,KOBIETA,4
FRIDA,KOBIETA,4
GRACE,KOBIETA,4
GRACJA,KOBIETA,4
HALSZKA,KOBIETA,4
INA,KOBIETA,4
IRINA,KOBIETA,4
JASMINA,KOBIETA,4
KATE,KOBIETA,4
KATIA,KOBIETA,4
KAUR,KOBIETA,4
KRZYSZTOFA,KOBIETA,4
LEONTYNA,KOBIETA,4
LIGIA,KOBIETA,4
LISA,KOBIETA,4
LORENA,KOBIETA,4
LUCIA,KOBIETA,4
MAI,KOBIETA,4
MARINA,KOBIETA,4
MIJA,KOBIETA,4
MIKA,KOBIETA,4
NELIA,KOBIETA,4
PAMELA,KOBIETA,4
PETRONELA,KOBIETA,4
RAFKA,KOBIETA,4
RAISA,KOBIETA,4
SAMIRA,KOBIETA,4
SCARLETT,KOBIETA,4
SELENA,KOBIETA,4
VERONICA,KOBIETA,4
WACŁAWA,KOBIETA,4
WANESSA,KOBIETA,4
WIRGINIA,KOBIETA,4
ADAMINA,KOBIETA,3
AGNES,KOBIETA,3
AISHA,KOBIETA,3
AMBER,KOBIETA,3
ANABELLA,KOBIETA,3
ANIKA,KOBIETA,3
ANN,KOBIETA,3
ANNE,KOBIETA,3
ARKADIA,KOBIETA,3
ARYA,KOBIETA,3
ASTRID,KOBIETA,3
BLANCA,KOBIETA,3
BONA,KOBIETA,3
CATALEYA,KOBIETA,3
CHIARA,KOBIETA,3
DOBROCHNA,KOBIETA,3
DOBROMIŁA,KOBIETA,3
DŻESIKA,KOBIETA,3
ELFRYDA,KOBIETA,3
ELZA,KOBIETA,3
EMMANUELA,KOBIETA,3
EUNIKA,KOBIETA,3
EVE,KOBIETA,3
FELIKSA,KOBIETA,3
FILIPINA,KOBIETA,3
GERDA,KOBIETA,3
GIANNA,KOBIETA,3
HERMINA,KOBIETA,3
HOPE,KOBIETA,3
IRIS,KOBIETA,3
IRMA,KOBIETA,3
ISABELLE,KOBIETA,3
IVANNA,KOBIETA,3
JASMIN,KOBIETA,3
JASMINE,KOBIETA,3
KATALEJA,KOBIETA,3
KATHARINA,KOBIETA,3
KORA,KOBIETA,3
KSYMENA,KOBIETA,3
LAJLA,KOBIETA,3
LEILA,KOBIETA,3
LETICIA,KOBIETA,3
LETYCJA,KOBIETA,3
LILLI,KOBIETA,3
LILY,KOBIETA,3
MAJKA,KOBIETA,3
MARA,KOBIETA,3
MARY,KOBIETA,3
MARYSIA,KOBIETA,3
MATILDA,KOBIETA,3
MELODY,KOBIETA,3
NICOL,KOBIETA,3
NUR,KOBIETA,3
OFELIA,KOBIETA,3
OLEKSANDRA,KOBIETA,3
OTOLIA,KOBIETA,3
RADOCHNA,KOBIETA,3
REBEKA,KOBIETA,3
ROSA,KOBIETA,3
ROSALIA,KOBIETA,3
SOFI,KOBIETA,3
VERONIKA,KOBIETA,3
WALENTINA,KOBIETA,3
WILHELMINA,KOBIETA,3
ZENOBIA,KOBIETA,3
ADELINA,KOBIETA,2
ALBA,KOBIETA,2
ALEV,KOBIETA,2
ANABEL,KOBIETA,2
ANABELLE,KOBIETA,2
ANATOLIA,KOBIETA,2
ANNABELLE,KOBIETA,2
ARIADNA,KOBIETA,2
ARIANNA,KOBIETA,2
ASHLEY,KOBIETA,2
ATENA,KOBIETA,2
AYA,KOBIETA,2
BEATRYCZE,KOBIETA,2
BELLA,KOBIETA,2
BERNADETTE,KOBIETA,2
BERNARDA,KOBIETA,2
BERNARDYNA,KOBIETA,2
BIBIANNA,KOBIETA,2
CATHERINE,KOBIETA,2
CELINE,KOBIETA,2
CHRISTINA,KOBIETA,2
CYNTIA,KOBIETA,2
DĄBRÓWKA,KOBIETA,2
DELFINA,KOBIETA,2
EFTYCHIA,KOBIETA,2
ELIGIA,KOBIETA,2
ELISE,KOBIETA,2
ELLEN,KOBIETA,2
EMANUELA,KOBIETA,2
EMI,KOBIETA,2
EMILA,KOBIETA,2
EMILY,KOBIETA,2
ERNA,KOBIETA,2
ERNESTYNA,KOBIETA,2
ESPERANZA,KOBIETA,2
ESTER,KOBIETA,2
EUFEMIA,KOBIETA,2
EVELYN,KOBIETA,2
FATMA,KOBIETA,2
FELICYTA,KOBIETA,2
FLORENCE,KOBIETA,2
FREJA,KOBIETA,2
GABRIELLE,KOBIETA,2
GAIA,KOBIETA,2
GALENA,KOBIETA,2
GALIA,KOBIETA,2
GEMMA,KOBIETA,2
GEORGINA,KOBIETA,2
GIULIA,KOBIETA,2
GRACJANA,KOBIETA,2
ISABEL,KOBIETA,2
ISMENA,KOBIETA,2
IVY,KOBIETA,2
IZA,KOBIETA,2
JACQUELINE,KOBIETA,2
JANKA,KOBIETA,2
JESIKA,KOBIETA,2
JOHANNA,KOBIETA,2
JOY,KOBIETA,2
JULIANA,KOBIETA,2
KAMA,KOBIETA,2
KAMELIA,KOBIETA,2
KASANDRA,KOBIETA,2
KIRA,KOBIETA,2
KORNELA,KOBIETA,2
KUNEGUNDA,KOBIETA,2
LÉA,KOBIETA,2
LEE,KOBIETA,2
LEIA,KOBIETA,2
LEONA,KOBIETA,2
LEONARDA,KOBIETA,2
LEONIE,KOBIETA,2
LEONORA,KOBIETA,2
LIA,KOBIETA,2
LINA,KOBIETA,2
LIZA,KOBIETA,2
LOUISE,KOBIETA,2
LUCY,KOBIETA,2
LUDWINA,KOBIETA,2
LY,KOBIETA,2
MADISON,KOBIETA,2
MALIKA,KOBIETA,2
MARGARIDA,KOBIETA,2
MARIAM,KOBIETA,2
MARISA,KOBIETA,2
MARIYA,KOBIETA,2
MARTIKA,KOBIETA,2
MARZENNA,KOBIETA,2
MEI,KOBIETA,2
MELANIE,KOBIETA,2
MICHAELA,KOBIETA,2
MILANA,KOBIETA,2
MILIANA,KOBIETA,2
MIŁA,KOBIETA,2
MIRANDA,KOBIETA,2
MODESTA,KOBIETA,2
NARCISA,KOBIETA,2
NATHALIE,KOBIETA,2
NELLA,KOBIETA,2
NOELIA,KOBIETA,2
NOELLE,KOBIETA,2
ODETTA,KOBIETA,2
PAULINE,KOBIETA,2
PRZEMYSŁAWA,KOBIETA,2
PUTRI,KOBIETA,2
REBECCA,KOBIETA,2
ROZA,KOBIETA,2
RUBY,KOBIETA,2
RUTH,KOBIETA,2
SARAH,KOBIETA,2
SCHOLASTYKA,KOBIETA,2
SERAFINA,KOBIETA,2
SŁAWOMIRA,KOBIETA,2
STEFANOVA,KOBIETA,2
STEPHANIE,KOBIETA,2
SUSAN,KOBIETA,2
SYBILLA,KOBIETA,2
SZCZĘSNA,KOBIETA,2
ŚWIĘTOSŁAWA,KOBIETA,2
TALITA,KOBIETA,2
TEKLA,KOBIETA,2
TINA,KOBIETA,2
VALENTYNA,KOBIETA,2
VASILIKI,KOBIETA,2
VIRA,KOBIETA,2
VITTORIA,KOBIETA,2
WALESKA,KOBIETA,2
WENANCJA,KOBIETA,2
WIERA,KOBIETA,2
WIOLA,KOBIETA,2
ZAHRA,KOBIETA,2
ZOSIA,KOBIETA,2
ŻAKLINA,KOBIETA,2
