IMIĘ_DRUGIE,PŁEĆ,LICZBA_WYSTĄPIEŃ
MARIA,KOBIETA,8592
ANNA,KOBIETA,6344
ZOFIA,KOBIETA,2720
MAGDALENA,KOBIETA,2248
KATARZYNA,KOBIETA,1893
WIKTORIA,KOBIETA,1743
HELENA,KOBIETA,1714
ALEKSANDRA,KOBIETA,1645
JULIA,KOBIETA,1632
EWA,KOBIETA,1583
MAŁGORZATA,KOBIETA,1573
BARBARA,KOBIETA,1530
ALICJA,KOBIETA,1328
JOANNA,KOBIETA,1167
WERONIKA,KOBIETA,1141
ŁUCJA,KOBIETA,1122
ELŻBIETA,KOBIETA,1120
KAROLINA,KOBIETA,1115
NATALIA,KOBIETA,1111
AGNIESZKA,KOBIETA,1100
ZUZANNA,KOBIETA,1038
TERESA,KOBIETA,962
EMILIA,KOBIETA,956
MARTA,KOBIETA,913
KRYSTYNA,KOBIETA,901
ANTONINA,KOBIETA,847
MAJA,KOBIETA,839
HANNA,KOBIETA,838
OLIWIA,KOBIETA,787
MONIKA,KOBIETA,779
LAURA,KOBIETA,699
JADWIGA,KOBIETA,693
JANINA,KOBIETA,677
PAULINA,KOBIETA,676
ANASTAZJA,KOBIETA,674
LENA,KOBIETA,646
AMELIA,KOBIETA,626
AGATA,KOBIETA,587
KLARA,KOBIETA,581
RITA,KOBIETA,578
MICHALINA,KOBIETA,573
DOROTA,KOBIETA,567
DANUTA,KOBIETA,558
GABRIELA,KOBIETA,558
KINGA,KOBIETA,553
IRENA,KOBIETA,549
MARIANNA,KOBIETA,526
RÓŻA,KOBIETA,496
IZABELA,KOBIETA,484
URSZULA,KOBIETA,484
ANIELA,KOBIETA,443
PATRYCJA,KOBIETA,439
JUSTYNA,KOBIETA,421
DOMINIKA,KOBIETA,415
BEATA,KOBIETA,408
JOLANTA,KOBIETA,362
KLAUDIA,KOBIETA,347
MARCELINA,KOBIETA,344
KAMILA,KOBIETA,341
NADIA,KOBIETA,336
HALINA,KOBIETA,332
JAGODA,KOBIETA,326
MARTYNA,KOBIETA,316
STEFANIA,KOBIETA,315
WANDA,KOBIETA,308
IWONA,KOBIETA,307
SYLWIA,KOBIETA,302
KORNELIA,KOBIETA,298
FAUSTYNA,KOBIETA,282
LILIANA,KOBIETA,273
EWELINA,KOBIETA,262
GRAŻYNA,KOBIETA,256
LIDIA,KOBIETA,252
ROZALIA,KOBIETA,248
POLA,KOBIETA,242
STANISŁAWA,KOBIETA,240
BOŻENA,KOBIETA,231
DARIA,KOBIETA,229
IGA,KOBIETA,228
NIKOLA,KOBIETA,220
RENATA,KOBIETA,219
SARA,KOBIETA,208
MILENA,KOBIETA,207
BLANKA,KOBIETA,190
OLGA,KOBIETA,188
ANETA,KOBIETA,188
MATYLDA,KOBIETA,179
LUCYNA,KOBIETA,160
AURELIA,KOBIETA,160
MARZENA,KOBIETA,157
NINA,KOBIETA,155
EDYTA,KOBIETA,154
ANGELIKA,KOBIETA,152
SABINA,KOBIETA,147
SANDRA,KOBIETA,143
MIA,KOBIETA,140
ELIZA,KOBIETA,140
CECYLIA,KOBIETA,137
JÓZEFA,KOBIETA,137
ADRIANNA,KOBIETA,133
ALINA,KOBIETA,128
KAJA,KOBIETA,124
BOGUMIŁA,KOBIETA,121
LILIANNA,KOBIETA,113
ROKSANA,KOBIETA,98
WIOLETTA,KOBIETA,97
WIESŁAWA,KOBIETA,97
FRANCISZKA,KOBIETA,96
MARIOLA,KOBIETA,94
DAGMARA,KOBIETA,93
MARLENA,KOBIETA,91
DIANA,KOBIETA,88
ANITA,KOBIETA,83
JÓZEFINA,KOBIETA,82
KONSTANCJA,KOBIETA,82
MELANIA,KOBIETA,81
REGINA,KOBIETA,77
KARINA,KOBIETA,75
NELA,KOBIETA,73
MIROSŁAWA,KOBIETA,73
KALINA,KOBIETA,73
GAJA,KOBIETA,72
MARIKA,KOBIETA,72
MALWINA,KOBIETA,71
LUIZA,KOBIETA,70
ILONA,KOBIETA,70
EMMA,KOBIETA,66
APOLONIA,KOBIETA,64
LEOKADIA,KOBIETA,63
BERNADETA,KOBIETA,63
IZABELLA,KOBIETA,62
DANIELA,KOBIETA,60
WIOLETA,KOBIETA,60
HONORATA,KOBIETA,60
IDA,KOBIETA,59
KAZIMIERA,KOBIETA,59
VICTORIA,KOBIETA,58
LEA,KOBIETA,58
ELENA,KOBIETA,58
PAULA,KOBIETA,58
FELICJA,KOBIETA,58
ESTERA,KOBIETA,55
BIANKA,KOBIETA,55
LIWIA,KOBIETA,54
BOGUSŁAWA,KOBIETA,52
CELINA,KOBIETA,51
BRONISŁAWA,KOBIETA,50
GENOWEFA,KOBIETA,49
WŁADYSŁAWA,KOBIETA,48
ADA,KOBIETA,48
CZESŁAWA,KOBIETA,47
JULITA,KOBIETA,45
LILIA,KOBIETA,45
JUDYTA,KOBIETA,44
ŻANETA,KOBIETA,44
SONIA,KOBIETA,44
HENRYKA,KOBIETA,44
ELEONORA,KOBIETA,42
ADELA,KOBIETA,41
INGA,KOBIETA,40
JULIANNA,KOBIETA,40
SOFIA,KOBIETA,39
OTYLIA,KOBIETA,38
GLORIA,KOBIETA,38
JOWITA,KOBIETA,37
AURORA,KOBIETA,36
MALINA,KOBIETA,36
ANDŻELIKA,KOBIETA,35
OKTAWIA,KOBIETA,34
AMANDA,KOBIETA,33
VIOLETTA,KOBIETA,32
HIACYNTA,KOBIETA,32
WALERIA,KOBIETA,31
LUDWIKA,KOBIETA,31
NICOLA,KOBIETA,31
NOEMI,KOBIETA,31
MAGDA,KOBIETA,30
JAŚMINA,KOBIETA,30
WALENTYNA,KOBIETA,30
EUGENIA,KOBIETA,29
LARA,KOBIETA,29
OLIVIA,KOBIETA,29
MIRIAM,KOBIETA,28
ROMA,KOBIETA,28
KLEMENTYNA,KOBIETA,28
BERNADETTA,KOBIETA,27
BRYGIDA,KOBIETA,27
ROSE,KOBIETA,26
VIKTORIA,KOBIETA,26
NADZIEJA,KOBIETA,26
NATASZA,KOBIETA,26
ZOJA,KOBIETA,25
VANESSA,KOBIETA,25
LILA,KOBIETA,24
ADRIANA,KOBIETA,24
OLIMPIA,KOBIETA,23
NEL,KOBIETA,23
JAGNA,KOBIETA,23
MIRA,KOBIETA,22
BALBINA,KOBIETA,21
FLORENTYNA,KOBIETA,20
ALDONA,KOBIETA,20
INKA,KOBIETA,19
IRMINA,KOBIETA,18
PELAGIA,KOBIETA,18
CARMEN,KOBIETA,18
GERTRUDA,KOBIETA,17
JESSICA,KOBIETA,17
MARIE,KOBIETA,17
ELWIRA,KOBIETA,17
MERCEDES,KOBIETA,16
ZYTA,KOBIETA,16
ALEXANDRA,KOBIETA,16
DOBRAWA,KOBIETA,16
MARIETTA,KOBIETA,16
ELIZABETH,KOBIETA,15
ERYKA,KOBIETA,15
LUDMIŁA,KOBIETA,15
FILOMENA,KOBIETA,15
SOPHIE,KOBIETA,14
TAMARA,KOBIETA,14
TOLA,KOBIETA,14
SALOMEA,KOBIETA,14
STELLA,KOBIETA,13
ADELAJDA,KOBIETA,13
MARCJANNA,KOBIETA,12
ANTONIA,KOBIETA,12
LUNA,KOBIETA,12
INEZ,KOBIETA,12
ZOE,KOBIETA,12
LILI,KOBIETA,12
LILLA,KOBIETA,11
SAMANTA,KOBIETA,11
ARLETA,KOBIETA,11
MIECZYSŁAWA,KOBIETA,11
MAYA,KOBIETA,11
WANESSA,KOBIETA,11
DALIA,KOBIETA,11
EVA,KOBIETA,11
GRACE,KOBIETA,11
TATIANA,KOBIETA,11
BERENIKA,KOBIETA,11
SOPHIA,KOBIETA,10
LIVIA,KOBIETA,10
ZDZISŁAWA,KOBIETA,10
BELLA,KOBIETA,10
BOGNA,KOBIETA,10
EMILY,KOBIETA,9
RUT,KOBIETA,9
GIZELA,KOBIETA,9
MARZANNA,KOBIETA,9
MIRELA,KOBIETA,9
INES,KOBIETA,9
ALFREDA,KOBIETA,9
MARCELA,KOBIETA,9
NICOLE,KOBIETA,9
ARIANA,KOBIETA,9
ANGELINA,KOBIETA,9
LIGIA,KOBIETA,8
MILA,KOBIETA,8
GRETA,KOBIETA,8
DONATA,KOBIETA,8
ELLA,KOBIETA,8
JANA,KOBIETA,8
CHARLOTTE,KOBIETA,8
ANA,KOBIETA,8
NAOMI,KOBIETA,8
DOBROSŁAWA,KOBIETA,8
LETYCJA,KOBIETA,8
GAIA,KOBIETA,8
ALICE,KOBIETA,8
MANUELA,KOBIETA,8
MELISA,KOBIETA,8
OLA,KOBIETA,8
WIERA,KOBIETA,8
AMALIA,KOBIETA,8
ANETTA,KOBIETA,8
LUKRECJA,KOBIETA,8
TEODOZJA,KOBIETA,8
KRZYSZTOFA,KOBIETA,7
SŁAWA,KOBIETA,7
FATIMA,KOBIETA,7
LUCJA,KOBIETA,7
CIRILLA,KOBIETA,7
IRIS,KOBIETA,7
-,KOBIETA,7
OKSANA,KOBIETA,7
CELESTYNA,KOBIETA,7
ANGELA,KOBIETA,7
ISABELLA,KOBIETA,7
CATALEYA,KOBIETA,6
KRISTINA,KOBIETA,6
MELISSA,KOBIETA,6
CHELSEA,KOBIETA,6
VALENTINA,KOBIETA,6
ALICIA,KOBIETA,6
ZENONA,KOBIETA,6
ROSA,KOBIETA,6
JANE,KOBIETA,6
FRANCESCA,KOBIETA,6
LUCY,KOBIETA,6
AMIRA,KOBIETA,6
ISABEL,KOBIETA,6
MAY,KOBIETA,6
MICHELLE,KOBIETA,6
HANNAH,KOBIETA,5
BOŻENNA,KOBIETA,5
FRIDA,KOBIETA,5
NIKOL,KOBIETA,5
GABRIELLA,KOBIETA,5
KAUR,KOBIETA,5
ARIANNA,KOBIETA,5
TEODORA,KOBIETA,5
CLAUDIA,KOBIETA,5
LIZA,KOBIETA,5
CLARA,KOBIETA,5
ERNA,KOBIETA,5
LILY,KOBIETA,5
ROMANA,KOBIETA,5
HILDEGARDA,KOBIETA,5
LILLY,KOBIETA,5
OFELIA,KOBIETA,5
ANASTASIA,KOBIETA,5
NAWOJKA,KOBIETA,5
ANIKA,KOBIETA,5
MARINA,KOBIETA,5
PATRICIA,KOBIETA,5
ARIA,KOBIETA,5
RAE,KOBIETA,5
DAJANA,KOBIETA,5
AGNES,KOBIETA,5
NOELIA,KOBIETA,5
REBEKA,KOBIETA,5
LEONARDA,KOBIETA,5
NELIA,KOBIETA,5
LOUISE,KOBIETA,5
ARLETTA,KOBIETA,4
LONGINA,KOBIETA,4
MIRELLA,KOBIETA,4
TEKLA,KOBIETA,4
MIRANDA,KOBIETA,4
ALBINA,KOBIETA,4
MARY,KOBIETA,4
LUBA,KOBIETA,4
NELLA,KOBIETA,4
EDWARDA,KOBIETA,4
INA,KOBIETA,4
WANESA,KOBIETA,4
ANNE,KOBIETA,4
SYLVIA,KOBIETA,4
LIANA,KOBIETA,4
SIMONA,KOBIETA,4
ROSALIA,KOBIETA,4
MICHAELA,KOBIETA,4
ŻYWIA,KOBIETA,4
JASMINA,KOBIETA,4
LEILA,KOBIETA,4
MILANA,KOBIETA,4
FELIKSA,KOBIETA,4
LIA,KOBIETA,4
LEAH,KOBIETA,4
LEONIA,KOBIETA,4
ANGEL,KOBIETA,4
MARIIA,KOBIETA,4
MARGARET,KOBIETA,4
DEBORA,KOBIETA,4
JULIETTA,KOBIETA,4
KIRA,KOBIETA,4
MALGORZATA,KOBIETA,4
BOLESŁAWA,KOBIETA,4
LARYSA,KOBIETA,4
CHLOE,KOBIETA,4
LEONIE,KOBIETA,4
ZENOBIA,KOBIETA,4
JENNIFER,KOBIETA,4
JASMIN,KOBIETA,4
ELISABETH,KOBIETA,4
CLAIRE,KOBIETA,4
IDALIA,KOBIETA,3
MIŁOCHNA,KOBIETA,3
MARGOT,KOBIETA,3
LUCIA,KOBIETA,3
FELICYTA,KOBIETA,3
IRMA,KOBIETA,3
HELEN,KOBIETA,3
FRANCES,KOBIETA,3
ADEL,KOBIETA,3
KASANDRA,KOBIETA,3
DOBROMIŁA,KOBIETA,3
ISKRA,KOBIETA,3
SŁAWOMIRA,KOBIETA,3
VIVIANA,KOBIETA,3
LATIKA,KOBIETA,3
AVA,KOBIETA,3
MARTINA,KOBIETA,3
GALINA,KOBIETA,3
NUR,KOBIETA,3
RAMONA,KOBIETA,3
BRAK DANYCH,KOBIETA,3
JULIE,KOBIETA,3
ERNESTYNA,KOBIETA,3
GERDA,KOBIETA,3
BLANCA,KOBIETA,3
ELISA,KOBIETA,3
MARI,KOBIETA,3
KLAUDYNA,KOBIETA,3
STEPHANIE,KOBIETA,3
ISABELLE,KOBIETA,3
LORENA,KOBIETA,3
CHLOÉ,KOBIETA,3
MATILDA,KOBIETA,3
KATE,KOBIETA,3
NAWOJA,KOBIETA,3
SABRINA,KOBIETA,3
IZA,KOBIETA,3
KATIA,KOBIETA,3
PIA,KOBIETA,3
FLORENCE,KOBIETA,3
KAMELIA,KOBIETA,3
LEIA,KOBIETA,3
SAMIRA,KOBIETA,3
KORA,KOBIETA,3
JASMINE,KOBIETA,3
JEAN,KOBIETA,3
BIANCA,KOBIETA,3
SEWERYNA,KOBIETA,3
VIVIENNE,KOBIETA,3
ARIANE,KOBIETA,3
KIARA,KOBIETA,3
MELANIE,KOBIETA,3
MAE,KOBIETA,3
SANCJA,KOBIETA,3
AMBER,KOBIETA,3
ABIGAIL,KOBIETA,3
ARIADNA,KOBIETA,3
MARIAM,KOBIETA,3
EUFEMIA,KOBIETA,3
ANH,KOBIETA,3
MARYLA,KOBIETA,3
LAYLA,KOBIETA,3
EMANUELA,KOBIETA,3
IVANKA,KOBIETA,3
ŚNIEŻKA,KOBIETA,3
ANNABELLE,KOBIETA,3
ASTRID,KOBIETA,3
SAWA,KOBIETA,3
ATENA,KOBIETA,3
KSENIA,KOBIETA,3
JACQUELINE,KOBIETA,2
FABIENNE,KOBIETA,2
HOLLY,KOBIETA,2
ARYA,KOBIETA,2
JOYCE,KOBIETA,2
ANN,KOBIETA,2
ALBERTYNA,KOBIETA,2
CORNELIA,KOBIETA,2
ANIA,KOBIETA,2
CAROLINE,KOBIETA,2
FAITH,KOBIETA,2
MINH,KOBIETA,2
AIDA,KOBIETA,2
MALKA,KOBIETA,2
ZOYA,KOBIETA,2
EULALIA,KOBIETA,2
WACŁAWA,KOBIETA,2
SATYA,KOBIETA,2
CHANEL,KOBIETA,2
ADAMINA,KOBIETA,2
DOLORES,KOBIETA,2
ADELE,KOBIETA,2
NICOL,KOBIETA,2
KASIA,KOBIETA,2
TULIA,KOBIETA,2
NICOLETA,KOBIETA,2
GABRYELA,KOBIETA,2
ALANA,KOBIETA,2
BENITA,KOBIETA,2
RAISA,KOBIETA,2
AMAYA,KOBIETA,2
DOBROMIRA,KOBIETA,2
HANA,KOBIETA,2
LUDOMIRA,KOBIETA,2
BASIA,KOBIETA,2
LEJLA,KOBIETA,2
GEORGINA,KOBIETA,2
KSENIIA,KOBIETA,2
ANDREEA,KOBIETA,2
MELA,KOBIETA,2
VERONIKA,KOBIETA,2
JESSIKA,KOBIETA,2
ZOSIA,KOBIETA,2
TOMIRA,KOBIETA,2
BIBIANNA,KOBIETA,2
OLENA,KOBIETA,2
ERIKA,KOBIETA,2
JENNY,KOBIETA,2
SELENA,KOBIETA,2
FRYDERYKA,KOBIETA,2
ELZBIETA,KOBIETA,2
BERNARDYNA,KOBIETA,2
ZAHRA,KOBIETA,2
ELISE,KOBIETA,2
CAROLINA,KOBIETA,2
KAYA,KOBIETA,2
LEYLA,KOBIETA,2
KATALEJA,KOBIETA,2
KAMILIA,KOBIETA,2
ARKADIA,KOBIETA,2
VIVIEN,KOBIETA,2
LOU,KOBIETA,2
MARZENNA,KOBIETA,2
LUISA,KOBIETA,2
DAGNA,KOBIETA,2
GRACJA,KOBIETA,2
LISA,KOBIETA,2
HELGA,KOBIETA,2
MARIJA,KOBIETA,2
PAMELA,KOBIETA,2
KARMELA,KOBIETA,2
JULIANA,KOBIETA,2
HOPE,KOBIETA,2
NATALIE,KOBIETA,2
KASJANA,KOBIETA,2
KAREN,KOBIETA,2
LAURENCJA,KOBIETA,2
CYNTIA,KOBIETA,2
IVY,KOBIETA,2
LESLEY,KOBIETA,2
FLORA,KOBIETA,2
RACHEL,KOBIETA,2
IMELDA,KOBIETA,2
ATHENA,KOBIETA,2
AMRITA,KOBIETA,2
EVELYN,KOBIETA,2
MARIETA,KOBIETA,2
MERYEM,KOBIETA,2
CHRISTINA,KOBIETA,2
RYSZARDA,KOBIETA,2
EMILIANA,KOBIETA,2
NASTAZJA,KOBIETA,2
KATHERINE,KOBIETA,2
FREJA,KOBIETA,2
NELLY,KOBIETA,2
NIKOLETTA,KOBIETA,2
HERMINA,KOBIETA,2
CECILIA,KOBIETA,2
ROMUALDA,KOBIETA,2
LAILA,KOBIETA,2
ASSIA,KOBIETA,2
MIJA,KOBIETA,2
MARYNA,KOBIETA,2
ODETTA,KOBIETA,2
ŚWIĘTOSŁAWA,KOBIETA,2
FLAWIA,KOBIETA,2
HALIMA,KOBIETA,2
DENISA,KOBIETA,2
LEONTYNA,KOBIETA,2
BEATRICE,KOBIETA,2
WILHELMINA,KOBIETA,2
ALISA,KOBIETA,2
MARGARITA,KOBIETA,2
HANIA,KOBIETA,2
SARAH,KOBIETA,2
JUTTA,KOBIETA,2
MICHÈLE,KOBIETA,2
CARLA,KOBIETA,2
MASZA,KOBIETA,2
MAJKA,KOBIETA,2
DĄBRÓWKA,KOBIETA,2
EUNIKA,KOBIETA,2
ALESSANDRA,KOBIETA,2
ELSIE,KOBIETA,2
ALMA,KOBIETA,2
SERAFINA,KOBIETA,2
ADELINA,KOBIETA,2
PETRONELA,KOBIETA,2
TEOFILA,KOBIETA,2
YASEMIN,KOBIETA,2
ARMINA,KOBIETA,2
ARJA,KOBIETA,2
HANKA,KOBIETA,2
ORIANA,KOBIETA,2
NASTIA,KOBIETA,2
