IMIĘ_DRUGIE,PŁEĆ,LICZBA_WYSTĄPIEŃ
JAN,MĘŻCZYZNA,6337
PIOTR,MĘŻCZYZNA,4202
STANISŁAW,MĘŻCZYZNA,2918
KRZYSZTOF,MĘŻCZYZNA,2641
JÓZEF,MĘŻCZYZNA,2574
MICHAŁ,MĘŻCZYZNA,2523
PAWEŁ,MĘŻCZYZNA,2480
ADAM,MĘŻCZYZNA,2050
TOMASZ,MĘŻCZYZNA,2049
ANDRZEJ,MĘŻCZYZNA,2048
JAKUB,MĘŻCZYZNA,1940
FRANCISZEK,MĘŻCZYZNA,1922
ANTONI,MĘŻCZYZNA,1813
ALEKSANDER,MĘŻCZYZNA,1764
ŁUKASZ,MĘŻCZYZNA,1759
MARCIN,MĘŻCZYZNA,1575
MAREK,MĘŻCZYZNA,1553
MATEUSZ,MĘŻCZYZNA,1545
WOJCIECH,MĘŻCZYZNA,1529
JERZY,MĘŻCZYZNA,1286
TADEUSZ,MĘŻCZYZNA,1261
GRZEGORZ,MĘŻCZYZNA,1156
MIKOŁAJ,MĘŻCZYZNA,1117
KAROL,MĘŻCZYZNA,1079
DAWID,MĘŻCZYZNA,1040
SZYMON,MĘŻCZYZNA,1016
HENRYK,MĘŻCZYZNA,945
KAZIMIERZ,MĘŻCZYZNA,930
MACIEJ,MĘŻCZYZNA,927
KAMIL,MĘŻCZYZNA,906
FILIP,MĘŻCZYZNA,834
RAFAŁ,MĘŻCZYZNA,830
RYSZARD,MĘŻCZYZNA,764
ZBIGNIEW,MĘŻCZYZNA,723
ROBERT,MĘŻCZYZNA,718
MAKSYMILIAN,MĘŻCZYZNA,699
WIKTOR,MĘŻCZYZNA,694
KACPER,MĘŻCZYZNA,680
DOMINIK,MĘŻCZYZNA,671
SEBASTIAN,MĘŻCZYZNA,666
DARIUSZ,MĘŻCZYZNA,662
MARIUSZ,MĘŻCZYZNA,647
PATRYK,MĘŻCZYZNA,615
DAMIAN,MĘŻCZYZNA,608
ARTUR,MĘŻCZYZNA,600
JACEK,MĘŻCZYZNA,584
LEON,MĘŻCZYZNA,578
GABRIEL,MĘŻCZYZNA,574
IGNACY,MĘŻCZYZNA,562
DANIEL,MĘŻCZYZNA,547
BARTOSZ,MĘŻCZYZNA,535
ADRIAN,MĘŻCZYZNA,494
WŁADYSŁAW,MĘŻCZYZNA,463
MIROSŁAW,MĘŻCZYZNA,424
ROMAN,MĘŻCZYZNA,399
MARIAN,MĘŻCZYZNA,395
BARTŁOMIEJ,MĘŻCZYZNA,392
EDWARD,MĘŻCZYZNA,390
STEFAN,MĘŻCZYZNA,380
PRZEMYSŁAW,MĘŻCZYZNA,374
JANUSZ,MĘŻCZYZNA,368
SŁAWOMIR,MĘŻCZYZNA,343
ARKADIUSZ,MĘŻCZYZNA,340
JULIAN,MĘŻCZYZNA,334
KRYSTIAN,MĘŻCZYZNA,333
JAROSŁAW,MĘŻCZYZNA,319
MARCEL,MĘŻCZYZNA,307
OLIWIER,MĘŻCZYZNA,298
NIKODEM,MĘŻCZYZNA,296
HUBERT,MĘŻCZYZNA,291
MIŁOSZ,MĘŻCZYZNA,283
LESZEK,MĘŻCZYZNA,282
IGOR,MĘŻCZYZNA,278
KONRAD,MĘŻCZYZNA,276
OSKAR,MĘŻCZYZNA,251
MIECZYSŁAW,MĘŻCZYZNA,250
RADOSŁAW,MĘŻCZYZNA,229
WIESŁAW,MĘŻCZYZNA,228
BOGDAN,MĘŻCZYZNA,225
CZESŁAW,MĘŻCZYZNA,219
ZYGMUNT,MĘŻCZYZNA,207
SYLWESTER,MĘŻCZYZNA,202
KSAWERY,MĘŻCZYZNA,183
WALDEMAR,MĘŻCZYZNA,181
ALAN,MĘŻCZYZNA,178
WITOLD,MĘŻCZYZNA,176
ZDZISŁAW,MĘŻCZYZNA,175
TYMOTEUSZ,MĘŻCZYZNA,159
TYMON,MĘŻCZYZNA,157
BOGUSŁAW,MĘŻCZYZNA,155
FABIAN,MĘŻCZYZNA,151
EMIL,MĘŻCZYZNA,150
FELIKS,MĘŻCZYZNA,140
EUGENIUSZ,MĘŻCZYZNA,136
BŁAŻEJ,MĘŻCZYZNA,134
BRUNO,MĘŻCZYZNA,134
BOLESŁAW,MĘŻCZYZNA,128
NATAN,MĘŻCZYZNA,126
KAJETAN,MĘŻCZYZNA,126
LUDWIK,MĘŻCZYZNA,125
CEZARY,MĘŻCZYZNA,125
ALBERT,MĘŻCZYZNA,122
ERYK,MĘŻCZYZNA,119
OLAF,MĘŻCZYZNA,119
IRENEUSZ,MĘŻCZYZNA,112
FLORIAN,MĘŻCZYZNA,108
SZCZEPAN,MĘŻCZYZNA,107
NORBERT,MĘŻCZYZNA,98
BRONISŁAW,MĘŻCZYZNA,95
TEODOR,MĘŻCZYZNA,92
KONSTANTY,MĘŻCZYZNA,91
BORYS,MĘŻCZYZNA,89
FRYDERYK,MĘŻCZYZNA,88
LUCJAN,MĘŻCZYZNA,88
LECH,MĘŻCZYZNA,86
ZENON,MĘŻCZYZNA,83
WŁODZIMIERZ,MĘŻCZYZNA,82
BERNARD,MĘŻCZYZNA,81
SEWERYN,MĘŻCZYZNA,81
GUSTAW,MĘŻCZYZNA,80
SAMUEL,MĘŻCZYZNA,78
MIESZKO,MĘŻCZYZNA,77
EDMUND,MĘŻCZYZNA,69
TOBIASZ,MĘŻCZYZNA,67
ALEXANDER,MĘŻCZYZNA,67
NATANIEL,MĘŻCZYZNA,66
KORNEL,MĘŻCZYZNA,66
KUBA,MĘŻCZYZNA,66
LEONARD,MĘŻCZYZNA,66
WACŁAW,MĘŻCZYZNA,63
WINCENTY,MĘŻCZYZNA,59
JOACHIM,MĘŻCZYZNA,57
GERARD,MĘŻCZYZNA,56
JULIUSZ,MĘŻCZYZNA,53
GRACJAN,MĘŻCZYZNA,52
REMIGIUSZ,MĘŻCZYZNA,49
ROCH,MĘŻCZYZNA,49
ERNEST,MĘŻCZYZNA,48
JEREMI,MĘŻCZYZNA,48
CYPRIAN,MĘŻCZYZNA,48
MARIA,MĘŻCZYZNA,47
LEO,MĘŻCZYZNA,44
BENEDYKT,MĘŻCZYZNA,43
AUGUSTYN,MĘŻCZYZNA,43
IWO,MĘŻCZYZNA,39
WALENTY,MĘŻCZYZNA,39
BOGUMIŁ,MĘŻCZYZNA,39
MILAN,MĘŻCZYZNA,37
DORIAN,MĘŻCZYZNA,36
BENIAMIN,MĘŻCZYZNA,36
EMANUEL,MĘŻCZYZNA,36
ALEX,MĘŻCZYZNA,34
LEW,MĘŻCZYZNA,34
OLIVIER,MĘŻCZYZNA,34
DAVID,MĘŻCZYZNA,32
ALFRED,MĘŻCZYZNA,31
ALOJZY,MĘŻCZYZNA,30
ALEKS,MĘŻCZYZNA,29
AMADEUSZ,MĘŻCZYZNA,29
MAURYCY,MĘŻCZYZNA,29
WILHELM,MĘŻCZYZNA,28
ALEKSY,MĘŻCZYZNA,28
KORDIAN,MĘŻCZYZNA,28
KOSMA,MĘŻCZYZNA,27
MARCELI,MĘŻCZYZNA,27
JĘDRZEJ,MĘŻCZYZNA,27
LESŁAW,MĘŻCZYZNA,26
WIT,MĘŻCZYZNA,26
BOŻYDAR,MĘŻCZYZNA,25
HUGO,MĘŻCZYZNA,25
OLGIERD,MĘŻCZYZNA,25
TYTUS,MĘŻCZYZNA,24
LEOPOLD,MĘŻCZYZNA,24
AUGUST,MĘŻCZYZNA,24
BRAJAN,MĘŻCZYZNA,24
GNIEWKO,MĘŻCZYZNA,23
ROMUALD,MĘŻCZYZNA,23
ERWIN,MĘŻCZYZNA,20
MAKSYM,MĘŻCZYZNA,20
HIERONIM,MĘŻCZYZNA,20
JEREMIASZ,MĘŻCZYZNA,20
MICHAEL,MĘŻCZYZNA,19
WAWRZYNIEC,MĘŻCZYZNA,19
ARON,MĘŻCZYZNA,18
MAX,MĘŻCZYZNA,18
EMILIAN,MĘŻCZYZNA,18
OKTAWIAN,MĘŻCZYZNA,18
ELIASZ,MĘŻCZYZNA,18
VINCENT,MĘŻCZYZNA,18
ARIEL,MĘŻCZYZNA,17
GNIEWOMIR,MĘŻCZYZNA,17
KLAUDIUSZ,MĘŻCZYZNA,17
TEOFIL,MĘŻCZYZNA,16
JOSEPH,MĘŻCZYZNA,16
KLEMENS,MĘŻCZYZNA,16
-,MĘŻCZYZNA,16
DENIS,MĘŻCZYZNA,15
WILLIAM,MĘŻCZYZNA,15
BRUNON,MĘŻCZYZNA,14
DOBROMIR,MĘŻCZYZNA,14
IZYDOR,MĘŻCZYZNA,14
JAMES,MĘŻCZYZNA,14
MAXIMILIAN,MĘŻCZYZNA,14
JOHN,MĘŻCZYZNA,14
ALI,MĘŻCZYZNA,13
CYRYL,MĘŻCZYZNA,13
RAJMUND,MĘŻCZYZNA,13
PETER,MĘŻCZYZNA,13
JOZEF,MĘŻCZYZNA,13
ANTHONY,MĘŻCZYZNA,13
ANATOL,MĘŻCZYZNA,13
MARTIN,MĘŻCZYZNA,13
STANISLAW,MĘŻCZYZNA,12
THOMAS,MĘŻCZYZNA,12
WINCENT,MĘŻCZYZNA,12
RUDOLF,MĘŻCZYZNA,12
KEVIN,MĘŻCZYZNA,12
JONATAN,MĘŻCZYZNA,12
LONGIN,MĘŻCZYZNA,12
GERALT,MĘŻCZYZNA,12
HENRY,MĘŻCZYZNA,12
ZIEMOWIT,MĘŻCZYZNA,11
KRZESIMIR,MĘŻCZYZNA,11
ARNOLD,MĘŻCZYZNA,11
FELICJAN,MĘŻCZYZNA,11
ANTONIO,MĘŻCZYZNA,11
AARON,MĘŻCZYZNA,10
EDWIN,MĘŻCZYZNA,10
WENANTY,MĘŻCZYZNA,10
NOE,MĘŻCZYZNA,10
MAKS,MĘŻCZYZNA,10
JONASZ,MĘŻCZYZNA,10
KRYSPIN,MĘŻCZYZNA,10
KASJAN,MĘŻCZYZNA,10
BENJAMIN,MĘŻCZYZNA,10
NOEL,MĘŻCZYZNA,10
TYBERIUSZ,MĘŻCZYZNA,10
PAUL,MĘŻCZYZNA,9
ZACHARY,MĘŻCZYZNA,9
CHARBEL,MĘŻCZYZNA,9
ALBIN,MĘŻCZYZNA,9
SERGIUSZ,MĘŻCZYZNA,9
GEORGE,MĘŻCZYZNA,9
LEONARDO,MĘŻCZYZNA,9
DIONIZY,MĘŻCZYZNA,9
JACOB,MĘŻCZYZNA,9
KORNELIUSZ,MĘŻCZYZNA,9
ERIC,MĘŻCZYZNA,8
SERAFIN,MĘŻCZYZNA,8
IWAN,MĘŻCZYZNA,8
LIAM,MĘŻCZYZNA,8
WALERIAN,MĘŻCZYZNA,8
JAROMIR,MĘŻCZYZNA,8
NOAH,MĘŻCZYZNA,8
BARTEK,MĘŻCZYZNA,8
OLIVER,MĘŻCZYZNA,8
JORDAN,MĘŻCZYZNA,8
ARTHUR,MĘŻCZYZNA,8
PAWEL,MĘŻCZYZNA,8
BAZYLI,MĘŻCZYZNA,8
RAFAEL,MĘŻCZYZNA,8
VICTOR,MĘŻCZYZNA,8
LUIS,MĘŻCZYZNA,7
KSAWIER,MĘŻCZYZNA,7
ROLAND,MĘŻCZYZNA,7
MICHAL,MĘŻCZYZNA,7
LUBOMIR,MĘŻCZYZNA,7
JUSTYN,MĘŻCZYZNA,7
RADOMIR,MĘŻCZYZNA,7
ELIGIUSZ,MĘŻCZYZNA,7
ZACHARIASZ,MĘŻCZYZNA,7
TYCJAN,MĘŻCZYZNA,7
MATTHEW,MĘŻCZYZNA,7
IAN,MĘŻCZYZNA,7
FELIX,MĘŻCZYZNA,7
PATRYCJUSZ,MĘŻCZYZNA,7
AMBROŻY,MĘŻCZYZNA,7
EMRE,MĘŻCZYZNA,6
CHRISTIAN,MĘŻCZYZNA,6
SAMBOR,MĘŻCZYZNA,6
PIO,MĘŻCZYZNA,6
DIEGO,MĘŻCZYZNA,6
LUCAS,MĘŻCZYZNA,6
NIKOLAS,MĘŻCZYZNA,6
LOUIS,MĘŻCZYZNA,6
GNIEWOSZ,MĘŻCZYZNA,6
LUKAS,MĘŻCZYZNA,6
OREST,MĘŻCZYZNA,6
FERDYNAND,MĘŻCZYZNA,6
ENZO,MĘŻCZYZNA,6
WERNER,MĘŻCZYZNA,6
PATRICK,MĘŻCZYZNA,6
HEKTOR,MĘŻCZYZNA,6
MIRON,MĘŻCZYZNA,6
AURELIUSZ,MĘŻCZYZNA,6
IZAAK,MĘŻCZYZNA,6
KAI,MĘŻCZYZNA,6
NATHAN,MĘŻCZYZNA,6
FRANK,MĘŻCZYZNA,6
ZYGFRYD,MĘŻCZYZNA,6
MARKUS,MĘŻCZYZNA,6
EDGAR,MĘŻCZYZNA,6
FRANCIS,MĘŻCZYZNA,5
HERBERT,MĘŻCZYZNA,5
ZAWISZA,MĘŻCZYZNA,5
LUDWIG,MĘŻCZYZNA,5
ELIAS,MĘŻCZYZNA,5
DYLAN,MĘŻCZYZNA,5
RICHARD,MĘŻCZYZNA,5
VIKTOR,MĘŻCZYZNA,5
PABLO,MĘŻCZYZNA,5
IVO,MĘŻCZYZNA,5
IVAN,MĘŻCZYZNA,5
JAREMA,MĘŻCZYZNA,5
MAKARY,MĘŻCZYZNA,5
MIGUEL,MĘŻCZYZNA,5
SANTIAGO,MĘŻCZYZNA,5
LUKE,MĘŻCZYZNA,5
COLIN,MĘŻCZYZNA,5
FRANEK,MĘŻCZYZNA,5
ROGER,MĘŻCZYZNA,5
PIUS,MĘŻCZYZNA,5
ABRAHAM,MĘŻCZYZNA,5
BARNABA,MĘŻCZYZNA,5
PHILIP,MĘŻCZYZNA,5
OLEG,MĘŻCZYZNA,5
CHRISTOPHER,MĘŻCZYZNA,5
MARCUS,MĘŻCZYZNA,5
KILIAN,MĘŻCZYZNA,5
KASPER,MĘŻCZYZNA,5
GILBERT,MĘŻCZYZNA,5
ERIK,MĘŻCZYZNA,5
CARLOS,MĘŻCZYZNA,5
AHMED,MĘŻCZYZNA,5
LUCA,MĘŻCZYZNA,5
IDZI,MĘŻCZYZNA,5
BASTIAN,MĘŻCZYZNA,4
WALERY,MĘŻCZYZNA,4
ANDREW,MĘŻCZYZNA,4
ARTEM,MĘŻCZYZNA,4
JOSHUA,MĘŻCZYZNA,4
ARMIN,MĘŻCZYZNA,4
ANGELO,MĘŻCZYZNA,4
LECHOSŁAW,MĘŻCZYZNA,4
SINGH,MĘŻCZYZNA,4
JUNIOR,MĘŻCZYZNA,4
RADZIMIR,MĘŻCZYZNA,4
APOLINARY,MĘŻCZYZNA,4
MICHEL,MĘŻCZYZNA,4
NICOLAS,MĘŻCZYZNA,4
JACENTY,MĘŻCZYZNA,4
WINICJUSZ,MĘŻCZYZNA,4
AXEL,MĘŻCZYZNA,4
KASPIAN,MĘŻCZYZNA,4
OLIWER,MĘŻCZYZNA,4
GAWEŁ,MĘŻCZYZNA,4
NICHOLAS,MĘŻCZYZNA,4
IBRAHIM,MĘŻCZYZNA,4
MATTEO,MĘŻCZYZNA,4
BONAWENTURA,MĘŻCZYZNA,4
BOHDAN,MĘŻCZYZNA,4
MAXYMILIAN,MĘŻCZYZNA,4
WALTER,MĘŻCZYZNA,4
LUCJUSZ,MĘŻCZYZNA,4
FILIPE,MĘŻCZYZNA,4
GINTER,MĘŻCZYZNA,4
EUZEBIUSZ,MĘŻCZYZNA,4
XAVIER,MĘŻCZYZNA,4
EMIR,MĘŻCZYZNA,4
DENNIS,MĘŻCZYZNA,4
ANASTAZY,MĘŻCZYZNA,4
ETHAN,MĘŻCZYZNA,4
AMIR,MĘŻCZYZNA,4
KRYSTYN,MĘŻCZYZNA,4
MAGNUS,MĘŻCZYZNA,4
MELCHIOR,MĘŻCZYZNA,4
OSCAR,MĘŻCZYZNA,4
JOEL,MĘŻCZYZNA,4
ANDREAS,MĘŻCZYZNA,4
RAGNAR,MĘŻCZYZNA,4
BRAYAN,MĘŻCZYZNA,4
JOSEF,MĘŻCZYZNA,4
KEWIN,MĘŻCZYZNA,4
RONALD,MĘŻCZYZNA,3
JOHANNES,MĘŻCZYZNA,3
MARK,MĘŻCZYZNA,3
AKSEL,MĘŻCZYZNA,3
MIROSLAW,MĘŻCZYZNA,3
MANUEL,MĘŻCZYZNA,3
BONIFACY,MĘŻCZYZNA,3
ATANAZY,MĘŻCZYZNA,3
JACK,MĘŻCZYZNA,3
LEVI,MĘŻCZYZNA,3
RAPHAEL,MĘŻCZYZNA,3
MOHAMED,MĘŻCZYZNA,3
JEAN,MĘŻCZYZNA,3
JAKOB,MĘŻCZYZNA,3
EGON,MĘŻCZYZNA,3
ALAIN,MĘŻCZYZNA,3
ISAAC,MĘŻCZYZNA,3
NEIL,MĘŻCZYZNA,3
MAXIMUS,MĘŻCZYZNA,3
NATHANIEL,MĘŻCZYZNA,3
ŁUCJAN,MĘŻCZYZNA,3
KONSTANTYN,MĘŻCZYZNA,3
JONAS,MĘŻCZYZNA,3
SELIM,MĘŻCZYZNA,3
EREN,MĘŻCZYZNA,3
STANLEY,MĘŻCZYZNA,3
MUSTAFA,MĘŻCZYZNA,3
OTTO,MĘŻCZYZNA,3
RYAN,MĘŻCZYZNA,3
FREDERICK,MĘŻCZYZNA,3
CHARLES,MĘŻCZYZNA,3
TEO,MĘŻCZYZNA,3
ALBERTO,MĘŻCZYZNA,3
LEV,MĘŻCZYZNA,3
JOSÉ,MĘŻCZYZNA,3
NATANAEL,MĘŻCZYZNA,3
LEE,MĘŻCZYZNA,3
CAN,MĘŻCZYZNA,3
HARRY,MĘŻCZYZNA,3
JONATHAN,MĘŻCZYZNA,3
EFE,MĘŻCZYZNA,3
ANIOŁ,MĘŻCZYZNA,3
BRAK DANYCH,MĘŻCZYZNA,3
LEONIDAS,MĘŻCZYZNA,3
NORMAN,MĘŻCZYZNA,3
DAREK,MĘŻCZYZNA,3
DRAGOMIR,MĘŻCZYZNA,3
OLEKSANDR,MĘŻCZYZNA,3
LOGAN,MĘŻCZYZNA,3
TOM,MĘŻCZYZNA,3
ANDRANIK,MĘŻCZYZNA,3
HERMAN,MĘŻCZYZNA,3
STEPHEN,MĘŻCZYZNA,3
ANDRÉ,MĘŻCZYZNA,3
ELLIOT,MĘŻCZYZNA,3
CEZAR,MĘŻCZYZNA,3
KURT,MĘŻCZYZNA,3
JURAND,MĘŻCZYZNA,3
LUIGI,MĘŻCZYZNA,3
AYRTON,MĘŻCZYZNA,2
URSUS,MĘŻCZYZNA,2
BENON,MĘŻCZYZNA,2
EUGEN,MĘŻCZYZNA,2
ELYAS,MĘŻCZYZNA,2
MAXIMILLIAN,MĘŻCZYZNA,2
DOMINIC,MĘŻCZYZNA,2
MILO,MĘŻCZYZNA,2
JANUARY,MĘŻCZYZNA,2
PAVLO,MĘŻCZYZNA,2
CONOR,MĘŻCZYZNA,2
GERHARD,MĘŻCZYZNA,2
FERNANDO,MĘŻCZYZNA,2
TOMAS,MĘŻCZYZNA,2
YUVRAJ,MĘŻCZYZNA,2
LLOYD,MĘŻCZYZNA,2
EZE,MĘŻCZYZNA,2
DONAT,MĘŻCZYZNA,2
WOŁODYMYR,MĘŻCZYZNA,2
GROMOSŁAW,MĘŻCZYZNA,2
PEDRO,MĘŻCZYZNA,2
LARS,MĘŻCZYZNA,2
CHRYSTIAN,MĘŻCZYZNA,2
THEODORE,MĘŻCZYZNA,2
KHANG,MĘŻCZYZNA,2
LEWI,MĘŻCZYZNA,2
MILOUD,MĘŻCZYZNA,2
ANTEK,MĘŻCZYZNA,2
VITALI,MĘŻCZYZNA,2
ZENOBIUSZ,MĘŻCZYZNA,2
URIEL,MĘŻCZYZNA,2
NOAM,MĘŻCZYZNA,2
SALVADOR,MĘŻCZYZNA,2
ORION,MĘŻCZYZNA,2
LUÍS,MĘŻCZYZNA,2
MOHAMMAD,MĘŻCZYZNA,2
HUNTER,MĘŻCZYZNA,2
OCTAVIAN,MĘŻCZYZNA,2
ANTONIUSZ,MĘŻCZYZNA,2
MIKE,MĘŻCZYZNA,2
SZARBEL,MĘŻCZYZNA,2
LIONEL,MĘŻCZYZNA,2
ARKADY,MĘŻCZYZNA,2
MERT,MĘŻCZYZNA,2
RUBEN,MĘŻCZYZNA,2
EWALD,MĘŻCZYZNA,2
SOBIESŁAW,MĘŻCZYZNA,2
MILES,MĘŻCZYZNA,2
LUKA,MĘŻCZYZNA,2
SZCZĘSNY,MĘŻCZYZNA,2
DUC AN,MĘŻCZYZNA,2
ADI,MĘŻCZYZNA,2
JASPER,MĘŻCZYZNA,2
LESTEK,MĘŻCZYZNA,2
WIESLAW,MĘŻCZYZNA,2
KRISTIAN,MĘŻCZYZNA,2
LUKASZ,MĘŻCZYZNA,2
WALID,MĘŻCZYZNA,2
MEDARD,MĘŻCZYZNA,2
UMUT,MĘŻCZYZNA,2
FINN,MĘŻCZYZNA,2
DASTIN,MĘŻCZYZNA,2
TORBJÖRN,MĘŻCZYZNA,2
VALENTINO,MĘŻCZYZNA,2
ROBERTO,MĘŻCZYZNA,2
THORGAL,MĘŻCZYZNA,2
METODY,MĘŻCZYZNA,2
BALTAZAR,MĘŻCZYZNA,2
EMMANUEL,MĘŻCZYZNA,2
BRYAN,MĘŻCZYZNA,2
YAKAP,MĘŻCZYZNA,2
YUSUF,MĘŻCZYZNA,2
OKTAWIUSZ,MĘŻCZYZNA,2
GERALD,MĘŻCZYZNA,2
MATTI,MĘŻCZYZNA,2
XAWERY,MĘŻCZYZNA,2
ANDERS,MĘŻCZYZNA,2
NIKOLA,MĘŻCZYZNA,2
CHRISTOPHE,MĘŻCZYZNA,2
MARIE,MĘŻCZYZNA,2
JANIS,MĘŻCZYZNA,2
ELVIS,MĘŻCZYZNA,2
LAM,MĘŻCZYZNA,2
ADRIANO,MĘŻCZYZNA,2
IONUT,MĘŻCZYZNA,2
NIKO,MĘŻCZYZNA,2
REHAN,MĘŻCZYZNA,2
BRIAN,MĘŻCZYZNA,2
EVAN,MĘŻCZYZNA,2
SAUL,MĘŻCZYZNA,2
JULIUS,MĘŻCZYZNA,2
XINCHEN,MĘŻCZYZNA,2
MARTYN,MĘŻCZYZNA,2
MARCO,MĘŻCZYZNA,2
GABOR,MĘŻCZYZNA,2
KARL,MĘŻCZYZNA,2
ROBIN,MĘŻCZYZNA,2
THEO,MĘŻCZYZNA,2
KASJUSZ,MĘŻCZYZNA,2
NAM,MĘŻCZYZNA,2
MATVII,MĘŻCZYZNA,2
ALEXANDRE,MĘŻCZYZNA,2
WILKOMIR,MĘŻCZYZNA,2
LAURENCE,MĘŻCZYZNA,2
LUCIEN,MĘŻCZYZNA,2
LAURENT,MĘŻCZYZNA,2
NARCYZ,MĘŻCZYZNA,2
STEFANO,MĘŻCZYZNA,2
ALİ,MĘŻCZYZNA,2
ANH,MĘŻCZYZNA,2
NICO,MĘŻCZYZNA,2
DENİZ,MĘŻCZYZNA,2
KARIM,MĘŻCZYZNA,2
TARSYCJUSZ,MĘŻCZYZNA,2
GEORG,MĘŻCZYZNA,2
ROMEO,MĘŻCZYZNA,2
NABIL,MĘŻCZYZNA,2
BOLKO,MĘŻCZYZNA,2
MAXIM,MĘŻCZYZNA,2
CONSTANTIN,MĘŻCZYZNA,2
MIREK,MĘŻCZYZNA,2
APOLONIUSZ,MĘŻCZYZNA,2
ALEXANDRU,MĘŻCZYZNA,2
AAYAN,MĘŻCZYZNA,2
NIKOLAEV,MĘŻCZYZNA,2
ANGELOV,MĘŻCZYZNA,2
JUDA,MĘŻCZYZNA,2
HOMER,MĘŻCZYZNA,2
JASON,MĘŻCZYZNA,2
WENANCJUSZ,MĘŻCZYZNA,2
OLAV,MĘŻCZYZNA,2
KRISTOF,MĘŻCZYZNA,2
MINH,MĘŻCZYZNA,2
DANTE,MĘŻCZYZNA,2
DOBIESŁAW,MĘŻCZYZNA,2
OLEK,MĘŻCZYZNA,2
AHMAD,MĘŻCZYZNA,2
HENRIK,MĘŻCZYZNA,2
CRISTIAN,MĘŻCZYZNA,2
VASILE,MĘŻCZYZNA,2
KARZAN,MĘŻCZYZNA,2
MODEST,MĘŻCZYZNA,2
ANDRII,MĘŻCZYZNA,2
AMOS,MĘŻCZYZNA,2
STANISLAS,MĘŻCZYZNA,2
STEFANOV,MĘŻCZYZNA,2
